{
	"credit": "Made with Blockbench",
	"textures": {
		"2": "block/anvil",
		"3": "block/oak_planks",
		"4": "block/iron_block",
		"particle": "./block/anvil"
	},
	"elements": [
		{
			"from": [8, 6, 7],
			"to": [9, 20.5, 8],
			"faces": {
				"north": {"uv": [0, 0, 1, 14.5], "texture": "#3"},
				"east": {"uv": [0, 0, 1, 14.5], "texture": "#3"},
				"south": {"uv": [15, 1, 16, 15], "texture": "#3"},
				"west": {"uv": [0, 0, 1, 14.5], "texture": "#3"},
				"up": {"uv": [0, 0, 1, 1], "texture": "#3"},
				"down": {"uv": [0, 0, 1, 1], "texture": "#3"}
			}
		},
		{
			"from": [7.75, 3, 6.75],
			"to": [9.25, 7, 8.25],
			"faces": {
				"north": {"uv": [0, 0, 1.5, 4], "texture": "#2"},
				"east": {"uv": [0, 0, 1.5, 4], "texture": "#2"},
				"south": {"uv": [0, 0, 1.5, 4], "texture": "#2"},
				"west": {"uv": [0, 0, 1.5, 4], "texture": "#2"},
				"up": {"uv": [0, 0, 1.5, 1.5], "texture": "#2"},
				"down": {"uv": [0, 0, 1.5, 1.5], "texture": "#2"}
			}
		},
		{
			"from": [6.75, 19, 6.75],
			"to": [10.25, 25, 8.25],
			"faces": {
				"north": {"uv": [0, 0, 3.5, 4], "texture": "#2"},
				"east": {"uv": [0, 0, 1.5, 4], "texture": "#2"},
				"south": {"uv": [5, 3, 8.5, 7], "texture": "#2"},
				"west": {"uv": [0, 0, 1.5, 4], "texture": "#2"},
				"up": {"uv": [0, 0, 3.5, 1.5], "texture": "#2"},
				"down": {"uv": [0, 0, 3.5, 1.5], "texture": "#2"}
			}
		},
		{
			"from": [8, 23.25, 6.5],
			"to": [9, 24.25, 8.5],
			"faces": {
				"north": {"uv": [0, 0, 3.5, 4], "texture": "#2"},
				"east": {"uv": [0, 0, 1.5, 4], "texture": "#2"},
				"south": {"uv": [5, 3, 8.5, 7], "texture": "#2"},
				"west": {"uv": [0, 0, 1.5, 4], "texture": "#2"},
				"up": {"uv": [0, 0, 3.5, 1.5], "texture": "#2"},
				"down": {"uv": [0, 0, 3.5, 1.5], "texture": "#2"}
			}
		},
		{
			"from": [8, 21.5, 6.5],
			"to": [9, 22.5, 8.5],
			"faces": {
				"north": {"uv": [0, 0, 3.5, 4], "texture": "#2"},
				"east": {"uv": [0, 0, 1.5, 4], "texture": "#2"},
				"south": {"uv": [5, 3, 8.5, 7], "texture": "#2"},
				"west": {"uv": [0, 0, 1.5, 4], "texture": "#2"},
				"up": {"uv": [0, 0, 3.5, 1.5], "texture": "#2"},
				"down": {"uv": [0, 0, 3.5, 1.5], "texture": "#2"}
			}
		},
		{
			"from": [8, 19.75, 6.5],
			"to": [9, 20.75, 8.5],
			"faces": {
				"north": {"uv": [0, 0, 3.5, 4], "texture": "#2"},
				"east": {"uv": [0, 0, 1.5, 4], "texture": "#2"},
				"south": {"uv": [5, 3, 8.5, 7], "texture": "#2"},
				"west": {"uv": [0, 0, 1.5, 4], "texture": "#2"},
				"up": {"uv": [0, 0, 3.5, 1.5], "texture": "#2"},
				"down": {"uv": [0, 0, 3.5, 1.5], "texture": "#2"}
			}
		},
		{
			"from": [9, 21.25, 7],
			"to": [10, 22.75, 8],
			"rotation": {"angle": 0, "axis": "y", "origin": [16, 0, 0]},
			"faces": {
				"north": {"uv": [3.5, 0, 0, 4], "texture": "#4"},
				"east": {"uv": [1.5, 0, 0, 4], "texture": "#4"},
				"south": {"uv": [8.5, 3, 5, 7], "texture": "#4"},
				"west": {"uv": [1.5, 0, 0, 4], "texture": "#4"},
				"up": {"uv": [3.5, 0, 0, 1.5], "texture": "#4"},
				"down": {"uv": [3.5, 0, 0, 1.5], "texture": "#4"}
			}
		},
		{
			"from": [1.6, 26.675, 7],
			"to": [2.625, 31.125, 8],
			"rotation": {"angle": 0, "axis": "y", "origin": [1, 0, 0]},
			"faces": {
				"north": {"uv": [0, 0, 3.5, 4], "texture": "#4"},
				"east": {"uv": [0, 0, 1.5, 4], "texture": "#4"},
				"south": {"uv": [5, 3, 8.5, 7], "texture": "#4"},
				"west": {"uv": [0, 0, 1.5, 4], "texture": "#4"},
				"up": {"uv": [0, 0, 3.5, 1.5], "texture": "#4"},
				"down": {"uv": [0, 0, 3.5, 1.5], "texture": "#4"}
			}
		},
		{
			"from": [1.6, 23.325, 7],
			"to": [2.625, 26.825, 8],
			"rotation": {"angle": 0, "axis": "y", "origin": [1, 0, 0]},
			"faces": {
				"north": {"uv": [0, 0, 3.5, 4], "texture": "#4"},
				"east": {"uv": [0, 0, 1.5, 4], "texture": "#4"},
				"south": {"uv": [5, 3, 8.5, 7], "texture": "#4"},
				"west": {"uv": [0, 0, 1.5, 4], "texture": "#4"},
				"up": {"uv": [0, 0, 3.5, 1.5], "texture": "#4"},
				"down": {"uv": [0, 0, 3.5, 1.5], "texture": "#4"}
			}
		},
		{
			"from": [13.5, 19.9, 7],
			"to": [14.5, 28.55, 8],
			"rotation": {"angle": 22.5, "axis": "z", "origin": [1, 0, 0]},
			"faces": {
				"north": {"uv": [0, 0, 3.5, 4], "texture": "#4"},
				"east": {"uv": [0, 0, 1.5, 4], "texture": "#4"},
				"south": {"uv": [5, 3, 8.5, 7], "texture": "#4"},
				"west": {"uv": [0, 0, 1.5, 4], "texture": "#4"},
				"up": {"uv": [0, 0, 3.5, 1.5], "texture": "#4"},
				"down": {"uv": [0, 0, 3.5, 1.5], "texture": "#4"}
			}
		},
		{
			"from": [10.5, 17.9, 7],
			"to": [11.5, 21.4, 8],
			"rotation": {"angle": 22.5, "axis": "z", "origin": [1, 0, 0]},
			"faces": {
				"north": {"uv": [0, 0, 3.5, 4], "texture": "#4"},
				"east": {"uv": [0, 0, 1.5, 4], "texture": "#4"},
				"south": {"uv": [5, 3, 8.5, 7], "texture": "#4"},
				"west": {"uv": [0, 0, 1.5, 4], "texture": "#4"},
				"up": {"uv": [0, 0, 3.5, 1.5], "texture": "#4"},
				"down": {"uv": [0, 0, 3.5, 1.5], "texture": "#4"}
			}
		},
		{
			"from": [10.5, 14.9, 7],
			"to": [11.5, 18.4, 8],
			"rotation": {"angle": 22.5, "axis": "z", "origin": [1, 0, 0]},
			"faces": {
				"north": {"uv": [0, 0, 3.5, 4], "texture": "#4"},
				"east": {"uv": [0, 0, 1.5, 4], "texture": "#4"},
				"south": {"uv": [5, 3, 8.5, 7], "texture": "#4"},
				"west": {"uv": [0, 0, 1.5, 4], "texture": "#4"},
				"up": {"uv": [0, 0, 3.5, 1.5], "texture": "#4"},
				"down": {"uv": [0, 0, 3.5, 1.5], "texture": "#4"}
			}
		},
		{
			"from": [4, 17.75, 7],
			"to": [5, 21.25, 8],
			"rotation": {"angle": 0, "axis": "y", "origin": [1, 0, 0]},
			"faces": {
				"north": {"uv": [0, 0, 3.5, 4], "texture": "#4"},
				"east": {"uv": [0, 0, 1.5, 4], "texture": "#4"},
				"south": {"uv": [5, 3, 8.5, 7], "texture": "#4"},
				"west": {"uv": [0, 0, 1.5, 4], "texture": "#4"},
				"up": {"uv": [0, 0, 3.5, 1.5], "texture": "#4"},
				"down": {"uv": [0, 0, 3.5, 1.5], "texture": "#4"}
			}
		},
		{
			"from": [2.5, 25.5, 7.25],
			"to": [3.5, 28.925, 7.75],
			"rotation": {"angle": 0, "axis": "y", "origin": [1, 0, 0]},
			"faces": {
				"north": {"uv": [0, 0, 3.5, 4], "texture": "#4"},
				"east": {"uv": [0, 0, 1.5, 4], "texture": "#4"},
				"south": {"uv": [5, 3, 8.5, 7], "texture": "#4"},
				"west": {"uv": [0, 0, 1.5, 4], "texture": "#4"},
				"up": {"uv": [0, 0, 3.5, 1.5], "texture": "#4"},
				"down": {"uv": [0, 0, 3.5, 1.5], "texture": "#4"}
			}
		},
		{
			"from": [3.5, 19.5, 7.25],
			"to": [4.5, 22.925, 7.75],
			"rotation": {"angle": 0, "axis": "y", "origin": [1, 0, 0]},
			"faces": {
				"north": {"uv": [0, 0, 3.5, 4], "texture": "#4"},
				"east": {"uv": [0, 0, 1.5, 4], "texture": "#4"},
				"south": {"uv": [5, 3, 8.5, 7], "texture": "#4"},
				"west": {"uv": [0, 0, 1.5, 4], "texture": "#4"},
				"up": {"uv": [0, 0, 3.5, 1.5], "texture": "#4"},
				"down": {"uv": [0, 0, 3.5, 1.5], "texture": "#4"}
			}
		},
		{
			"from": [2.5, 21.5, 7.25],
			"to": [4.5, 26.675, 7.75],
			"rotation": {"angle": 0, "axis": "y", "origin": [1, 0, 0]},
			"faces": {
				"north": {"uv": [0, 0, 3.5, 4], "texture": "#4"},
				"east": {"uv": [0, 0, 1.5, 4], "texture": "#4"},
				"south": {"uv": [5, 3, 8.5, 7], "texture": "#4"},
				"west": {"uv": [0, 0, 1.5, 4], "texture": "#4"},
				"up": {"uv": [0, 0, 3.5, 1.5], "texture": "#4"},
				"down": {"uv": [0, 0, 3.5, 1.5], "texture": "#4"}
			}
		},
		{
			"from": [4, 22.75, 7],
			"to": [8, 24.175, 8],
			"rotation": {"angle": 0, "axis": "y", "origin": [1, 0, 0]},
			"faces": {
				"north": {"uv": [0, 0, 3.5, 4], "texture": "#4"},
				"east": {"uv": [0, 0, 1.5, 4], "texture": "#4"},
				"south": {"uv": [5, 3, 8.5, 7], "texture": "#4"},
				"west": {"uv": [0, 0, 1.5, 4], "texture": "#4"},
				"up": {"uv": [0, 0, 3.5, 1.5], "texture": "#4"},
				"down": {"uv": [0, 0, 3.5, 1.5], "texture": "#4"}
			}
		},
		{
			"from": [4, 21.25, 7],
			"to": [7, 22.75, 8],
			"rotation": {"angle": 0, "axis": "y", "origin": [1, 0, 0]},
			"faces": {
				"north": {"uv": [0, 0, 3.5, 4], "texture": "#4"},
				"east": {"uv": [0, 0, 1.5, 4], "texture": "#4"},
				"south": {"uv": [5, 3, 8.5, 7], "texture": "#4"},
				"west": {"uv": [0, 0, 1.5, 4], "texture": "#4"},
				"up": {"uv": [0, 0, 3.5, 1.5], "texture": "#4"},
				"down": {"uv": [0, 0, 3.5, 1.5], "texture": "#4"}
			}
		},
		{
			"from": [7, 21.25, 7],
			"to": [8, 22.75, 8],
			"rotation": {"angle": 0, "axis": "y", "origin": [1, 0, 0]},
			"faces": {
				"north": {"uv": [0, 0, 3.5, 4], "texture": "#4"},
				"east": {"uv": [0, 0, 1.5, 4], "texture": "#4"},
				"south": {"uv": [5, 3, 8.5, 7], "texture": "#4"},
				"west": {"uv": [0, 0, 1.5, 4], "texture": "#4"},
				"up": {"uv": [0, 0, 3.5, 1.5], "texture": "#4"},
				"down": {"uv": [0, 0, 3.5, 1.5], "texture": "#4"}
			}
		},
		{
			"from": [10, 21.25, 7],
			"to": [13, 22.75, 8],
			"rotation": {"angle": 0, "axis": "y", "origin": [16, 0, 0]},
			"faces": {
				"north": {"uv": [3.5, 0, 0, 4], "texture": "#4"},
				"east": {"uv": [1.5, 0, 0, 4], "texture": "#4"},
				"south": {"uv": [8.5, 3, 5, 7], "texture": "#4"},
				"west": {"uv": [1.5, 0, 0, 4], "texture": "#4"},
				"up": {"uv": [3.5, 0, 0, 1.5], "texture": "#4"},
				"down": {"uv": [3.5, 0, 0, 1.5], "texture": "#4"}
			}
		},
		{
			"from": [9, 22.75, 7],
			"to": [13, 24.175, 8],
			"rotation": {"angle": 0, "axis": "y", "origin": [16, 0, 0]},
			"faces": {
				"north": {"uv": [3.5, 0, 0, 4], "texture": "#4"},
				"east": {"uv": [1.5, 0, 0, 4], "texture": "#4"},
				"south": {"uv": [8.5, 3, 5, 7], "texture": "#4"},
				"west": {"uv": [1.5, 0, 0, 4], "texture": "#4"},
				"up": {"uv": [3.5, 0, 0, 1.5], "texture": "#4"},
				"down": {"uv": [3.5, 0, 0, 1.5], "texture": "#4"}
			}
		},
		{
			"from": [12.5, 21.5, 7.25],
			"to": [14.5, 26.675, 7.75],
			"rotation": {"angle": 0, "axis": "y", "origin": [16, 0, 0]},
			"faces": {
				"north": {"uv": [3.5, 0, 0, 4], "texture": "#4"},
				"east": {"uv": [1.5, 0, 0, 4], "texture": "#4"},
				"south": {"uv": [8.5, 3, 5, 7], "texture": "#4"},
				"west": {"uv": [1.5, 0, 0, 4], "texture": "#4"},
				"up": {"uv": [3.5, 0, 0, 1.5], "texture": "#4"},
				"down": {"uv": [3.5, 0, 0, 1.5], "texture": "#4"}
			}
		},
		{
			"from": [12.5, 19.5, 7.25],
			"to": [13.5, 22.925, 7.75],
			"rotation": {"angle": 0, "axis": "y", "origin": [16, 0, 0]},
			"faces": {
				"north": {"uv": [3.5, 0, 0, 4], "texture": "#4"},
				"east": {"uv": [1.5, 0, 0, 4], "texture": "#4"},
				"south": {"uv": [8.5, 3, 5, 7], "texture": "#4"},
				"west": {"uv": [1.5, 0, 0, 4], "texture": "#4"},
				"up": {"uv": [3.5, 0, 0, 1.5], "texture": "#4"},
				"down": {"uv": [3.5, 0, 0, 1.5], "texture": "#4"}
			}
		},
		{
			"from": [13.5, 25.5, 7.25],
			"to": [14.5, 28.925, 7.75],
			"rotation": {"angle": 0, "axis": "y", "origin": [16, 0, 0]},
			"faces": {
				"north": {"uv": [3.5, 0, 0, 4], "texture": "#4"},
				"east": {"uv": [1.5, 0, 0, 4], "texture": "#4"},
				"south": {"uv": [8.5, 3, 5, 7], "texture": "#4"},
				"west": {"uv": [1.5, 0, 0, 4], "texture": "#4"},
				"up": {"uv": [3.5, 0, 0, 1.5], "texture": "#4"},
				"down": {"uv": [3.5, 0, 0, 1.5], "texture": "#4"}
			}
		},
		{
			"from": [12, 17.75, 7],
			"to": [13, 21.25, 8],
			"rotation": {"angle": 0, "axis": "z", "origin": [16, 0, 0]},
			"faces": {
				"north": {"uv": [3.5, 0, 0, 4], "texture": "#4"},
				"east": {"uv": [1.5, 0, 0, 4], "texture": "#4"},
				"south": {"uv": [8.5, 3, 5, 7], "texture": "#4"},
				"west": {"uv": [1.5, 0, 0, 4], "texture": "#4"},
				"up": {"uv": [3.5, 0, 0, 1.5], "texture": "#4"},
				"down": {"uv": [3.5, 0, 0, 1.5], "texture": "#4"}
			}
		},
		{
			"from": [5.5, 14.9, 7],
			"to": [6.5, 18.4, 8],
			"rotation": {"angle": -22.5, "axis": "z", "origin": [16, 0, 0]},
			"faces": {
				"north": {"uv": [3.5, 0, 0, 4], "texture": "#4"},
				"east": {"uv": [1.5, 0, 0, 4], "texture": "#4"},
				"south": {"uv": [8.5, 3, 5, 7], "texture": "#4"},
				"west": {"uv": [1.5, 0, 0, 4], "texture": "#4"},
				"up": {"uv": [3.5, 0, 0, 1.5], "texture": "#4"},
				"down": {"uv": [3.5, 0, 0, 1.5], "texture": "#4"}
			}
		},
		{
			"from": [5.5, 17.9, 7],
			"to": [6.5, 21.4, 8],
			"rotation": {"angle": -22.5, "axis": "z", "origin": [16, 0, 0]},
			"faces": {
				"north": {"uv": [3.5, 0, 0, 4], "texture": "#4"},
				"east": {"uv": [1.5, 0, 0, 4], "texture": "#4"},
				"south": {"uv": [8.5, 3, 5, 7], "texture": "#4"},
				"west": {"uv": [1.5, 0, 0, 4], "texture": "#4"},
				"up": {"uv": [3.5, 0, 0, 1.5], "texture": "#4"},
				"down": {"uv": [3.5, 0, 0, 1.5], "texture": "#4"}
			}
		},
		{
			"from": [2.5, 19.9, 7],
			"to": [3.5, 28.55, 8],
			"rotation": {"angle": -22.5, "axis": "z", "origin": [16, 0, 0]},
			"faces": {
				"north": {"uv": [3.5, 0, 0, 4], "texture": "#4"},
				"east": {"uv": [1.5, 0, 0, 4], "texture": "#4"},
				"south": {"uv": [8.5, 3, 5, 7], "texture": "#4"},
				"west": {"uv": [1.5, 0, 0, 4], "texture": "#4"},
				"up": {"uv": [3.5, 0, 0, 1.5], "texture": "#4"},
				"down": {"uv": [3.5, 0, 0, 1.5], "texture": "#4"}
			}
		},
		{
			"from": [14.375, 23.325, 7],
			"to": [15.4, 26.825, 8],
			"rotation": {"angle": 0, "axis": "z", "origin": [16, 0, 0]},
			"faces": {
				"north": {"uv": [3.5, 0, 0, 4], "texture": "#4"},
				"east": {"uv": [1.5, 0, 0, 4], "texture": "#4"},
				"south": {"uv": [8.5, 3, 5, 7], "texture": "#4"},
				"west": {"uv": [1.5, 0, 0, 4], "texture": "#4"},
				"up": {"uv": [3.5, 0, 0, 1.5], "texture": "#4"},
				"down": {"uv": [3.5, 0, 0, 1.5], "texture": "#4"}
			}
		},
		{
			"from": [14.375, 26.675, 7],
			"to": [15.4, 31.125, 8],
			"rotation": {"angle": 0, "axis": "y", "origin": [16, 0, 0]},
			"faces": {
				"north": {"uv": [3.5, 0, 0, 4], "texture": "#4"},
				"east": {"uv": [1.5, 0, 0, 4], "texture": "#4"},
				"south": {"uv": [8.5, 3, 5, 7], "texture": "#4"},
				"west": {"uv": [1.5, 0, 0, 4], "texture": "#4"},
				"up": {"uv": [3.5, 0, 0, 1.5], "texture": "#4"},
				"down": {"uv": [3.5, 0, 0, 1.5], "texture": "#4"}
			}
		}
	],
	"display": {
		"thirdperson_righthand": {
			"rotation": [0, 90, 0],
			"translation": [0.5, -1.5, 1]
		},
		"thirdperson_lefthand": {
			"rotation": [0, 91, 0],
			"translation": [0.5, -0.5, 0.25]
		},
		"firstperson_righthand": {
			"rotation": [0, 85, 0],
			"translation": [2.25, -3.75, 0],
			"scale": [1, 0.98828, 1]
		},
		"firstperson_lefthand": {
			"rotation": [0, 85, 0],
			"translation": [1.5, -4.25, 0]
		},
		"ground": {
			"rotation": [33, 39, 5]
		},
		"gui": {
			"rotation": [8, -25, -44],
			"translation": [-5.75, -4.75, 0],
			"scale": [0.65, 0.65, 0.65]
		},
		"head": {
			"translation": [0, 7.25, 0]
		},
		"fixed": {
			"translation": [0, -5, 0],
			"scale": [0.58, 0.58, 0.58]
		}
	},
	"groups": [
		{
			"name": "trzymanie",
			"origin": [0, 0, 0],
			"color": 0,
			"children": [0, 1, 2, 3, 4, 5, 6, 7, 8, 9, 10, 11, 12, 13, 14, 15, 16, 17, 18, 19, 20, 21, 22, 23, 24, 25, 26, 27, 28, 29]
		}
	]
}