{
	"credit": "Made with Blockbench",
	"textures": {
		"0": "block/andesite",
		"1": "block/iron_block",
		"2": "block/stripped_oak_log",
		"particle": "block/andesite"
	},
	"elements": [
		{
			"from": [8.34279, -16, 7.5],
			"to": [10.34279, -12.75, 9.5],
			"rotation": {"angle": 0, "axis": "y", "origin": [0.84279, -0.23698, 0]},
			"faces": {
				"north": {"uv": [4, 3, 11.25, 9], "texture": "#0"},
				"east": {"uv": [4, 3, 11.25, 9], "texture": "#0"},
				"south": {"uv": [4, 3, 11.25, 9], "texture": "#0"},
				"west": {"uv": [4, 3, 11.25, 9], "texture": "#0"},
				"up": {"uv": [0, 0, 2, 2], "texture": "#0"},
				"down": {"uv": [0, 0, 2, 2], "texture": "#0"}
			}
		},
		{
			"from": [8.34279, 16.76302, 7.5],
			"to": [10.34279, 20.01302, 9.5],
			"rotation": {"angle": 0, "axis": "y", "origin": [0.84279, -0.23698, 0]},
			"faces": {
				"north": {"uv": [5, 4.25, 11.5, 10.75], "texture": "#0"},
				"east": {"uv": [5, 4.25, 11.5, 10.75], "texture": "#0"},
				"south": {"uv": [5, 4.25, 11.5, 10.75], "texture": "#0"},
				"west": {"uv": [5, 4.25, 11.5, 10.75], "texture": "#0"},
				"up": {"uv": [0, 0, 2, 2], "texture": "#0"},
				"down": {"uv": [0, 0, 2, 2], "texture": "#0"}
			}
		},
		{
			"from": [7.59279, 17.26302, 7.575],
			"to": [8.34279, 19.51302, 9.425],
			"rotation": {"angle": 0, "axis": "y", "origin": [0.84279, -0.23698, 0]},
			"faces": {
				"north": {"uv": [5, 4.25, 11.5, 10.75], "texture": "#0"},
				"east": {"uv": [5, 4.25, 11.5, 10.75], "texture": "#0"},
				"south": {"uv": [5, 4.25, 11.5, 10.75], "texture": "#0"},
				"west": {"uv": [5, 4.25, 11.5, 10.75], "texture": "#0"},
				"up": {"uv": [0, 0, 2, 2], "texture": "#0"},
				"down": {"uv": [0, 0, 2, 2], "texture": "#0"}
			}
		},
		{
			"from": [3.34279, 13.26302, 7.5],
			"to": [7.59279, 23.51302, 9.5],
			"rotation": {"angle": 0, "axis": "y", "origin": [0.84279, -0.23698, 0]},
			"faces": {
				"north": {"uv": [5, 4.25, 11.5, 10.75], "texture": "#0"},
				"east": {"uv": [5, 4.25, 11.5, 10.75], "texture": "#0"},
				"south": {"uv": [5, 4.25, 11.5, 10.75], "texture": "#0"},
				"west": {"uv": [5, 4.25, 11.5, 10.75], "texture": "#0"},
				"up": {"uv": [0, 0, 2, 2], "texture": "#0"},
				"down": {"uv": [0, 0, 2, 2], "texture": "#0"}
			}
		},
		{
			"from": [4.05132, 6.70096, 7.525],
			"to": [6.30132, 13.95096, 9.45],
			"rotation": {"angle": 22.5, "axis": "z", "origin": [5.42632, 11.82596, 8.5]},
			"faces": {
				"north": {"uv": [5, 4.25, 11.5, 10.75], "texture": "#0"},
				"east": {"uv": [5, 4.25, 11.5, 10.75], "texture": "#0"},
				"south": {"uv": [5, 4.25, 11.5, 10.75], "texture": "#0"},
				"west": {"uv": [5, 4.25, 11.5, 10.75], "texture": "#0"},
				"up": {"uv": [0, 0, 2, 2], "texture": "#0"},
				"down": {"uv": [0, 0, 2, 2], "texture": "#0"}
			}
		},
		{
			"from": [6.30132, 9.70096, 8],
			"to": [8.05132, 13.95096, 9],
			"rotation": {"angle": 22.5, "axis": "z", "origin": [5.42632, 11.82596, 8.5]},
			"faces": {
				"north": {"uv": [5, 4.25, 11.5, 10.75], "texture": "#0"},
				"east": {"uv": [5, 4.25, 11.5, 10.75], "texture": "#0"},
				"south": {"uv": [5, 4.25, 11.5, 10.75], "texture": "#0"},
				"west": {"uv": [5, 4.25, 11.5, 10.75], "texture": "#0"},
				"up": {"uv": [0, 0, 2, 2], "texture": "#0"},
				"down": {"uv": [0, 0, 2, 2], "texture": "#0"}
			}
		},
		{
			"from": [6.30132, 7.45096, 8],
			"to": [7.05132, 9.70096, 9],
			"rotation": {"angle": 22.5, "axis": "z", "origin": [5.42632, 11.82596, 8.5]},
			"faces": {
				"north": {"uv": [5, 4.25, 11.5, 10.75], "texture": "#0"},
				"east": {"uv": [5, 4.25, 11.5, 10.75], "texture": "#0"},
				"south": {"uv": [5, 4.25, 11.5, 10.75], "texture": "#0"},
				"west": {"uv": [5, 4.25, 11.5, 10.75], "texture": "#0"},
				"up": {"uv": [0, 0, 2, 2], "texture": "#0"},
				"down": {"uv": [0, 0, 2, 2], "texture": "#0"}
			}
		},
		{
			"from": [7.05132, 8.70096, 8],
			"to": [7.55132, 9.70096, 9],
			"rotation": {"angle": 22.5, "axis": "z", "origin": [5.42632, 11.82596, 8.5]},
			"faces": {
				"north": {"uv": [5, 4.25, 11.5, 10.75], "texture": "#0"},
				"east": {"uv": [5, 4.25, 11.5, 10.75], "texture": "#0"},
				"south": {"uv": [5, 4.25, 11.5, 10.75], "texture": "#0"},
				"west": {"uv": [5, 4.25, 11.5, 10.75], "texture": "#0"},
				"up": {"uv": [0, 0, 2, 2], "texture": "#0"},
				"down": {"uv": [0, 0, 2, 2], "texture": "#0"}
			}
		},
		{
			"from": [5.44716, 22.24906, 7.6],
			"to": [9.69716, 25.24906, 9.425],
			"rotation": {"angle": -22.5, "axis": "z", "origin": [7.57216, 28.17074, 8.5]},
			"faces": {
				"north": {"uv": [5, 4.25, 11.5, 10.75], "texture": "#0"},
				"east": {"uv": [5, 4.25, 11.5, 10.75], "texture": "#0"},
				"south": {"uv": [5, 4.25, 11.5, 10.75], "texture": "#0"},
				"west": {"uv": [5, 4.25, 11.5, 10.75], "texture": "#0"},
				"up": {"uv": [0, 0, 2, 2], "texture": "#0"},
				"down": {"uv": [0, 0, 2, 2], "texture": "#0"}
			}
		},
		{
			"from": [4.9291, 24.34272, 7.625],
			"to": [9.1791, 27.34272, 9.4],
			"rotation": {"angle": -45, "axis": "z", "origin": [7.0541, 25.84272, 8.5]},
			"faces": {
				"north": {"uv": [5, 4.25, 11.5, 10.75], "texture": "#0"},
				"east": {"uv": [5, 4.25, 11.5, 10.75], "texture": "#0"},
				"south": {"uv": [5, 4.25, 11.5, 10.75], "texture": "#0"},
				"west": {"uv": [5, 4.25, 11.5, 10.75], "texture": "#0"},
				"up": {"uv": [0, 0, 2, 2], "texture": "#0"},
				"down": {"uv": [0, 0, 2, 2], "texture": "#0"}
			}
		},
		{
			"from": [8.59279, -12.98698, 7.75],
			"to": [10.09279, -11.23698, 9.25],
			"rotation": {"angle": 0, "axis": "y", "origin": [0.84279, -0.23698, 0]},
			"faces": {
				"north": {"uv": [5, 4, 9.75, 9.25], "texture": "#1"},
				"east": {"uv": [5, 4, 9.75, 9.25], "texture": "#1"},
				"south": {"uv": [5, 4, 9.75, 9.25], "texture": "#1"},
				"west": {"uv": [5, 4, 9.75, 9.25], "texture": "#1"},
				"up": {"uv": [0, 0, 1.5, 1.5], "texture": "#1"},
				"down": {"uv": [0, 0, 1.5, 1.5], "texture": "#1"}
			}
		},
		{
			"from": [8.59279, 15.01302, 7.75],
			"to": [10.09279, 22.01302, 9.25],
			"rotation": {"angle": 0, "axis": "y", "origin": [0.84279, -0.23698, 0]},
			"faces": {
				"north": {"uv": [2.25, 2.5, 9.75, 9.25], "texture": "#1"},
				"east": {"uv": [2.25, 2.5, 9.75, 9.25], "texture": "#1"},
				"south": {"uv": [2.25, 2.5, 9.75, 9.25], "texture": "#1"},
				"west": {"uv": [2.25, 2.5, 9.75, 9.25], "texture": "#1"},
				"up": {"uv": [0, 0, 1.5, 1.5], "texture": "#1"},
				"down": {"uv": [0, 0, 1.5, 1.5], "texture": "#1"}
			}
		},
		{
			"from": [8.59279, -10.98698, 7.75],
			"to": [10.09279, -10.73698, 9.25],
			"rotation": {"angle": 0, "axis": "y", "origin": [0.84279, -0.23698, 0]},
			"faces": {
				"north": {"uv": [0, 0, 1.5, 0.25], "texture": "#1"},
				"east": {"uv": [0, 0, 1.5, 0.25], "texture": "#1"},
				"south": {"uv": [0, 0, 1.5, 0.25], "texture": "#1"},
				"west": {"uv": [0, 0, 1.5, 0.25], "texture": "#1"},
				"up": {"uv": [0, 0, 1.5, 1.5], "texture": "#1"},
				"down": {"uv": [0, 0, 1.5, 1.5], "texture": "#1"}
			}
		},
		{
			"from": [8.59279, -10.48698, 7.75],
			"to": [10.09279, -10.23698, 9.25],
			"rotation": {"angle": 0, "axis": "y", "origin": [0.84279, -0.23698, 0]},
			"faces": {
				"north": {"uv": [0, 0, 1.5, 0.25], "texture": "#1"},
				"east": {"uv": [0, 0, 1.5, 0.25], "texture": "#1"},
				"south": {"uv": [0, 0, 1.5, 0.25], "texture": "#1"},
				"west": {"uv": [0, 0, 1.5, 0.25], "texture": "#1"},
				"up": {"uv": [0, 0, 1.5, 1.5], "texture": "#1"},
				"down": {"uv": [0, 0, 1.5, 1.5], "texture": "#1"}
			}
		},
		{
			"from": [8.59279, -9.98698, 7.75],
			"to": [10.09279, -9.73698, 9.25],
			"rotation": {"angle": 0, "axis": "y", "origin": [0.84279, -0.23698, 0]},
			"faces": {
				"north": {"uv": [0, 0, 1.5, 0.25], "texture": "#1"},
				"east": {"uv": [0, 0, 1.5, 0.25], "texture": "#1"},
				"south": {"uv": [0, 0, 1.5, 0.25], "texture": "#1"},
				"west": {"uv": [0, 0, 1.5, 0.25], "texture": "#1"},
				"up": {"uv": [0, 0, 1.5, 1.5], "texture": "#1"},
				"down": {"uv": [0, 0, 1.5, 1.5], "texture": "#1"}
			}
		},
		{
			"from": [8.59279, -9.48698, 7.75],
			"to": [10.09279, -9.23698, 9.25],
			"rotation": {"angle": 0, "axis": "y", "origin": [0.84279, -0.23698, 0]},
			"faces": {
				"north": {"uv": [0, 0, 1.5, 0.25], "texture": "#1"},
				"east": {"uv": [0, 0, 1.5, 0.25], "texture": "#1"},
				"south": {"uv": [0, 0, 1.5, 0.25], "texture": "#1"},
				"west": {"uv": [0, 0, 1.5, 0.25], "texture": "#1"},
				"up": {"uv": [0, 0, 1.5, 1.5], "texture": "#1"},
				"down": {"uv": [0, 0, 1.5, 1.5], "texture": "#1"}
			}
		},
		{
			"from": [8.84279, -12.98698, 8],
			"to": [9.84279, 16.26302, 9],
			"rotation": {"angle": 0, "axis": "y", "origin": [0.84279, -0.23698, 0]},
			"faces": {
				"north": {"uv": [0, 0, 1, 16], "texture": "#2"},
				"east": {"uv": [0, 0, 1, 16], "texture": "#2"},
				"south": {"uv": [0, 0, 1, 16], "texture": "#2"},
				"west": {"uv": [0, 0, 1, 16], "texture": "#2"},
				"up": {"uv": [0, 0, 1, 1], "texture": "#2"},
				"down": {"uv": [0, 0, 1, 1], "texture": "#2"}
			}
		}
	],
	"display": {
		"thirdperson_righthand": {
			"rotation": [32, -90, 0],
			"translation": [0, 7.75, 5.25]
		},
		"thirdperson_lefthand": {
			"rotation": [32, 90, 0],
			"translation": [0, 9.25, 6.75]
		},
		"firstperson_righthand": {
			"rotation": [0, -90, 0],
			"translation": [-2.25, 6.5, 5],
			"scale": [0.32, 0.32, 0.32]
		},
		"firstperson_lefthand": {
			"rotation": [0, 90, 0],
			"translation": [3, 6.25, 0],
			"scale": [0.5, 0.5, 0.5]
		},
		"ground": {
			"rotation": [0, 0, 29],
			"translation": [0, 2.75, 0],
			"scale": [0.33, 0.33, 0.33]
		},
		"gui": {
			"rotation": [0, 0, -46],
			"translation": [0.5, 0.5, 0],
			"scale": [0.45, 0.45, 0.45]
		},
		"fixed": {
			"translation": [0, 2.5, -0.75],
			"scale": [0.8, 0.8, 0.8]
		}
	},
	"groups": [
		{
			"name": "group",
			"origin": [0, 0, 0],
			"color": 0,
			"nbt": "{}",
			"armAnimationEnabled": false,
			"children": [
				{
					"name": "group",
					"origin": [0, 0, 0],
					"color": 0,
					"nbt": "{}",
					"armAnimationEnabled": false,
					"children": [0, 1, 2, 3, 4, 5, 6, 7, 8, 9, 10, 11, 12, 13, 14, 15, 16]
				}
			]
		}
	]
}