{
	"credit": "Made with Blockbench",
	"textures": {
		"2": "block/iron_block",
		"3": "block/red_concrete",
		"4": "block/white_concrete",
		"particle": "block/blue_concrete"
	},
	"elements": [
		{
			"from": [3, 8, 8],
			"to": [13, 16, 9],
			"faces": {
				"north": {"uv": [0, 0, 10, 8], "texture": "#4"},
				"east": {"uv": [0, 0, 1, 8], "texture": "#4"},
				"south": {"uv": [0, 0, 10, 8], "texture": "#4"},
				"west": {"uv": [0, 0, 1, 8], "texture": "#4"},
				"up": {"uv": [0, 0, 10, 1], "texture": "#4"},
				"down": {"uv": [0, 0, 10, 1], "texture": "#4"}
			}
		},
		{
			"from": [3, 0, 8],
			"to": [13, 8, 9],
			"faces": {
				"north": {"uv": [0, 0, 10, 8], "texture": "#3"},
				"east": {"uv": [0, 0, 1, 8], "texture": "#3"},
				"south": {"uv": [0, 0, 10, 8], "texture": "#3"},
				"west": {"uv": [0, 0, 1, 8], "texture": "#3"},
				"up": {"uv": [0, 0, 10, 1], "texture": "#3"},
				"down": {"uv": [0, 0, 10, 1], "texture": "#3"}
			}
		},
		{
			"from": [2.975, -0.025, 7.975],
			"to": [3.25, 16.05, 9.025],
			"faces": {
				"north": {"uv": [0, 0, 0.275, 16], "texture": "#2"},
				"east": {"uv": [0, 0, 1.05, 16], "texture": "#2"},
				"south": {"uv": [0, 0, 0.275, 16], "texture": "#2"},
				"west": {"uv": [0, 0, 1.05, 16], "texture": "#2"},
				"up": {"uv": [0, 0, 0.275, 1.05], "texture": "#2"},
				"down": {"uv": [0, 0, 0.275, 1.05], "texture": "#2"}
			}
		},
		{
			"from": [12.75, -0.025, 7.975],
			"to": [13.025, 16.05, 9.025],
			"faces": {
				"north": {"uv": [0, 0, 0.275, 16], "texture": "#2"},
				"east": {"uv": [0, 0, 1.05, 16], "texture": "#2"},
				"south": {"uv": [0, 0, 0.275, 16], "texture": "#2"},
				"west": {"uv": [0, 0, 1.05, 16], "texture": "#2"},
				"up": {"uv": [0, 0, 0.275, 1.05], "texture": "#2"},
				"down": {"uv": [0, 0, 0.275, 1.05], "texture": "#2"}
			}
		},
		{
			"from": [3.25, 15.725, 7.975],
			"to": [12.75, 16.05, 9.025],
			"faces": {
				"north": {"uv": [0, 0, 9.5, 0.325], "texture": "#2"},
				"east": {"uv": [0, 0, 1.05, 0.325], "texture": "#2"},
				"south": {"uv": [0, 0, 9.5, 0.325], "texture": "#2"},
				"west": {"uv": [0, 0, 1.05, 0.325], "texture": "#2"},
				"up": {"uv": [0, 0, 9.5, 1.05], "texture": "#2"},
				"down": {"uv": [0, 0, 9.5, 1.05], "texture": "#2"}
			}
		},
		{
			"from": [3.25, -0.025, 7.975],
			"to": [12.75, 0.3, 9.025],
			"faces": {
				"north": {"uv": [0, 0, 9.5, 0.325], "texture": "#2"},
				"east": {"uv": [0, 0, 1.05, 0.325], "texture": "#2"},
				"south": {"uv": [0, 0, 9.5, 0.325], "texture": "#2"},
				"west": {"uv": [0, 0, 1.05, 0.325], "texture": "#2"},
				"up": {"uv": [0, 0, 9.5, 1.05], "texture": "#2"},
				"down": {"uv": [0, 0, 9.5, 1.05], "texture": "#2"}
			}
		}
	],
	"display": {
		"thirdperson_righthand": {
			"rotation": [90, 127, 0],
			"translation": [1.5, 0, 4]
		},
		"thirdperson_lefthand": {
			"rotation": [90, 127, 0],
			"translation": [1, 1.75, 4.75]
		},
		"firstperson_righthand": {
			"rotation": [0, 0, 23],
			"translation": [2.5, -0.25, 0]
		},
		"firstperson_lefthand": {
			"rotation": [0, 0, 23],
			"translation": [3.25, -1.5, 0]
		},
		"ground": {
			"translation": [0, 2.5, 0]
		},
		"gui": {
			"scale": [0.84, 0.84, 0.84]
		}
	},
	"groups": [
		{
			"name": "group",
			"origin": [8, 8, 8],
			"color": 0,
			"children": [0, 1, 2, 3, 4, 5]
		}
	]
}