{
	"credit": "Made with Blockbench",
	"textures": {
		"0": "stp/item_skin/miecze/duck1",
		"1": "stp/item_skin/miecze/duck",
		"2": "block/glowstone",
		"4": "stp/item_skin/miecze/duck2",
		"particle": "stp/item_skin/miecze/duck1"
	},
	"elements": [
		{
			"from": [8.8, 6.9, 10.1],
			"to": [9.9, 7.5, 10.7],
			"faces": {
				"north": {"uv": [5, 3, 6, 3.5], "texture": "#1"},
				"east": {"uv": [7, 0, 7.5, 0.5], "texture": "#1"},
				"south": {"uv": [4, 5, 5, 5.5], "texture": "#1"},
				"west": {"uv": [1, 7, 1.5, 7.5], "texture": "#1"},
				"up": {"uv": [6, 4.5, 5, 4], "texture": "#1"},
				"down": {"uv": [6, 5, 5, 5.5], "texture": "#1"}
			}
		},
		{
			"from": [8.8, 6.8, 10.7],
			"to": [9.9, 7.6, 11.4],
			"faces": {
				"north": {"uv": [3, 2, 4, 2.75], "texture": "#1"},
				"east": {"uv": [0, 5, 0.75, 5.75], "texture": "#1"},
				"south": {"uv": [0, 4, 1, 4.75], "texture": "#1"},
				"west": {"uv": [5, 0, 5.75, 0.75], "texture": "#1"},
				"up": {"uv": [5, 0.75, 4, 0], "texture": "#1"},
				"down": {"uv": [2, 4, 1, 4.75], "texture": "#1"}
			}
		},
		{
			"from": [9.5, 7, 10.9],
			"to": [9.7, 7.7, 11.5],
			"faces": {
				"north": {"uv": [7, 3, 7.25, 3.75], "texture": "#1"},
				"east": {"uv": [3, 6, 3.5, 6.75], "texture": "#1"},
				"south": {"uv": [4, 7, 4.25, 7.75], "texture": "#1"},
				"west": {"uv": [6, 3, 6.5, 3.75], "texture": "#1"},
				"up": {"uv": [0.25, 8.5, 0, 8], "texture": "#1"},
				"down": {"uv": [8.25, 0, 8, 0.5], "texture": "#1"}
			}
		},
		{
			"from": [9.2, 7, 10.9],
			"to": [9.4, 7.7, 11.5],
			"faces": {
				"north": {"uv": [7, 4, 7.25, 4.75], "texture": "#1"},
				"east": {"uv": [4, 6, 4.5, 6.75], "texture": "#1"},
				"south": {"uv": [5, 7, 5.25, 7.75], "texture": "#1"},
				"west": {"uv": [6, 4, 6.5, 4.75], "texture": "#1"},
				"up": {"uv": [1.25, 8.5, 1, 8], "texture": "#1"},
				"down": {"uv": [8.25, 1, 8, 1.5], "texture": "#1"}
			}
		},
		{
			"from": [8.6, 6.8, 9.7],
			"to": [10.1, 7.6, 10.1],
			"faces": {
				"north": {"uv": [0, 2, 1.5, 2.75], "texture": "#1"},
				"east": {"uv": [5, 6, 5.5, 6.75], "texture": "#1"},
				"south": {"uv": [2, 0, 3.5, 0.75], "texture": "#1"},
				"west": {"uv": [6, 5, 6.5, 5.75], "texture": "#1"},
				"up": {"uv": [3.5, 4.5, 2, 4], "texture": "#1"},
				"down": {"uv": [5.5, 2, 4, 2.5], "texture": "#1"}
			}
		},
		{
			"from": [8.8, 6.9, 7],
			"to": [9.9, 7.5, 7.6],
			"rotation": {"angle": 0, "axis": "y", "origin": [0, 0, 16]},
			"faces": {
				"north": {"uv": [1, 5, 2, 5.5], "texture": "#1"},
				"east": {"uv": [6, 6, 6.5, 6.5], "texture": "#1"},
				"south": {"uv": [5, 1, 6, 1.5], "texture": "#1"},
				"west": {"uv": [0, 7, 0.5, 7.5], "texture": "#1"},
				"up": {"uv": [3, 5.5, 2, 5], "texture": "#1"},
				"down": {"uv": [4, 5, 3, 5.5], "texture": "#1"}
			}
		},
		{
			"from": [8.8, 6.8, 6.3],
			"to": [9.9, 7.6, 7],
			"rotation": {"angle": 0, "axis": "y", "origin": [0, 0, 16]},
			"faces": {
				"north": {"uv": [2, 1, 3, 1.75], "texture": "#1"},
				"east": {"uv": [4, 3, 4.75, 3.75], "texture": "#1"},
				"south": {"uv": [2, 2, 3, 2.75], "texture": "#1"},
				"west": {"uv": [4, 4, 4.75, 4.75], "texture": "#1"},
				"up": {"uv": [1, 3.75, 0, 3], "texture": "#1"},
				"down": {"uv": [2, 3, 1, 3.75], "texture": "#1"}
			}
		},
		{
			"from": [9.5, 7, 6.2],
			"to": [9.7, 7.7, 6.8],
			"rotation": {"angle": 0, "axis": "y", "origin": [0, 0, 16]},
			"faces": {
				"north": {"uv": [7, 1, 7.25, 1.75], "texture": "#1"},
				"east": {"uv": [0, 6, 0.5, 6.75], "texture": "#1"},
				"south": {"uv": [2, 7, 2.25, 7.75], "texture": "#1"},
				"west": {"uv": [6, 0, 6.5, 0.75], "texture": "#1"},
				"up": {"uv": [7.25, 5.5, 7, 5], "texture": "#1"},
				"down": {"uv": [6.25, 7, 6, 7.5], "texture": "#1"}
			}
		},
		{
			"from": [9.2, 7, 6.2],
			"to": [9.4, 7.7, 6.8],
			"rotation": {"angle": 0, "axis": "y", "origin": [0, 0, 16]},
			"faces": {
				"north": {"uv": [7, 2, 7.25, 2.75], "texture": "#1"},
				"east": {"uv": [1, 6, 1.5, 6.75], "texture": "#1"},
				"south": {"uv": [3, 7, 3.25, 7.75], "texture": "#1"},
				"west": {"uv": [6, 1, 6.5, 1.75], "texture": "#1"},
				"up": {"uv": [7.25, 6.5, 7, 6], "texture": "#1"},
				"down": {"uv": [7.25, 7, 7, 7.5], "texture": "#1"}
			}
		},
		{
			"from": [8.6, 6.8, 7.6],
			"to": [10.1, 7.6, 8],
			"rotation": {"angle": 0, "axis": "y", "origin": [0, 0, 16]},
			"faces": {
				"north": {"uv": [0, 0, 1.5, 0.75], "texture": "#1"},
				"east": {"uv": [2, 6, 2.5, 6.75], "texture": "#1"},
				"south": {"uv": [0, 1, 1.5, 1.75], "texture": "#1"},
				"west": {"uv": [6, 2, 6.5, 2.75], "texture": "#1"},
				"up": {"uv": [4.5, 1.5, 3, 1], "texture": "#1"},
				"down": {"uv": [3.5, 3, 2, 3.5], "texture": "#1"}
			}
		},
		{
			"from": [8, 6.3, 8],
			"to": [11, 8, 9.7],
			"faces": {
				"north": {"uv": [0, 0, 3, 1.75], "texture": "#0"},
				"east": {"uv": [0, 4, 1.75, 5.75], "texture": "#0"},
				"south": {"uv": [0, 2, 3, 3.75], "texture": "#0"},
				"west": {"uv": [2, 4, 3.75, 5.75], "texture": "#0"},
				"up": {"uv": [6, 1.75, 3, 0], "texture": "#0"},
				"down": {"uv": [6, 2, 3, 3.75], "texture": "#0"}
			}
		},
		{
			"from": [8.5, 8, 9.7],
			"to": [10.6, 8.2, 10.7],
			"faces": {
				"north": {"uv": [7, 2, 9, 2.25], "texture": "#0"},
				"east": {"uv": [8, 4, 9, 4.25], "texture": "#0"},
				"south": {"uv": [3, 7, 5, 7.25], "texture": "#0"},
				"west": {"uv": [5, 8, 6, 8.25], "texture": "#0"},
				"up": {"uv": [8, 4, 6, 3], "texture": "#0"},
				"down": {"uv": [8, 4, 6, 5], "texture": "#0"}
			}
		},
		{
			"from": [8.5, 8, 7],
			"to": [10.6, 8.2, 8],
			"faces": {
				"north": {"uv": [5, 7, 7, 7.25], "texture": "#0"},
				"east": {"uv": [8, 5, 9, 5.25], "texture": "#0"},
				"south": {"uv": [7, 7, 9, 7.25], "texture": "#0"},
				"west": {"uv": [6, 8, 7, 8.25], "texture": "#0"},
				"up": {"uv": [8, 6, 6, 5], "texture": "#0"},
				"down": {"uv": [8, 6, 6, 7], "texture": "#0"}
			}
		},
		{
			"from": [7.4, 6.9, 8.3],
			"to": [8.6, 9.1, 9.4],
			"faces": {
				"north": {"uv": [4, 4, 5.25, 6.25], "texture": "#0"},
				"east": {"uv": [6, 0, 7, 2.25], "texture": "#0"},
				"south": {"uv": [0, 6, 1.25, 8.25], "texture": "#0"},
				"west": {"uv": [2, 6, 3, 8.25], "texture": "#0"},
				"up": {"uv": [8.25, 1, 7, 0], "texture": "#0"},
				"down": {"uv": [8.25, 1, 7, 2], "texture": "#0"}
			}
		},
		{
			"from": [6.8, 8, 8.3],
			"to": [7.4, 8.4, 9.4],
			"faces": {
				"north": {"uv": [8, 6, 8.5, 6.5], "texture": "#0"},
				"east": {"uv": [3, 6, 4, 6.5], "texture": "#0"},
				"south": {"uv": [7, 8, 7.5, 8.5], "texture": "#0"},
				"west": {"uv": [3, 8, 4, 8.5], "texture": "#0"},
				"up": {"uv": [8.5, 4, 8, 3], "texture": "#0"},
				"down": {"uv": [4.5, 8, 4, 9], "texture": "#0"}
			}
		},
		{
			"from": [8.55, 7.9, 8.6],
			"to": [9.5, 22.1, 9],
			"rotation": {"angle": 0, "axis": "z", "origin": [10, 15, 8.8]},
			"faces": {
				"north": {"uv": [7, 5, 6, 6], "texture": "#2"},
				"east": {"uv": [7, 5, 6, 6], "texture": "#2"},
				"south": {"uv": [7, 5, 6, 6], "texture": "#2"},
				"west": {"uv": [7, 5, 6, 6], "texture": "#2"},
				"up": {"uv": [7, 5, 6, 6], "texture": "#2"},
				"down": {"uv": [7, 5, 6, 6], "texture": "#2"}
			}
		},
		{
			"from": [11.47899, 20.3318, 8.6],
			"to": [12.17899, 22.8318, 9],
			"rotation": {"angle": 22.5, "axis": "z", "origin": [12.67899, 15.7318, 8.8]},
			"faces": {
				"north": {"uv": [7, 5, 6, 6], "texture": "#2"},
				"east": {"uv": [7, 5, 6, 6], "texture": "#2"},
				"south": {"uv": [7, 5, 6, 6], "texture": "#2"},
				"west": {"uv": [7, 5, 6, 6], "texture": "#2"},
				"up": {"uv": [7, 5, 6, 6], "texture": "#2"},
				"down": {"uv": [7, 5, 6, 6], "texture": "#2"}
			}
		},
		{
			"from": [9.80671, 7.9903, 8.6],
			"to": [10.45671, 19.7903, 9],
			"rotation": {"angle": 0, "axis": "z", "origin": [11.05671, 12.6903, 8.8]},
			"faces": {
				"north": {"uv": [7, 5, 6, 6], "texture": "#2"},
				"east": {"uv": [7, 5, 6, 6], "texture": "#2"},
				"south": {"uv": [7, 5, 6, 6], "texture": "#2"},
				"west": {"uv": [7, 5, 6, 6], "texture": "#2"},
				"up": {"uv": [7, 5, 6, 6], "texture": "#2"},
				"down": {"uv": [7, 5, 6, 6], "texture": "#2"}
			}
		},
		{
			"from": [9.2, 3.3, 9.1],
			"to": [9.6, 6.3, 9.4],
			"faces": {
				"north": {"uv": [0, 0, 0.5, 3], "texture": "#4"},
				"east": {"uv": [3, 0, 3.25, 3], "texture": "#4"},
				"south": {"uv": [1, 0, 1.5, 3], "texture": "#4"},
				"west": {"uv": [1, 3, 1.25, 6], "texture": "#4"},
				"up": {"uv": [5.5, 3.25, 5, 3], "texture": "#4"},
				"down": {"uv": [4.5, 5, 4, 5.25], "texture": "#4"}
			}
		},
		{
			"from": [9.2, 3.3, 8.3],
			"to": [9.6, 6.3, 8.6],
			"faces": {
				"north": {"uv": [2, 0, 2.5, 3], "texture": "#4"},
				"east": {"uv": [2, 3, 2.25, 6], "texture": "#4"},
				"south": {"uv": [0, 3, 0.5, 6], "texture": "#4"},
				"west": {"uv": [3, 3, 3.25, 6], "texture": "#4"},
				"up": {"uv": [5.5, 4.25, 5, 4], "texture": "#4"},
				"down": {"uv": [5.5, 5, 5, 5.25], "texture": "#4"}
			}
		},
		{
			"from": [8.5, 3.1, 8.2],
			"to": [9.6, 3.3, 8.7],
			"faces": {
				"north": {"uv": [4, 4, 5, 4.25], "texture": "#4"},
				"east": {"uv": [0, 6, 0.5, 6.25], "texture": "#4"},
				"south": {"uv": [5, 0, 6, 0.25], "texture": "#4"},
				"west": {"uv": [6, 0, 6.5, 0.25], "texture": "#4"},
				"up": {"uv": [5, 0.5, 4, 0], "texture": "#4"},
				"down": {"uv": [5, 1, 4, 1.5], "texture": "#4"}
			}
		},
		{
			"from": [8.5, 3.1, 9],
			"to": [9.6, 3.3, 9.5],
			"faces": {
				"north": {"uv": [5, 1, 6, 1.25], "texture": "#4"},
				"east": {"uv": [1, 6, 1.5, 6.25], "texture": "#4"},
				"south": {"uv": [5, 2, 6, 2.25], "texture": "#4"},
				"west": {"uv": [6, 1, 6.5, 1.25], "texture": "#4"},
				"up": {"uv": [5, 2.5, 4, 2], "texture": "#4"},
				"down": {"uv": [5, 3, 4, 3.5], "texture": "#4"}
			}
		}
	],
	"display": {
		"thirdperson_righthand": {
			"rotation": [0, 90, 0],
			"translation": [-1, 2.25, 2],
			"scale": [1.46, 1.46, 1.46]
		},
		"thirdperson_lefthand": {
			"rotation": [0, -90, 0],
			"translation": [1.25, 2.25, 2],
			"scale": [1.46, 1.46, 1.46]
		},
		"firstperson_righthand": {
			"rotation": [0, 90, 0],
			"translation": [3.25, 2, 0],
			"scale": [0.91, 0.91, 0.91]
		},
		"firstperson_lefthand": {
			"rotation": [0, -90, 0],
			"translation": [4.75, 2, 0],
			"scale": [0.91, 0.91, 0.91]
		},
		"gui": {
			"translation": [-1, -4.75, 0]
		},
		"fixed": {
			"translation": [0, -4, -3.25]
		}
	},
	"groups": [
		{
			"name": "group",
			"origin": [0, 0, 0],
			"color": 0,
			"nbt": "{}",
			"armAnimationEnabled": false,
			"children": [0, 1, 2, 3, 4]
		},
		{
			"name": "group",
			"origin": [0, 0, 0],
			"color": 0,
			"nbt": "{}",
			"armAnimationEnabled": false,
			"children": [5, 6, 7, 8, 9]
		},
		{
			"name": "group",
			"origin": [0, 0, 0],
			"color": 0,
			"nbt": "{}",
			"armAnimationEnabled": false,
			"children": [10, 11, 12, 13, 14]
		},
		{
			"name": "group",
			"origin": [9.60503, 27.01213, 8.8],
			"color": 0,
			"nbt": "{}",
			"armAnimationEnabled": false,
			"children": [15, 16, 17]
		},
		{
			"name": "group",
			"origin": [10, 15, 8.8],
			"color": 0,
			"nbt": "{}",
			"armAnimationEnabled": false,
			"children": []
		},
		{
			"name": "group",
			"origin": [0, 0, 0],
			"color": 0,
			"nbt": "{}",
			"armAnimationEnabled": false,
			"children": [18, 19, 20, 21]
		}
	]
}