{
	"credit": "Made with Blockbench",
	"textures": {
		"1": "block/light_blue_concrete",
		"2": "block/pink_concrete",
		"3": "block/magenta_concrete",
		"4": "block/yellow_concrete",
		"5": "block/lime_concrete",
		"6": "block/gold_block",
		"7": "block/purple_concrete",
		"8": "block/gray_concrete",
		"9": "block/light_gray_concrete",
		"10": "block/quartz_block_top",
		"11": "block/black_concrete",
		"particle": "block/purple_concrete"
	},
	"elements": [
		{
			"from": [10.12103, 13.5635, -1.15],
			"to": [10.72103, 15.7635, 0.75],
			"rotation": {"angle": 45, "axis": "z", "origin": [12.47103, 13.6135, 0.5]},
			"faces": {
				"north": {"uv": [0, 0, 0.6, 2.2], "texture": "#1"},
				"east": {"uv": [0, 0, 1.9, 2.2], "texture": "#1"},
				"south": {"uv": [0, 0, 0.6, 2.2], "texture": "#1"},
				"west": {"uv": [0, 0, 1.9, 2.2], "texture": "#1"},
				"up": {"uv": [0, 0, 0.6, 1.9], "texture": "#1"},
				"down": {"uv": [0, 0, 0.6, 1.9], "texture": "#1"}
			}
		},
		{
			"from": [7.68756, 12.337, -1.15],
			"to": [11.38756, 17.337, 0.75],
			"rotation": {"angle": -22.5, "axis": "z", "origin": [11.33756, 12.637, 0.5]},
			"faces": {
				"north": {"uv": [0, 0, 5, 3.7], "rotation": 90, "texture": "#1"},
				"east": {"uv": [0, 0, 5, 1.9], "rotation": 270, "texture": "#1"},
				"south": {"uv": [0, 0, 5, 3.7], "rotation": 270, "texture": "#1"},
				"west": {"uv": [0, 0, 5, 1.9], "rotation": 270, "texture": "#1"},
				"up": {"uv": [0, 0, 1.9, 3.7], "rotation": 270, "texture": "#1"},
				"down": {"uv": [0, 0, 1.9, 3.7], "rotation": 270, "texture": "#1"}
			}
		},
		{
			"from": [11.94193, 14.12673, -1.15],
			"to": [13.14193, 14.82673, 0.75],
			"rotation": {"angle": 0, "axis": "z", "origin": [11.84193, 14.17673, 0.5]},
			"faces": {
				"north": {"uv": [0, 0, 2, 0.1], "texture": "#1"},
				"east": {"uv": [0, 0, 1, 0.1], "texture": "#1"},
				"south": {"uv": [0, 0, 2, 0.1], "texture": "#1"},
				"west": {"uv": [0, 0, 1, 0.1], "texture": "#1"},
				"up": {"uv": [0, 0, 2, 1], "texture": "#1"},
				"down": {"uv": [0, 0, 2, 1], "texture": "#1"}
			}
		},
		{
			"from": [13.00746, 12.99999, -1.15],
			"to": [13.60746, 14.19999, 0.75],
			"rotation": {"angle": 22.5, "axis": "z", "origin": [13.05746, 14.29999, 0.5]},
			"faces": {
				"north": {"uv": [0, 0, 2, 0.1], "rotation": 270, "texture": "#1"},
				"east": {"uv": [0, 0, 2, 1], "rotation": 90, "texture": "#1"},
				"south": {"uv": [0, 0, 2, 0.1], "rotation": 90, "texture": "#1"},
				"west": {"uv": [0, 0, 2, 1], "rotation": 90, "texture": "#1"},
				"up": {"uv": [0, 0, 1, 0.1], "rotation": 90, "texture": "#1"},
				"down": {"uv": [0, 0, 1, 0.1], "rotation": 90, "texture": "#1"}
			}
		},
		{
			"from": [6.8, 12.9, -1.15],
			"to": [11.1, 13, 0.75],
			"rotation": {"angle": -22.5, "axis": "z", "origin": [8.5, 13.05, 0.5]},
			"faces": {
				"north": {"uv": [0, 0, 4.3, 0.1], "texture": "#1"},
				"east": {"uv": [0, 0, 1.9, 0.1], "texture": "#1"},
				"south": {"uv": [0, 0, 4.3, 0.1], "texture": "#1"},
				"west": {"uv": [0, 0, 1.9, 0.1], "texture": "#1"},
				"up": {"uv": [0, 0, 4.3, 1.9], "texture": "#1"},
				"down": {"uv": [0, 0, 4.3, 1.9], "texture": "#1"}
			}
		},
		{
			"from": [6.8, 13, -1.15],
			"to": [11.1, 13.1, 0.75],
			"rotation": {"angle": -22.5, "axis": "z", "origin": [8.5, 13.05, 0.5]},
			"faces": {
				"north": {"uv": [0, 0, 4.3, 0.1], "texture": "#1"},
				"east": {"uv": [0, 0, 1.9, 0.1], "texture": "#1"},
				"south": {"uv": [0, 0, 4.3, 0.1], "texture": "#1"},
				"west": {"uv": [0, 0, 1.9, 0.1], "texture": "#1"},
				"up": {"uv": [0, 0, 4.3, 1.9], "texture": "#1"},
				"down": {"uv": [0, 0, 4.3, 1.9], "texture": "#1"}
			}
		},
		{
			"from": [7.45, 13.1, -1.15],
			"to": [11.1, 14.625, 0.75],
			"rotation": {"angle": -22.5, "axis": "z", "origin": [8.5, 13.05, 0.5]},
			"faces": {
				"north": {"uv": [0, 0, 3.65, 1.525], "texture": "#1"},
				"east": {"uv": [0, 0, 1.9, 1.525], "texture": "#1"},
				"south": {"uv": [0, 0, 3.65, 1.525], "texture": "#1"},
				"west": {"uv": [0, 0, 1.9, 1.525], "texture": "#1"},
				"up": {"uv": [0, 0, 3.65, 1.9], "texture": "#1"},
				"down": {"uv": [0, 0, 3.65, 1.9], "texture": "#1"}
			}
		},
		{
			"from": [14.74083, 12.73451, -1.15],
			"to": [14.84083, 13.43451, 0.75],
			"rotation": {"angle": 45, "axis": "z", "origin": [14.19083, 12.53451, 0.5]},
			"faces": {
				"north": {"uv": [0, 0, 2, 0.1], "rotation": 270, "texture": "#1"},
				"east": {"uv": [0, 0, 2, 1], "rotation": 90, "texture": "#1"},
				"south": {"uv": [0, 0, 2, 0.1], "rotation": 90, "texture": "#1"},
				"west": {"uv": [0, 0, 2, 1], "rotation": 90, "texture": "#1"},
				"up": {"uv": [0, 0, 1, 0.1], "rotation": 90, "texture": "#1"},
				"down": {"uv": [0, 0, 1, 0.1], "rotation": 90, "texture": "#1"}
			}
		},
		{
			"from": [14.64083, 12.83451, -1.15],
			"to": [14.74083, 13.53451, 0.75],
			"rotation": {"angle": 45, "axis": "z", "origin": [14.19083, 12.53451, 0.5]},
			"faces": {
				"north": {"uv": [0, 0, 2, 0.1], "rotation": 270, "texture": "#1"},
				"east": {"uv": [0, 0, 2, 1], "rotation": 90, "texture": "#1"},
				"south": {"uv": [0, 0, 2, 0.1], "rotation": 90, "texture": "#1"},
				"west": {"uv": [0, 0, 2, 1], "rotation": 90, "texture": "#1"},
				"up": {"uv": [0, 0, 1, 0.1], "rotation": 90, "texture": "#1"},
				"down": {"uv": [0, 0, 1, 0.1], "rotation": 90, "texture": "#1"}
			}
		},
		{
			"from": [13.56175, 13.36457, -1.15],
			"to": [14.16175, 14.66457, 0.75],
			"rotation": {"angle": 22.5, "axis": "z", "origin": [13.51175, 13.16457, 0.5]},
			"faces": {
				"north": {"uv": [0, 0, 2, 0.1], "rotation": 270, "texture": "#1"},
				"east": {"uv": [0, 0, 2, 1], "rotation": 90, "texture": "#1"},
				"south": {"uv": [0, 0, 2, 0.1], "rotation": 90, "texture": "#1"},
				"west": {"uv": [0, 0, 2, 1], "rotation": 90, "texture": "#1"},
				"up": {"uv": [0, 0, 1, 0.1], "rotation": 90, "texture": "#1"},
				"down": {"uv": [0, 0, 1, 0.1], "rotation": 90, "texture": "#1"}
			}
		},
		{
			"from": [13.67546, 14.20653, -1.15],
			"to": [14.57546, 14.70653, 0.75],
			"rotation": {"angle": 0, "axis": "z", "origin": [14.57546, 13.65653, 0.5]},
			"faces": {
				"north": {"uv": [0, 0, 2, 0.1], "texture": "#1"},
				"east": {"uv": [0, 0, 1, 0.1], "texture": "#1"},
				"south": {"uv": [0, 0, 2, 0.1], "texture": "#1"},
				"west": {"uv": [0, 0, 1, 0.1], "texture": "#1"},
				"up": {"uv": [0, 0, 2, 1], "texture": "#1"},
				"down": {"uv": [0, 0, 2, 1], "texture": "#1"}
			}
		},
		{
			"from": [13.12494, 14.45528, -1.15],
			"to": [14.62494, 15.75528, 0.75],
			"rotation": {"angle": -22.5, "axis": "z", "origin": [13.97494, 14.45528, 0.5]},
			"faces": {
				"north": {"uv": [0, 0, 2, 0.1], "rotation": 270, "texture": "#1"},
				"east": {"uv": [0, 0, 2, 1], "rotation": 90, "texture": "#1"},
				"south": {"uv": [0, 0, 2, 0.1], "rotation": 90, "texture": "#1"},
				"west": {"uv": [0, 0, 2, 1], "rotation": 90, "texture": "#1"},
				"up": {"uv": [0, 0, 1, 0.1], "rotation": 90, "texture": "#1"},
				"down": {"uv": [0, 0, 1, 0.1], "rotation": 90, "texture": "#1"}
			}
		},
		{
			"from": [13.67295, 15.40758, -1.15],
			"to": [15.07295, 15.70758, 0.75],
			"rotation": {"angle": 0, "axis": "z", "origin": [15.02295, 16.05758, 0.5]},
			"faces": {
				"north": {"uv": [0, 0, 2, 0.1], "rotation": 270, "texture": "#1"},
				"east": {"uv": [0, 0, 2, 1], "rotation": 90, "texture": "#1"},
				"south": {"uv": [0, 0, 2, 0.1], "rotation": 90, "texture": "#1"},
				"west": {"uv": [0, 0, 2, 1], "rotation": 90, "texture": "#1"},
				"up": {"uv": [0, 0, 1, 0.1], "rotation": 90, "texture": "#1"},
				"down": {"uv": [0, 0, 1, 0.1], "rotation": 90, "texture": "#1"}
			}
		},
		{
			"from": [13.32798, 15.48184, -1.15],
			"to": [14.62798, 16.78184, 0.75],
			"rotation": {"angle": 45, "axis": "z", "origin": [14.57798, 16.13184, 0.5]},
			"faces": {
				"north": {"uv": [0, 0, 2, 0.1], "rotation": 270, "texture": "#1"},
				"east": {"uv": [0, 0, 2, 1], "rotation": 90, "texture": "#1"},
				"south": {"uv": [0, 0, 2, 0.1], "rotation": 90, "texture": "#1"},
				"west": {"uv": [0, 0, 2, 1], "rotation": 90, "texture": "#1"},
				"up": {"uv": [0, 0, 1, 0.1], "rotation": 90, "texture": "#1"},
				"down": {"uv": [0, 0, 1, 0.1], "rotation": 90, "texture": "#1"}
			}
		},
		{
			"from": [11.683, 14.25611, -1.15],
			"to": [14.183, 17.35611, 0.75],
			"rotation": {"angle": 0, "axis": "z", "origin": [14.133, 17.20611, 0.5]},
			"faces": {
				"north": {"uv": [0, 0, 2, 0.1], "rotation": 270, "texture": "#1"},
				"east": {"uv": [0, 0, 2, 1], "rotation": 90, "texture": "#1"},
				"south": {"uv": [0, 0, 2, 0.1], "rotation": 90, "texture": "#1"},
				"west": {"uv": [0, 0, 2, 1], "rotation": 90, "texture": "#1"},
				"up": {"uv": [0, 0, 1, 0.1], "rotation": 90, "texture": "#1"},
				"down": {"uv": [0, 0, 1, 0.1], "rotation": 90, "texture": "#1"}
			}
		},
		{
			"from": [11.53803, 17.13037, -1.15],
			"to": [13.73803, 18.93037, 0.75],
			"rotation": {"angle": 45, "axis": "z", "origin": [13.68803, 17.78037, 0.5]},
			"faces": {
				"north": {"uv": [0, 0, 2, 0.1], "rotation": 270, "texture": "#1"},
				"east": {"uv": [0, 0, 2, 1], "rotation": 90, "texture": "#1"},
				"south": {"uv": [0, 0, 2, 0.1], "rotation": 90, "texture": "#1"},
				"west": {"uv": [0, 0, 2, 1], "rotation": 90, "texture": "#1"},
				"up": {"uv": [0, 0, 1, 0.1], "rotation": 90, "texture": "#1"},
				"down": {"uv": [0, 0, 1, 0.1], "rotation": 90, "texture": "#1"}
			}
		},
		{
			"from": [11.7002, 17.88163, -1.15],
			"to": [13.7002, 19.18163, 0.75],
			"rotation": {"angle": 22.5, "axis": "z", "origin": [13.6502, 17.73163, 0.5]},
			"faces": {
				"north": {"uv": [0, 0, 2, 0.1], "rotation": 270, "texture": "#1"},
				"east": {"uv": [0, 0, 2, 1], "rotation": 90, "texture": "#1"},
				"south": {"uv": [0, 0, 2, 0.1], "rotation": 90, "texture": "#1"},
				"west": {"uv": [0, 0, 2, 1], "rotation": 90, "texture": "#1"},
				"up": {"uv": [0, 0, 1, 0.1], "rotation": 90, "texture": "#1"},
				"down": {"uv": [0, 0, 1, 0.1], "rotation": 90, "texture": "#1"}
			}
		},
		{
			"from": [12.67185, 17.94294, -1.15],
			"to": [13.17185, 19.34294, 0.75],
			"rotation": {"angle": -22.5, "axis": "z", "origin": [12.52185, 19.29294, 0.5]},
			"faces": {
				"north": {"uv": [0, 0, 2, 0.1], "texture": "#1"},
				"east": {"uv": [0, 0, 1, 0.1], "texture": "#1"},
				"south": {"uv": [0, 0, 2, 0.1], "texture": "#1"},
				"west": {"uv": [0, 0, 1, 0.1], "texture": "#1"},
				"up": {"uv": [0, 0, 2, 1], "texture": "#1"},
				"down": {"uv": [0, 0, 2, 1], "texture": "#1"}
			}
		},
		{
			"from": [11.57957, 17.88173, -1.15],
			"to": [12.67957, 19.28173, 0.75],
			"rotation": {"angle": 0, "axis": "z", "origin": [12.02957, 19.23173, 0.5]},
			"faces": {
				"north": {"uv": [0, 0, 2, 0.1], "texture": "#1"},
				"east": {"uv": [0, 0, 1, 0.1], "texture": "#1"},
				"south": {"uv": [0, 0, 2, 0.1], "texture": "#1"},
				"west": {"uv": [0, 0, 1, 0.1], "texture": "#1"},
				"up": {"uv": [0, 0, 2, 1], "texture": "#1"},
				"down": {"uv": [0, 0, 2, 1], "texture": "#1"}
			}
		},
		{
			"from": [12.07957, 19.28173, 0.1],
			"to": [12.67957, 20.38173, 0.75],
			"rotation": {"angle": -45, "axis": "z", "origin": [12.02957, 19.23173, 0.5]},
			"faces": {
				"north": {"uv": [0, 0, 2, 0.1], "texture": "#1"},
				"east": {"uv": [0, 0, 1, 0.1], "texture": "#1"},
				"south": {"uv": [0, 0, 2, 0.1], "texture": "#1"},
				"west": {"uv": [0, 0, 1, 0.1], "texture": "#1"},
				"up": {"uv": [0, 0, 2, 1], "texture": "#1"},
				"down": {"uv": [0, 0, 2, 1], "texture": "#1"}
			}
		},
		{
			"from": [12.93889, 19.00393, 0.1],
			"to": [14.13889, 19.60393, 0.75],
			"rotation": {"angle": 22.5, "axis": "z", "origin": [11.88889, 19.65393, 0.5]},
			"faces": {
				"north": {"uv": [0, 0, 2, 0.1], "rotation": 270, "texture": "#1"},
				"east": {"uv": [0, 0, 2, 1], "rotation": 90, "texture": "#1"},
				"south": {"uv": [0, 0, 2, 0.1], "rotation": 90, "texture": "#1"},
				"west": {"uv": [0, 0, 2, 1], "rotation": 90, "texture": "#1"},
				"up": {"uv": [0, 0, 1, 0.1], "rotation": 90, "texture": "#1"},
				"down": {"uv": [0, 0, 1, 0.1], "rotation": 90, "texture": "#1"}
			}
		},
		{
			"from": [12.07957, 19.28173, -1.15],
			"to": [12.67957, 20.38173, -0.5],
			"rotation": {"angle": -45, "axis": "z", "origin": [12.02957, 19.23173, -0.75]},
			"faces": {
				"north": {"uv": [0, 0, 2, 0.1], "texture": "#1"},
				"east": {"uv": [0, 0, 1, 0.1], "texture": "#1"},
				"south": {"uv": [0, 0, 2, 0.1], "texture": "#1"},
				"west": {"uv": [0, 0, 1, 0.1], "texture": "#1"},
				"up": {"uv": [0, 0, 2, 1], "texture": "#1"},
				"down": {"uv": [0, 0, 2, 1], "texture": "#1"}
			}
		},
		{
			"from": [12.93889, 19.00393, -1.15],
			"to": [14.13889, 19.60393, -0.5],
			"rotation": {"angle": 22.5, "axis": "z", "origin": [11.88889, 19.65393, -0.75]},
			"faces": {
				"north": {"uv": [0, 0, 2, 0.1], "rotation": 270, "texture": "#1"},
				"east": {"uv": [0, 0, 2, 1], "rotation": 90, "texture": "#1"},
				"south": {"uv": [0, 0, 2, 0.1], "rotation": 90, "texture": "#1"},
				"west": {"uv": [0, 0, 2, 1], "rotation": 90, "texture": "#1"},
				"up": {"uv": [0, 0, 1, 0.1], "rotation": 90, "texture": "#1"},
				"down": {"uv": [0, 0, 1, 0.1], "rotation": 90, "texture": "#1"}
			}
		},
		{
			"from": [9.81877, 16.68736, -1.15],
			"to": [11.51877, 19.68736, 0.75],
			"rotation": {"angle": 22.5, "axis": "z", "origin": [12.56877, 19.63736, 0.5]},
			"faces": {
				"north": {"uv": [0, 0, 2, 0.1], "texture": "#1"},
				"east": {"uv": [0, 0, 1, 0.1], "texture": "#1"},
				"south": {"uv": [0, 0, 2, 0.1], "texture": "#1"},
				"west": {"uv": [0, 0, 1, 0.1], "texture": "#1"},
				"up": {"uv": [0, 0, 2, 1], "texture": "#1"},
				"down": {"uv": [0, 0, 2, 1], "texture": "#1"}
			}
		},
		{
			"from": [9.13679, 17.18828, -1.15],
			"to": [9.73679, 19.38828, 0.75],
			"rotation": {"angle": 45, "axis": "z", "origin": [10.78679, 19.33828, 0.5]},
			"faces": {
				"north": {"uv": [0, 0, 2, 0.1], "texture": "#1"},
				"east": {"uv": [0, 0, 1, 0.1], "texture": "#1"},
				"south": {"uv": [0, 0, 2, 0.1], "texture": "#1"},
				"west": {"uv": [0, 0, 1, 0.1], "texture": "#1"},
				"up": {"uv": [0, 0, 2, 1], "texture": "#1"},
				"down": {"uv": [0, 0, 2, 1], "texture": "#1"}
			}
		},
		{
			"from": [9.98272, 14.70785, -1.15],
			"to": [10.08272, 18.10785, 0.75],
			"rotation": {"angle": -22.5, "axis": "z", "origin": [10.03272, 19.15785, 0.5]},
			"faces": {
				"north": {"uv": [0, 0, 2, 0.1], "rotation": 90, "texture": "#1"},
				"east": {"uv": [0, 0, 2, 1], "rotation": 270, "texture": "#1"},
				"south": {"uv": [0, 0, 2, 0.1], "rotation": 270, "texture": "#1"},
				"west": {"uv": [0, 0, 2, 1], "rotation": 270, "texture": "#1"},
				"up": {"uv": [0, 0, 1, 0.1], "rotation": 270, "texture": "#1"},
				"down": {"uv": [0, 0, 1, 0.1], "rotation": 270, "texture": "#1"}
			}
		},
		{
			"from": [7.08854, 13.46072, -1.15],
			"to": [7.18854, 15.56072, 0.75],
			"rotation": {"angle": -45, "axis": "z", "origin": [7.13854, 13.86072, 0.5]},
			"faces": {
				"north": {"uv": [0, 0, 2, 0.1], "rotation": 90, "texture": "#1"},
				"east": {"uv": [0, 0, 2, 1], "rotation": 270, "texture": "#1"},
				"south": {"uv": [0, 0, 2, 0.1], "rotation": 270, "texture": "#1"},
				"west": {"uv": [0, 0, 2, 1], "rotation": 270, "texture": "#1"},
				"up": {"uv": [0, 0, 1, 0.1], "rotation": 270, "texture": "#1"},
				"down": {"uv": [0, 0, 1, 0.1], "rotation": 270, "texture": "#1"}
			}
		},
		{
			"from": [7.18854, 13.68572, -1.15],
			"to": [7.68854, 15.56072, 0.75],
			"rotation": {"angle": -45, "axis": "z", "origin": [7.13854, 13.86072, 0.5]},
			"faces": {
				"north": {"uv": [0, 0, 2, 0.1], "rotation": 90, "texture": "#1"},
				"east": {"uv": [0, 0, 2, 1], "rotation": 270, "texture": "#1"},
				"south": {"uv": [0, 0, 2, 0.1], "rotation": 270, "texture": "#1"},
				"west": {"uv": [0, 0, 2, 1], "rotation": 270, "texture": "#1"},
				"up": {"uv": [0, 0, 1, 0.1], "rotation": 270, "texture": "#1"},
				"down": {"uv": [0, 0, 1, 0.1], "rotation": 270, "texture": "#1"}
			}
		},
		{
			"from": [13.91838, 12.8909, -1.15],
			"to": [14.61838, 13.2909, 0.75],
			"rotation": {"angle": 45, "axis": "z", "origin": [13.96838, 12.6909, 0.5]},
			"faces": {
				"north": {"uv": [0, 0, 2, 0.1], "rotation": 270, "texture": "#1"},
				"east": {"uv": [0, 0, 2, 1], "rotation": 90, "texture": "#1"},
				"south": {"uv": [0, 0, 2, 0.1], "rotation": 90, "texture": "#1"},
				"west": {"uv": [0, 0, 2, 1], "rotation": 90, "texture": "#1"},
				"up": {"uv": [0, 0, 1, 0.1], "rotation": 90, "texture": "#1"},
				"down": {"uv": [0, 0, 1, 0.1], "rotation": 90, "texture": "#1"}
			}
		},
		{
			"from": [13.7268, 13.02277, -1.15],
			"to": [14.4268, 13.22277, 0.75],
			"rotation": {"angle": 22.5, "axis": "z", "origin": [14.3268, 13.07277, 0.5]},
			"faces": {
				"north": {"uv": [0, 0, 2, 0.1], "texture": "#1"},
				"east": {"uv": [0, 0, 1, 0.1], "texture": "#1"},
				"south": {"uv": [0, 0, 2, 0.1], "texture": "#1"},
				"west": {"uv": [0, 0, 1, 0.1], "texture": "#1"},
				"up": {"uv": [0, 0, 2, 1], "texture": "#1"},
				"down": {"uv": [0, 0, 2, 1], "texture": "#1"}
			}
		},
		{
			"from": [14.25106, 13.32103, -0.9],
			"to": [14.45106, 14.42103, 0.5],
			"rotation": {"angle": 45, "axis": "z", "origin": [14.10106, 13.57103, -0.2]},
			"faces": {
				"north": {"uv": [0, 0, 2, 0.1], "rotation": 270, "texture": "#10"},
				"east": {"uv": [0, 0, 2, 1], "rotation": 90, "texture": "#10"},
				"south": {"uv": [0, 0, 2, 0.1], "rotation": 90, "texture": "#10"},
				"west": {"uv": [0, 0, 2, 1], "rotation": 90, "texture": "#10"},
				"up": {"uv": [0, 0, 1, 0.1], "rotation": 90, "texture": "#10"},
				"down": {"uv": [0, 0, 1, 0.1], "rotation": 90, "texture": "#10"}
			}
		},
		{
			"from": [14.32532, 13.44174, -0.9],
			"to": [14.52532, 13.64174, 0.5],
			"rotation": {"angle": 0, "axis": "z", "origin": [14.17532, 12.79174, -0.2]},
			"faces": {
				"north": {"uv": [0, 0, 2, 0.1], "rotation": 270, "texture": "#10"},
				"east": {"uv": [0, 0, 2, 1], "rotation": 90, "texture": "#10"},
				"south": {"uv": [0, 0, 2, 0.1], "rotation": 90, "texture": "#10"},
				"west": {"uv": [0, 0, 2, 1], "rotation": 90, "texture": "#10"},
				"up": {"uv": [0, 0, 1, 0.1], "rotation": 90, "texture": "#10"},
				"down": {"uv": [0, 0, 1, 0.1], "rotation": 90, "texture": "#10"}
			}
		},
		{
			"from": [12.82679, 13.63819, -0.9],
			"to": [14.02679, 13.93819, 0.5],
			"rotation": {"angle": -45, "axis": "z", "origin": [13.67679, 13.08819, -0.2]},
			"faces": {
				"north": {"uv": [0, 0, 2, 0.1], "rotation": 270, "texture": "#10"},
				"east": {"uv": [0, 0, 2, 1], "rotation": 90, "texture": "#10"},
				"south": {"uv": [0, 0, 2, 0.1], "rotation": 90, "texture": "#10"},
				"west": {"uv": [0, 0, 2, 1], "rotation": 90, "texture": "#10"},
				"up": {"uv": [0, 0, 1, 0.1], "rotation": 90, "texture": "#10"},
				"down": {"uv": [0, 0, 1, 0.1], "rotation": 90, "texture": "#10"}
			}
		},
		{
			"name": "hexadecagon",
			"from": [13.35027, 14.25, -1.3],
			"to": [13.44973, 14.75, 0.9],
			"rotation": {"angle": -45, "axis": "z", "origin": [13.4, 14.5, 0.3]},
			"faces": {
				"north": {"uv": [0, 0, 1, 1], "texture": "#9"},
				"east": {"uv": [0, 0, 1, 1], "texture": "#9"},
				"south": {"uv": [0, 0, 1, 1], "texture": "#9"},
				"west": {"uv": [0, 0, 1, 1], "texture": "#9"},
				"up": {"uv": [0, 0, 1, 1], "texture": "#9"},
				"down": {"uv": [0, 0, 1, 1], "texture": "#9"}
			}
		},
		{
			"name": "hexadecagon",
			"from": [13.35027, 14.25, -1.3],
			"to": [13.44973, 14.75, 0.9],
			"rotation": {"angle": -22.5, "axis": "z", "origin": [13.4, 14.5, 0.3]},
			"faces": {
				"north": {"uv": [0, 0, 1, 1], "texture": "#9"},
				"east": {"uv": [0, 0, 1, 1], "texture": "#9"},
				"south": {"uv": [0, 0, 1, 1], "texture": "#9"},
				"west": {"uv": [0, 0, 1, 1], "texture": "#9"},
				"up": {"uv": [0, 0, 1, 1], "texture": "#9"},
				"down": {"uv": [0, 0, 1, 1], "texture": "#9"}
			}
		},
		{
			"name": "hexadecagon",
			"from": [13.35027, 14.25, -1.3],
			"to": [13.44973, 14.75, 0.9],
			"rotation": {"angle": 0, "axis": "z", "origin": [13.4, 14.5, 0.3]},
			"faces": {
				"north": {"uv": [0, 0, 1, 1], "texture": "#9"},
				"east": {"uv": [0, 0, 1, 1], "texture": "#9"},
				"south": {"uv": [0, 0, 1, 1], "texture": "#9"},
				"west": {"uv": [0, 0, 1, 1], "texture": "#9"},
				"up": {"uv": [0, 0, 1, 1], "texture": "#9"},
				"down": {"uv": [0, 0, 1, 1], "texture": "#9"}
			}
		},
		{
			"name": "hexadecagon",
			"from": [13.35027, 14.25, -1.3],
			"to": [13.44973, 14.75, 0.9],
			"rotation": {"angle": 22.5, "axis": "z", "origin": [13.4, 14.5, 0.3]},
			"faces": {
				"north": {"uv": [0, 0, 1, 1], "texture": "#9"},
				"east": {"uv": [0, 0, 1, 1], "texture": "#9"},
				"south": {"uv": [0, 0, 1, 1], "texture": "#9"},
				"west": {"uv": [0, 0, 1, 1], "texture": "#9"},
				"up": {"uv": [0, 0, 1, 1], "texture": "#9"},
				"down": {"uv": [0, 0, 1, 1], "texture": "#9"}
			}
		},
		{
			"name": "hexadecagon",
			"from": [13.35027, 14.25, -1.3],
			"to": [13.44973, 14.75, 0.9],
			"rotation": {"angle": 45, "axis": "z", "origin": [13.4, 14.5, 0.3]},
			"faces": {
				"north": {"uv": [0, 0, 1, 1], "texture": "#9"},
				"east": {"uv": [0, 0, 1, 1], "texture": "#9"},
				"south": {"uv": [0, 0, 1, 1], "texture": "#9"},
				"west": {"uv": [0, 0, 1, 1], "texture": "#9"},
				"up": {"uv": [0, 0, 1, 1], "texture": "#9"},
				"down": {"uv": [0, 0, 1, 1], "texture": "#9"}
			}
		},
		{
			"name": "hexadecagon",
			"from": [13.15, 14.45027, -1.3],
			"to": [13.65, 14.54973, 0.9],
			"rotation": {"angle": -22.5, "axis": "z", "origin": [13.4, 14.5, 0.3]},
			"faces": {
				"north": {"uv": [0, 0, 1, 1], "texture": "#9"},
				"east": {"uv": [0, 0, 1, 1], "texture": "#9"},
				"south": {"uv": [0, 0, 1, 1], "texture": "#9"},
				"west": {"uv": [0, 0, 1, 1], "texture": "#9"},
				"up": {"uv": [0, 0, 1, 1], "texture": "#9"},
				"down": {"uv": [0, 0, 1, 1], "texture": "#9"}
			}
		},
		{
			"name": "hexadecagon",
			"from": [13.15, 14.45027, -1.3],
			"to": [13.65, 14.54973, 0.9],
			"rotation": {"angle": 0, "axis": "z", "origin": [13.4, 14.5, 0.3]},
			"faces": {
				"north": {"uv": [0, 0, 1, 1], "texture": "#9"},
				"east": {"uv": [0, 0, 1, 1], "texture": "#9"},
				"south": {"uv": [0, 0, 1, 1], "texture": "#9"},
				"west": {"uv": [0, 0, 1, 1], "texture": "#9"},
				"up": {"uv": [0, 0, 1, 1], "texture": "#9"},
				"down": {"uv": [0, 0, 1, 1], "texture": "#9"}
			}
		},
		{
			"name": "hexadecagon",
			"from": [13.15, 14.45027, -1.3],
			"to": [13.65, 14.54973, 0.9],
			"rotation": {"angle": 22.5, "axis": "z", "origin": [13.4, 14.5, 0.3]},
			"faces": {
				"north": {"uv": [0, 0, 1, 1], "texture": "#9"},
				"east": {"uv": [0, 0, 1, 1], "texture": "#9"},
				"south": {"uv": [0, 0, 1, 1], "texture": "#9"},
				"west": {"uv": [0, 0, 1, 1], "texture": "#9"},
				"up": {"uv": [0, 0, 1, 1], "texture": "#9"},
				"down": {"uv": [0, 0, 1, 1], "texture": "#9"}
			}
		},
		{
			"name": "hexadecagon",
			"from": [13.32044, 14.1, -1.225],
			"to": [13.47956, 14.9, 0.825],
			"rotation": {"angle": -45, "axis": "z", "origin": [13.4, 14.5, -0.2]},
			"faces": {
				"north": {"uv": [0, 0, 1, 1], "texture": "#8"},
				"east": {"uv": [0, 0, 1, 1], "texture": "#8"},
				"south": {"uv": [0, 0, 1, 1], "texture": "#8"},
				"west": {"uv": [0, 0, 1, 1], "texture": "#8"},
				"up": {"uv": [0, 0, 1, 1], "texture": "#8"},
				"down": {"uv": [0, 0, 1, 1], "texture": "#8"}
			}
		},
		{
			"name": "hexadecagon",
			"from": [13.32044, 14.1, -1.225],
			"to": [13.47956, 14.9, 0.825],
			"rotation": {"angle": -22.5, "axis": "z", "origin": [13.4, 14.5, -0.2]},
			"faces": {
				"north": {"uv": [0, 0, 1, 1], "texture": "#8"},
				"east": {"uv": [0, 0, 1, 1], "texture": "#8"},
				"south": {"uv": [0, 0, 1, 1], "texture": "#8"},
				"west": {"uv": [0, 0, 1, 1], "texture": "#8"},
				"up": {"uv": [0, 0, 1, 1], "texture": "#8"},
				"down": {"uv": [0, 0, 1, 1], "texture": "#8"}
			}
		},
		{
			"name": "hexadecagon",
			"from": [13.32044, 14.1, -1.225],
			"to": [13.47956, 14.9, 0.825],
			"rotation": {"angle": 0, "axis": "z", "origin": [13.4, 14.5, -0.2]},
			"faces": {
				"north": {"uv": [0, 0, 1, 1], "texture": "#8"},
				"east": {"uv": [0, 0, 1, 1], "texture": "#8"},
				"south": {"uv": [0, 0, 1, 1], "texture": "#8"},
				"west": {"uv": [0, 0, 1, 1], "texture": "#8"},
				"up": {"uv": [0, 0, 1, 1], "texture": "#8"},
				"down": {"uv": [0, 0, 1, 1], "texture": "#8"}
			}
		},
		{
			"name": "hexadecagon",
			"from": [13.32044, 14.1, -1.225],
			"to": [13.47956, 14.9, 0.825],
			"rotation": {"angle": 22.5, "axis": "z", "origin": [13.4, 14.5, -0.2]},
			"faces": {
				"north": {"uv": [0, 0, 1, 1], "texture": "#8"},
				"east": {"uv": [0, 0, 1, 1], "texture": "#8"},
				"south": {"uv": [0, 0, 1, 1], "texture": "#8"},
				"west": {"uv": [0, 0, 1, 1], "texture": "#8"},
				"up": {"uv": [0, 0, 1, 1], "texture": "#8"},
				"down": {"uv": [0, 0, 1, 1], "texture": "#8"}
			}
		},
		{
			"name": "hexadecagon",
			"from": [13.32044, 14.1, -1.225],
			"to": [13.47956, 14.9, 0.825],
			"rotation": {"angle": 45, "axis": "z", "origin": [13.4, 14.5, -0.2]},
			"faces": {
				"north": {"uv": [0, 0, 1, 1], "texture": "#8"},
				"east": {"uv": [0, 0, 1, 1], "texture": "#8"},
				"south": {"uv": [0, 0, 1, 1], "texture": "#8"},
				"west": {"uv": [0, 0, 1, 1], "texture": "#8"},
				"up": {"uv": [0, 0, 1, 1], "texture": "#8"},
				"down": {"uv": [0, 0, 1, 1], "texture": "#8"}
			}
		},
		{
			"name": "hexadecagon",
			"from": [13, 14.42044, -1.225],
			"to": [13.8, 14.57956, 0.825],
			"rotation": {"angle": -22.5, "axis": "z", "origin": [13.4, 14.5, -0.2]},
			"faces": {
				"north": {"uv": [0, 0, 1, 1], "texture": "#8"},
				"east": {"uv": [0, 0, 1, 1], "texture": "#8"},
				"south": {"uv": [0, 0, 1, 1], "texture": "#8"},
				"west": {"uv": [0, 0, 1, 1], "texture": "#8"},
				"up": {"uv": [0, 0, 1, 1], "texture": "#8"},
				"down": {"uv": [0, 0, 1, 1], "texture": "#8"}
			}
		},
		{
			"name": "hexadecagon",
			"from": [13, 14.42044, -1.225],
			"to": [13.8, 14.57956, 0.825],
			"rotation": {"angle": 0, "axis": "z", "origin": [13.4, 14.5, -0.2]},
			"faces": {
				"north": {"uv": [0, 0, 1, 1], "texture": "#8"},
				"east": {"uv": [0, 0, 1, 1], "texture": "#8"},
				"south": {"uv": [0, 0, 1, 1], "texture": "#8"},
				"west": {"uv": [0, 0, 1, 1], "texture": "#8"},
				"up": {"uv": [0, 0, 1, 1], "texture": "#8"},
				"down": {"uv": [0, 0, 1, 1], "texture": "#8"}
			}
		},
		{
			"name": "hexadecagon",
			"from": [13, 14.42044, -1.225],
			"to": [13.8, 14.57956, 0.825],
			"rotation": {"angle": 22.5, "axis": "z", "origin": [13.4, 14.5, -0.2]},
			"faces": {
				"north": {"uv": [0, 0, 1, 1], "texture": "#8"},
				"east": {"uv": [0, 0, 1, 1], "texture": "#8"},
				"south": {"uv": [0, 0, 1, 1], "texture": "#8"},
				"west": {"uv": [0, 0, 1, 1], "texture": "#8"},
				"up": {"uv": [0, 0, 1, 1], "texture": "#8"},
				"down": {"uv": [0, 0, 1, 1], "texture": "#8"}
			}
		},
		{
			"from": [9.1, 13, -1.25],
			"to": [9.8, 13.5, 0.85],
			"rotation": {"angle": -22.5, "axis": "z", "origin": [8.5, 13.05, 0.5]},
			"faces": {
				"north": {"uv": [0, 0, 0.7, 0.5], "texture": "#2"},
				"east": {"uv": [0, 0, 2.1, 0.5], "texture": "#2"},
				"south": {"uv": [0, 0, 0.7, 0.5], "texture": "#2"},
				"west": {"uv": [0, 0, 2.1, 0.5], "texture": "#2"},
				"up": {"uv": [0, 0, 0.7, 2.1], "texture": "#2"},
				"down": {"uv": [0, 0, 0.7, 2.1], "texture": "#2"}
			}
		},
		{
			"from": [9.17325, 12.96826, -1.25],
			"to": [9.87325, 14.36826, 0.85],
			"rotation": {"angle": 0, "axis": "z", "origin": [8.57325, 13.01826, 0.5]},
			"faces": {
				"north": {"uv": [0, 0, 0.7, 1.4], "texture": "#2"},
				"east": {"uv": [0, 0, 2.1, 1.4], "texture": "#2"},
				"south": {"uv": [0, 0, 0.7, 1.4], "texture": "#2"},
				"west": {"uv": [0, 0, 2.1, 1.4], "texture": "#2"},
				"up": {"uv": [0, 0, 0.7, 2.1], "texture": "#2"},
				"down": {"uv": [0, 0, 0.7, 2.1], "texture": "#2"}
			}
		},
		{
			"from": [8.93201, 14.18103, -1.25],
			"to": [9.63201, 15.58103, 0.85],
			"rotation": {"angle": 22.5, "axis": "z", "origin": [9.28201, 14.88103, -0.2]},
			"faces": {
				"north": {"uv": [0, 0, 0.7, 1.4], "texture": "#2"},
				"east": {"uv": [0, 0, 2.1, 1.4], "texture": "#2"},
				"south": {"uv": [0, 0, 0.7, 1.4], "texture": "#2"},
				"west": {"uv": [0, 0, 2.1, 1.4], "texture": "#2"},
				"up": {"uv": [0, 0, 0.7, 2.1], "texture": "#2"},
				"down": {"uv": [0, 0, 0.7, 2.1], "texture": "#2"}
			}
		},
		{
			"from": [8.24503, 15.20918, -1.25],
			"to": [8.94503, 15.70918, 0.85],
			"rotation": {"angle": 45, "axis": "z", "origin": [8.59503, 15.90918, -0.2]},
			"faces": {
				"north": {"uv": [0, 0, 0.7, 0.5], "texture": "#2"},
				"east": {"uv": [0, 0, 2.1, 0.5], "texture": "#2"},
				"south": {"uv": [0, 0, 0.7, 0.5], "texture": "#2"},
				"west": {"uv": [0, 0, 2.1, 0.5], "texture": "#2"},
				"up": {"uv": [0, 0, 0.7, 2.1], "texture": "#2"},
				"down": {"uv": [0, 0, 0.7, 2.1], "texture": "#2"}
			}
		},
		{
			"from": [8.62829, 15.60976, -1.25],
			"to": [8.90329, 16.30976, 0.85],
			"rotation": {"angle": -22.5, "axis": "z", "origin": [8.20329, 15.95976, -0.2]},
			"faces": {
				"north": {"uv": [0, 0, 0.7, 0.275], "rotation": 90, "texture": "#2"},
				"east": {"uv": [0, 0, 0.7, 2.1], "rotation": 270, "texture": "#2"},
				"south": {"uv": [0, 0, 0.7, 0.275], "rotation": 270, "texture": "#2"},
				"west": {"uv": [0, 0, 0.7, 2.1], "rotation": 270, "texture": "#2"},
				"up": {"uv": [0, 0, 2.1, 0.275], "rotation": 270, "texture": "#2"},
				"down": {"uv": [0, 0, 2.1, 0.275], "rotation": 270, "texture": "#2"}
			}
		},
		{
			"from": [9.8, 13, -1.225],
			"to": [10.3, 13.5, 0.825],
			"rotation": {"angle": -22.5, "axis": "z", "origin": [8.5, 13.05, 0.5]},
			"faces": {
				"north": {"uv": [0, 0, 0.5, 0.5], "texture": "#4"},
				"east": {"uv": [0, 0, 2.05, 0.5], "texture": "#4"},
				"south": {"uv": [0, 0, 0.5, 0.5], "texture": "#4"},
				"west": {"uv": [0, 0, 2.05, 0.5], "texture": "#4"},
				"up": {"uv": [0, 0, 0.5, 2.05], "texture": "#4"},
				"down": {"uv": [0, 0, 0.5, 2.05], "texture": "#4"}
			}
		},
		{
			"from": [9.83519, 12.77692, -1.225],
			"to": [10.33519, 14.47692, 0.825],
			"rotation": {"angle": 0, "axis": "z", "origin": [8.53519, 12.12692, 0.5]},
			"faces": {
				"north": {"uv": [0, 0, 0.5, 1.7], "texture": "#4"},
				"east": {"uv": [0, 0, 2.05, 1.7], "texture": "#4"},
				"south": {"uv": [0, 0, 0.5, 1.7], "texture": "#4"},
				"west": {"uv": [0, 0, 2.05, 1.7], "texture": "#4"},
				"up": {"uv": [0, 0, 0.5, 2.05], "texture": "#4"},
				"down": {"uv": [0, 0, 0.5, 2.05], "texture": "#4"}
			}
		},
		{
			"from": [9.49067, 14.30893, -1.225],
			"to": [9.99067, 15.80893, 0.825],
			"rotation": {"angle": 22.5, "axis": "z", "origin": [9.74067, 15.25893, -0.2]},
			"faces": {
				"north": {"uv": [0, 0, 0.5, 1.5], "texture": "#4"},
				"east": {"uv": [0, 0, 2.05, 1.5], "texture": "#4"},
				"south": {"uv": [0, 0, 0.5, 1.5], "texture": "#4"},
				"west": {"uv": [0, 0, 2.05, 1.5], "texture": "#4"},
				"up": {"uv": [0, 0, 0.5, 2.05], "texture": "#4"},
				"down": {"uv": [0, 0, 0.5, 2.05], "texture": "#4"}
			}
		},
		{
			"from": [8.96264, 16.00771, -1.225],
			"to": [9.86264, 16.60771, 0.825],
			"rotation": {"angle": -45, "axis": "z", "origin": [8.91264, 16.35771, -0.2]},
			"faces": {
				"north": {"uv": [0, 0, 0.6, 0.9], "rotation": 90, "texture": "#4"},
				"east": {"uv": [0, 0, 0.6, 2.05], "rotation": 270, "texture": "#4"},
				"south": {"uv": [0, 0, 0.6, 0.9], "rotation": 270, "texture": "#4"},
				"west": {"uv": [0, 0, 0.6, 2.05], "rotation": 270, "texture": "#4"},
				"up": {"uv": [0, 0, 2.05, 0.9], "rotation": 270, "texture": "#4"},
				"down": {"uv": [0, 0, 2.05, 0.9], "rotation": 270, "texture": "#4"}
			}
		},
		{
			"from": [8.87641, 16.28171, -1.225],
			"to": [9.10141, 16.88171, 0.825],
			"rotation": {"angle": -22.5, "axis": "z", "origin": [8.15141, 16.63171, -0.2]},
			"faces": {
				"north": {"uv": [0, 0, 0.6, 0.225], "rotation": 90, "texture": "#4"},
				"east": {"uv": [0, 0, 0.6, 2.05], "rotation": 270, "texture": "#4"},
				"south": {"uv": [0, 0, 0.6, 0.225], "rotation": 270, "texture": "#4"},
				"west": {"uv": [0, 0, 0.6, 2.05], "rotation": 270, "texture": "#4"},
				"up": {"uv": [0, 0, 2.05, 0.225], "rotation": 270, "texture": "#4"},
				"down": {"uv": [0, 0, 2.05, 0.225], "rotation": 270, "texture": "#4"}
			}
		},
		{
			"from": [10.3, 13, -1.2],
			"to": [10.8, 13.5, 0.8],
			"rotation": {"angle": -22.5, "axis": "z", "origin": [8.5, 13.05, 0.5]},
			"faces": {
				"north": {"uv": [0, 0, 0.5, 0.5], "texture": "#5"},
				"east": {"uv": [0, 0, 2, 0.5], "texture": "#5"},
				"south": {"uv": [0, 0, 0.5, 0.5], "texture": "#5"},
				"west": {"uv": [0, 0, 2, 0.5], "texture": "#5"},
				"up": {"uv": [0, 0, 0.5, 2], "texture": "#5"},
				"down": {"uv": [0, 0, 0.5, 2], "texture": "#5"}
			}
		},
		{
			"from": [10.29713, 12.58557, -1.2],
			"to": [10.79713, 14.38557, 0.8],
			"rotation": {"angle": 0, "axis": "z", "origin": [8.49713, 12.13557, 0.5]},
			"faces": {
				"north": {"uv": [0, 0, 0.5, 1.8], "texture": "#5"},
				"east": {"uv": [0, 0, 2, 1.8], "texture": "#5"},
				"south": {"uv": [0, 0, 0.5, 1.8], "texture": "#5"},
				"west": {"uv": [0, 0, 2, 1.8], "texture": "#5"},
				"up": {"uv": [0, 0, 0.5, 2], "texture": "#5"},
				"down": {"uv": [0, 0, 0.5, 2], "texture": "#5"}
			}
		},
		{
			"from": [11.0271, 13.61578, -1.2],
			"to": [11.5271, 15.41578, 0.8],
			"rotation": {"angle": 22.5, "axis": "z", "origin": [9.2271, 12.16578, 0.5]},
			"faces": {
				"north": {"uv": [0, 0, 0.5, 1.8], "texture": "#5"},
				"east": {"uv": [0, 0, 2, 1.8], "texture": "#5"},
				"south": {"uv": [0, 0, 0.5, 1.8], "texture": "#5"},
				"west": {"uv": [0, 0, 2, 1.8], "texture": "#5"},
				"up": {"uv": [0, 0, 0.5, 2], "texture": "#5"},
				"down": {"uv": [0, 0, 0.5, 2], "texture": "#5"}
			}
		},
		{
			"from": [9.04513, 15.60818, -1.2],
			"to": [9.54513, 16.80818, 0.8],
			"rotation": {"angle": 45, "axis": "z", "origin": [9.29513, 16.50818, -0.2]},
			"faces": {
				"north": {"uv": [0, 0, 0.5, 1.2], "texture": "#5"},
				"east": {"uv": [0, 0, 2, 1.2], "texture": "#5"},
				"south": {"uv": [0, 0, 0.5, 1.2], "texture": "#5"},
				"west": {"uv": [0, 0, 2, 1.2], "texture": "#5"},
				"up": {"uv": [0, 0, 0.5, 2], "texture": "#5"},
				"down": {"uv": [0, 0, 0.5, 2], "texture": "#5"}
			}
		},
		{
			"from": [8.98149, 16.37785, -1.2],
			"to": [9.15649, 16.87785, 0.8],
			"rotation": {"angle": -22.5, "axis": "z", "origin": [9.25649, 16.62785, -0.2]},
			"faces": {
				"north": {"uv": [0, 0, 0.5, 0.175], "rotation": 90, "texture": "#5"},
				"east": {"uv": [0, 0, 0.5, 2], "rotation": 270, "texture": "#5"},
				"south": {"uv": [0, 0, 0.5, 0.175], "rotation": 270, "texture": "#5"},
				"west": {"uv": [0, 0, 0.5, 2], "rotation": 270, "texture": "#5"},
				"up": {"uv": [0, 0, 2, 0.175], "rotation": 270, "texture": "#5"},
				"down": {"uv": [0, 0, 2, 0.175], "rotation": 270, "texture": "#5"}
			}
		},
		{
			"name": "hexadecagon",
			"from": [12.30054, 15.1, -1.3],
			"to": [12.49946, 15.2, 0.9],
			"rotation": {"angle": -45, "axis": "z", "origin": [12.4, 15.6, 3.9]},
			"faces": {
				"north": {"uv": [4, 6, 5, 7], "texture": "#6"},
				"east": {"uv": [4, 6, 5, 7], "texture": "#6"},
				"south": {"uv": [4, 6, 5, 7], "texture": "#6"},
				"west": {"uv": [4, 6, 5, 7], "texture": "#6"},
				"up": {"uv": [4, 6, 5, 7], "texture": "#6"},
				"down": {"uv": [4, 6, 5, 7], "texture": "#6"}
			}
		},
		{
			"name": "hexadecagon",
			"from": [12.30054, 15.1, -1.3],
			"to": [12.49946, 15.2, 0.9],
			"rotation": {"angle": -22.5, "axis": "z", "origin": [12.4, 15.6, 3.9]},
			"faces": {
				"north": {"uv": [4, 6, 5, 7], "texture": "#6"},
				"east": {"uv": [4, 6, 5, 7], "texture": "#6"},
				"south": {"uv": [4, 6, 5, 7], "texture": "#6"},
				"west": {"uv": [4, 6, 5, 7], "texture": "#6"},
				"up": {"uv": [4, 6, 5, 7], "texture": "#6"},
				"down": {"uv": [4, 6, 5, 7], "texture": "#6"}
			}
		},
		{
			"name": "hexadecagon",
			"from": [12.30054, 15.1, -1.3],
			"to": [12.49946, 15.2, 0.9],
			"rotation": {"angle": 0, "axis": "z", "origin": [12.4, 15.6, 3.9]},
			"faces": {
				"north": {"uv": [4, 6, 5, 7], "texture": "#6"},
				"east": {"uv": [4, 6, 5, 7], "texture": "#6"},
				"south": {"uv": [4, 6, 5, 7], "texture": "#6"},
				"west": {"uv": [4, 6, 5, 7], "texture": "#6"},
				"up": {"uv": [4, 6, 5, 7], "texture": "#6"},
				"down": {"uv": [4, 6, 5, 7], "texture": "#6"}
			}
		},
		{
			"name": "hexadecagon",
			"from": [12.30054, 15.1, -1.3],
			"to": [12.49946, 15.2, 0.9],
			"rotation": {"angle": 22.5, "axis": "z", "origin": [12.4, 15.6, 3.9]},
			"faces": {
				"north": {"uv": [4, 6, 5, 7], "texture": "#6"},
				"east": {"uv": [4, 6, 5, 7], "texture": "#6"},
				"south": {"uv": [4, 6, 5, 7], "texture": "#6"},
				"west": {"uv": [4, 6, 5, 7], "texture": "#6"},
				"up": {"uv": [4, 6, 5, 7], "texture": "#6"},
				"down": {"uv": [4, 6, 5, 7], "texture": "#6"}
			}
		},
		{
			"name": "hexadecagon",
			"from": [12.30054, 15.1, -1.3],
			"to": [12.49946, 15.2, 0.9],
			"rotation": {"angle": 45, "axis": "z", "origin": [12.4, 15.6, 3.9]},
			"faces": {
				"north": {"uv": [4, 6, 5, 7], "texture": "#6"},
				"east": {"uv": [4, 6, 5, 7], "texture": "#6"},
				"south": {"uv": [4, 6, 5, 7], "texture": "#6"},
				"west": {"uv": [4, 6, 5, 7], "texture": "#6"},
				"up": {"uv": [4, 6, 5, 7], "texture": "#6"},
				"down": {"uv": [4, 6, 5, 7], "texture": "#6"}
			}
		},
		{
			"name": "hexadecagon",
			"from": [12.30054, 16, -1.3],
			"to": [12.49946, 16.1, 0.9],
			"rotation": {"angle": -45, "axis": "z", "origin": [12.4, 15.6, 3.9]},
			"faces": {
				"north": {"uv": [4, 6, 5, 7], "texture": "#6"},
				"east": {"uv": [4, 6, 5, 7], "texture": "#6"},
				"south": {"uv": [4, 6, 5, 7], "texture": "#6"},
				"west": {"uv": [4, 6, 5, 7], "texture": "#6"},
				"up": {"uv": [4, 6, 5, 7], "texture": "#6"},
				"down": {"uv": [4, 6, 5, 7], "texture": "#6"}
			}
		},
		{
			"name": "hexadecagon",
			"from": [12.30054, 16, -1.3],
			"to": [12.49946, 16.1, 0.9],
			"rotation": {"angle": -22.5, "axis": "z", "origin": [12.4, 15.6, 3.9]},
			"faces": {
				"north": {"uv": [4, 6, 5, 7], "texture": "#6"},
				"east": {"uv": [4, 6, 5, 7], "texture": "#6"},
				"south": {"uv": [4, 6, 5, 7], "texture": "#6"},
				"west": {"uv": [4, 6, 5, 7], "texture": "#6"},
				"up": {"uv": [4, 6, 5, 7], "texture": "#6"},
				"down": {"uv": [4, 6, 5, 7], "texture": "#6"}
			}
		},
		{
			"name": "hexadecagon",
			"from": [12.30054, 16, -1.3],
			"to": [12.49946, 16.1, 0.9],
			"rotation": {"angle": 0, "axis": "z", "origin": [12.4, 15.6, 3.9]},
			"faces": {
				"north": {"uv": [4, 6, 5, 7], "texture": "#6"},
				"east": {"uv": [4, 6, 5, 7], "texture": "#6"},
				"south": {"uv": [4, 6, 5, 7], "texture": "#6"},
				"west": {"uv": [4, 6, 5, 7], "texture": "#6"},
				"up": {"uv": [4, 6, 5, 7], "texture": "#6"},
				"down": {"uv": [4, 6, 5, 7], "texture": "#6"}
			}
		},
		{
			"name": "hexadecagon",
			"from": [12.30054, 16, -1.3],
			"to": [12.49946, 16.1, 0.9],
			"rotation": {"angle": 22.5, "axis": "z", "origin": [12.4, 15.6, 3.9]},
			"faces": {
				"north": {"uv": [4, 6, 5, 7], "texture": "#6"},
				"east": {"uv": [4, 6, 5, 7], "texture": "#6"},
				"south": {"uv": [4, 6, 5, 7], "texture": "#6"},
				"west": {"uv": [4, 6, 5, 7], "texture": "#6"},
				"up": {"uv": [4, 6, 5, 7], "texture": "#6"},
				"down": {"uv": [4, 6, 5, 7], "texture": "#6"}
			}
		},
		{
			"name": "hexadecagon",
			"from": [12.30054, 16, -1.3],
			"to": [12.49946, 16.1, 0.9],
			"rotation": {"angle": 45, "axis": "z", "origin": [12.4, 15.6, 3.9]},
			"faces": {
				"north": {"uv": [4, 6, 5, 7], "texture": "#6"},
				"east": {"uv": [4, 6, 5, 7], "texture": "#6"},
				"south": {"uv": [4, 6, 5, 7], "texture": "#6"},
				"west": {"uv": [4, 6, 5, 7], "texture": "#6"},
				"up": {"uv": [4, 6, 5, 7], "texture": "#6"},
				"down": {"uv": [4, 6, 5, 7], "texture": "#6"}
			}
		},
		{
			"name": "hexadecagon",
			"from": [11.9, 15.50054, -1.3],
			"to": [12, 15.69946, 0.9],
			"rotation": {"angle": -22.5, "axis": "z", "origin": [12.4, 15.6, 3.9]},
			"faces": {
				"north": {"uv": [4, 6, 5, 7], "texture": "#6"},
				"east": {"uv": [4, 6, 5, 7], "texture": "#6"},
				"south": {"uv": [4, 6, 5, 7], "texture": "#6"},
				"west": {"uv": [4, 6, 5, 7], "texture": "#6"},
				"up": {"uv": [4, 6, 5, 7], "texture": "#6"},
				"down": {"uv": [4, 6, 5, 7], "texture": "#6"}
			}
		},
		{
			"name": "hexadecagon",
			"from": [11.9, 15.50054, -1.3],
			"to": [12, 15.69946, 0.9],
			"rotation": {"angle": 0, "axis": "z", "origin": [12.4, 15.6, 3.9]},
			"faces": {
				"north": {"uv": [4, 6, 5, 7], "texture": "#6"},
				"east": {"uv": [4, 6, 5, 7], "texture": "#6"},
				"south": {"uv": [4, 6, 5, 7], "texture": "#6"},
				"west": {"uv": [4, 6, 5, 7], "texture": "#6"},
				"up": {"uv": [4, 6, 5, 7], "texture": "#6"},
				"down": {"uv": [4, 6, 5, 7], "texture": "#6"}
			}
		},
		{
			"name": "hexadecagon",
			"from": [11.9, 15.50054, -1.3],
			"to": [12, 15.69946, 0.9],
			"rotation": {"angle": 22.5, "axis": "z", "origin": [12.4, 15.6, 3.9]},
			"faces": {
				"north": {"uv": [4, 6, 5, 7], "texture": "#6"},
				"east": {"uv": [4, 6, 5, 7], "texture": "#6"},
				"south": {"uv": [4, 6, 5, 7], "texture": "#6"},
				"west": {"uv": [4, 6, 5, 7], "texture": "#6"},
				"up": {"uv": [4, 6, 5, 7], "texture": "#6"},
				"down": {"uv": [4, 6, 5, 7], "texture": "#6"}
			}
		},
		{
			"name": "hexadecagon",
			"from": [12.8, 15.50054, -1.3],
			"to": [12.9, 15.69946, 0.9],
			"rotation": {"angle": -22.5, "axis": "z", "origin": [12.4, 15.6, 3.9]},
			"faces": {
				"north": {"uv": [4, 6, 5, 7], "texture": "#6"},
				"east": {"uv": [4, 6, 5, 7], "texture": "#6"},
				"south": {"uv": [4, 6, 5, 7], "texture": "#6"},
				"west": {"uv": [4, 6, 5, 7], "texture": "#6"},
				"up": {"uv": [4, 6, 5, 7], "texture": "#6"},
				"down": {"uv": [4, 6, 5, 7], "texture": "#6"}
			}
		},
		{
			"name": "hexadecagon",
			"from": [12.8, 15.50054, -1.3],
			"to": [12.9, 15.69946, 0.9],
			"rotation": {"angle": 0, "axis": "z", "origin": [12.4, 15.6, 3.9]},
			"faces": {
				"north": {"uv": [4, 6, 5, 7], "texture": "#6"},
				"east": {"uv": [4, 6, 5, 7], "texture": "#6"},
				"south": {"uv": [4, 6, 5, 7], "texture": "#6"},
				"west": {"uv": [4, 6, 5, 7], "texture": "#6"},
				"up": {"uv": [4, 6, 5, 7], "texture": "#6"},
				"down": {"uv": [4, 6, 5, 7], "texture": "#6"}
			}
		},
		{
			"name": "hexadecagon",
			"from": [12.8, 15.50054, -1.3],
			"to": [12.9, 15.69946, 0.9],
			"rotation": {"angle": 22.5, "axis": "z", "origin": [12.4, 15.6, 3.9]},
			"faces": {
				"north": {"uv": [4, 6, 5, 7], "texture": "#6"},
				"east": {"uv": [4, 6, 5, 7], "texture": "#6"},
				"south": {"uv": [4, 6, 5, 7], "texture": "#6"},
				"west": {"uv": [4, 6, 5, 7], "texture": "#6"},
				"up": {"uv": [4, 6, 5, 7], "texture": "#6"},
				"down": {"uv": [4, 6, 5, 7], "texture": "#6"}
			}
		},
		{
			"name": "hexadecagon",
			"from": [12.6, 14.10054, -1.325],
			"to": [12.7, 15.32446, 0.925],
			"rotation": {"angle": 22.5, "axis": "z", "origin": [12.65, 15, -0.2]},
			"faces": {
				"north": {"uv": [0, 0, 1, 1], "texture": "#7"},
				"east": {"uv": [0, 0, 1, 1], "texture": "#7"},
				"south": {"uv": [0, 0, 1, 1], "texture": "#7"},
				"west": {"uv": [0, 0, 1, 1], "texture": "#7"},
				"up": {"uv": [0, 0, 1, 1], "texture": "#7"},
				"down": {"uv": [0, 0, 1, 1], "texture": "#7"}
			}
		},
		{
			"name": "hexadecagon",
			"from": [12.71168, 15.57552, -1.325],
			"to": [14.71059, 16.02552, 0.925],
			"rotation": {"angle": 22.5, "axis": "z", "origin": [13.32363, 15.72552, -0.2]},
			"faces": {
				"north": {"uv": [0, 0, 1, 1], "rotation": 90, "texture": "#7"},
				"east": {"uv": [0, 0, 1, 1], "rotation": 270, "texture": "#7"},
				"south": {"uv": [0, 0, 1, 1], "rotation": 270, "texture": "#7"},
				"west": {"uv": [0, 0, 1, 1], "rotation": 270, "texture": "#7"},
				"up": {"uv": [0, 0, 1, 1], "rotation": 270, "texture": "#7"},
				"down": {"uv": [0, 0, 1, 1], "rotation": 270, "texture": "#7"}
			}
		},
		{
			"name": "hexadecagon",
			"from": [13.90814, 15.81351, -1.325],
			"to": [14.93205, 15.91351, 0.925],
			"rotation": {"angle": 0, "axis": "z", "origin": [13.7201, 15.96351, -0.2]},
			"faces": {
				"north": {"uv": [0, 0, 1, 1], "rotation": 90, "texture": "#7"},
				"east": {"uv": [0, 0, 1, 1], "rotation": 270, "texture": "#7"},
				"south": {"uv": [0, 0, 1, 1], "rotation": 270, "texture": "#7"},
				"west": {"uv": [0, 0, 1, 1], "rotation": 270, "texture": "#7"},
				"up": {"uv": [0, 0, 1, 1], "rotation": 270, "texture": "#7"},
				"down": {"uv": [0, 0, 1, 1], "rotation": 270, "texture": "#7"}
			}
		},
		{
			"name": "hexadecagon",
			"from": [13.90814, 15.81351, -1.325],
			"to": [14.70705, 16.18851, 0.925],
			"rotation": {"angle": 0, "axis": "y", "origin": [13.7201, 15.96351, -0.2]},
			"faces": {
				"north": {"uv": [0, 0, 1, 1], "rotation": 90, "texture": "#7"},
				"east": {"uv": [0, 0, 1, 1], "rotation": 270, "texture": "#7"},
				"south": {"uv": [0, 0, 1, 1], "rotation": 270, "texture": "#7"},
				"west": {"uv": [0, 0, 1, 1], "rotation": 270, "texture": "#7"},
				"up": {"uv": [0, 0, 1, 1], "rotation": 270, "texture": "#7"},
				"down": {"uv": [0, 0, 1, 1], "rotation": 270, "texture": "#7"}
			}
		},
		{
			"name": "hexadecagon",
			"from": [14.79043, 15.87042, -1.325],
			"to": [15.01543, 16.49433, 0.925],
			"rotation": {"angle": 22.5, "axis": "z", "origin": [14.86543, 15.68237, -0.2]},
			"faces": {
				"north": {"uv": [0, 0, 1, 1], "rotation": 180, "texture": "#7"},
				"east": {"uv": [0, 0, 1, 1], "rotation": 180, "texture": "#7"},
				"south": {"uv": [0, 0, 1, 1], "rotation": 180, "texture": "#7"},
				"west": {"uv": [0, 0, 1, 1], "rotation": 180, "texture": "#7"},
				"up": {"uv": [0, 0, 1, 1], "rotation": 180, "texture": "#7"},
				"down": {"uv": [0, 0, 1, 1], "rotation": 180, "texture": "#7"}
			}
		},
		{
			"name": "hexadecagon",
			"from": [14.4952, 16.43894, -1.325],
			"to": [14.8702, 16.86285, 0.925],
			"rotation": {"angle": 45, "axis": "z", "origin": [14.7202, 16.25089, -0.2]},
			"faces": {
				"north": {"uv": [0, 0, 1, 1], "rotation": 180, "texture": "#7"},
				"east": {"uv": [0, 0, 1, 1], "rotation": 180, "texture": "#7"},
				"south": {"uv": [0, 0, 1, 1], "rotation": 180, "texture": "#7"},
				"west": {"uv": [0, 0, 1, 1], "rotation": 180, "texture": "#7"},
				"up": {"uv": [0, 0, 1, 1], "rotation": 180, "texture": "#7"},
				"down": {"uv": [0, 0, 1, 1], "rotation": 180, "texture": "#7"}
			}
		},
		{
			"name": "hexadecagon",
			"from": [13.11272, 16.19806, -1.325],
			"to": [14.43663, 16.87306, 0.925],
			"rotation": {"angle": 22.5, "axis": "z", "origin": [14.62468, 16.72306, -0.2]},
			"faces": {
				"north": {"uv": [0, 0, 1, 1], "rotation": 270, "texture": "#7"},
				"east": {"uv": [0, 0, 1, 1], "rotation": 90, "texture": "#7"},
				"south": {"uv": [0, 0, 1, 1], "rotation": 90, "texture": "#7"},
				"west": {"uv": [0, 0, 1, 1], "rotation": 90, "texture": "#7"},
				"up": {"uv": [0, 0, 1, 1], "rotation": 90, "texture": "#7"},
				"down": {"uv": [0, 0, 1, 1], "rotation": 90, "texture": "#7"}
			}
		},
		{
			"name": "hexadecagon",
			"from": [12.49748, 16.05994, -1.325],
			"to": [13.2214, 16.45994, 0.925],
			"rotation": {"angle": 45, "axis": "z", "origin": [13.40944, 16.30994, -0.2]},
			"faces": {
				"north": {"uv": [0, 0, 1, 1], "rotation": 270, "texture": "#7"},
				"east": {"uv": [0, 0, 1, 1], "rotation": 90, "texture": "#7"},
				"south": {"uv": [0, 0, 1, 1], "rotation": 90, "texture": "#7"},
				"west": {"uv": [0, 0, 1, 1], "rotation": 90, "texture": "#7"},
				"up": {"uv": [0, 0, 1, 1], "rotation": 90, "texture": "#7"},
				"down": {"uv": [0, 0, 1, 1], "rotation": 90, "texture": "#7"}
			}
		},
		{
			"name": "hexadecagon",
			"from": [12.1, 14.20054, -1.325],
			"to": [12.575, 15.27446, 0.925],
			"rotation": {"angle": 0, "axis": "z", "origin": [12.65, 15, -0.2]},
			"faces": {
				"north": {"uv": [0, 0, 1, 1], "texture": "#7"},
				"east": {"uv": [0, 0, 1, 1], "texture": "#7"},
				"south": {"uv": [0, 0, 1, 1], "texture": "#7"},
				"west": {"uv": [0, 0, 1, 1], "texture": "#7"},
				"up": {"uv": [0, 0, 1, 1], "texture": "#7"},
				"down": {"uv": [0, 0, 1, 1], "texture": "#7"}
			}
		},
		{
			"name": "hexadecagon",
			"from": [10.90054, 15.8, -1.325],
			"to": [13.07446, 16.425, 0.925],
			"rotation": {"angle": -45, "axis": "z", "origin": [12.1375, 16.9375, -0.2]},
			"faces": {
				"north": {"uv": [0, 0, 1, 1], "rotation": 90, "texture": "#7"},
				"east": {"uv": [0, 0, 1, 1], "rotation": 270, "texture": "#7"},
				"south": {"uv": [0, 0, 1, 1], "rotation": 270, "texture": "#7"},
				"west": {"uv": [0, 0, 1, 1], "rotation": 270, "texture": "#7"},
				"up": {"uv": [0, 0, 1, 1], "rotation": 270, "texture": "#7"},
				"down": {"uv": [0, 0, 1, 1], "rotation": 270, "texture": "#7"}
			}
		},
		{
			"name": "hexadecagon",
			"from": [10.01336, 17.37181, -1.325],
			"to": [10.53836, 18.94572, 0.925],
			"rotation": {"angle": 22.5, "axis": "z", "origin": [11.15086, 18.30876, -0.2]},
			"faces": {
				"north": {"uv": [0, 0, 1, 1], "texture": "#7"},
				"east": {"uv": [0, 0, 1, 1], "texture": "#7"},
				"south": {"uv": [0, 0, 1, 1], "texture": "#7"},
				"west": {"uv": [0, 0, 1, 1], "texture": "#7"},
				"up": {"uv": [0, 0, 1, 1], "texture": "#7"},
				"down": {"uv": [0, 0, 1, 1], "texture": "#7"}
			}
		},
		{
			"name": "hexadecagon",
			"from": [10.28836, 16.77181, -1.325],
			"to": [11.01336, 18.94572, 0.925],
			"rotation": {"angle": 22.5, "axis": "z", "origin": [11.15086, 18.30876, -0.2]},
			"faces": {
				"north": {"uv": [0, 0, 1, 1], "texture": "#7"},
				"east": {"uv": [0, 0, 1, 1], "texture": "#7"},
				"south": {"uv": [0, 0, 1, 1], "texture": "#7"},
				"west": {"uv": [0, 0, 1, 1], "texture": "#7"},
				"up": {"uv": [0, 0, 1, 1], "texture": "#7"},
				"down": {"uv": [0, 0, 1, 1], "texture": "#7"}
			}
		},
		{
			"name": "hexadecagon",
			"from": [9.22722, 14.99903, -1.325],
			"to": [9.90222, 16.27294, 0.925],
			"rotation": {"angle": 45, "axis": "z", "origin": [10.03972, 18.61099, -0.2]},
			"faces": {
				"north": {"uv": [0, 0, 1, 1], "texture": "#7"},
				"east": {"uv": [0, 0, 1, 1], "texture": "#7"},
				"south": {"uv": [0, 0, 1, 1], "texture": "#7"},
				"west": {"uv": [0, 0, 1, 1], "texture": "#7"},
				"up": {"uv": [0, 0, 1, 1], "texture": "#7"},
				"down": {"uv": [0, 0, 1, 1], "texture": "#7"}
			}
		},
		{
			"name": "hexadecagon",
			"from": [12.575, 14.20054, -1.325],
			"to": [12.925, 14.44946, 0.925],
			"rotation": {"angle": 0, "axis": "y", "origin": [12.65, 15, -0.2]},
			"faces": {
				"north": {"uv": [0, 0, 1, 1], "texture": "#7"},
				"east": {"uv": [0, 0, 1, 1], "texture": "#7"},
				"south": {"uv": [0, 0, 1, 1], "texture": "#7"},
				"west": {"uv": [0, 0, 1, 1], "texture": "#7"},
				"up": {"uv": [0, 0, 1, 1], "texture": "#7"},
				"down": {"uv": [0, 0, 1, 1], "texture": "#7"}
			}
		},
		{
			"name": "hexadecagon",
			"from": [12.575, 14.42554, -1.325],
			"to": [12.85, 14.59946, 0.925],
			"rotation": {"angle": 0, "axis": "y", "origin": [12.65, 15, -0.2]},
			"faces": {
				"north": {"uv": [0, 0, 1, 1], "texture": "#7"},
				"east": {"uv": [0, 0, 1, 1], "texture": "#7"},
				"south": {"uv": [0, 0, 1, 1], "texture": "#7"},
				"west": {"uv": [0, 0, 1, 1], "texture": "#7"},
				"up": {"uv": [0, 0, 1, 1], "texture": "#7"},
				"down": {"uv": [0, 0, 1, 1], "texture": "#7"}
			}
		},
		{
			"name": "hexadecagon",
			"from": [12.575, 14.42554, -1.325],
			"to": [12.675, 15.07446, 0.925],
			"rotation": {"angle": 0, "axis": "y", "origin": [12.65, 15, -0.2]},
			"faces": {
				"north": {"uv": [0, 0, 1, 1], "texture": "#7"},
				"east": {"uv": [0, 0, 1, 1], "texture": "#7"},
				"south": {"uv": [0, 0, 1, 1], "texture": "#7"},
				"west": {"uv": [0, 0, 1, 1], "texture": "#7"},
				"up": {"uv": [0, 0, 1, 1], "texture": "#7"},
				"down": {"uv": [0, 0, 1, 1], "texture": "#7"}
			}
		},
		{
			"name": "hexadecagon",
			"from": [12.675, 14.42554, -1.325],
			"to": [12.775, 14.82446, 0.925],
			"rotation": {"angle": 0, "axis": "y", "origin": [12.65, 15, -0.2]},
			"faces": {
				"north": {"uv": [0, 0, 1, 1], "texture": "#7"},
				"east": {"uv": [0, 0, 1, 1], "texture": "#7"},
				"south": {"uv": [0, 0, 1, 1], "texture": "#7"},
				"west": {"uv": [0, 0, 1, 1], "texture": "#7"},
				"up": {"uv": [0, 0, 1, 1], "texture": "#7"},
				"down": {"uv": [0, 0, 1, 1], "texture": "#7"}
			}
		},
		{
			"name": "hexadecagon",
			"from": [12.25082, 17.15, -1.2],
			"to": [12.54918, 17.25, 0.9],
			"rotation": {"angle": -45, "axis": "z", "origin": [12.4, 17.9, 1.6]},
			"faces": {
				"north": {"uv": [0, 0, 1, 1], "texture": "#10"},
				"east": {"uv": [0, 0, 1, 1], "texture": "#10"},
				"south": {"uv": [0, 0, 1, 1], "texture": "#10"},
				"west": {"uv": [0, 0, 1, 1], "texture": "#10"},
				"up": {"uv": [0, 0, 1, 1], "texture": "#10"},
				"down": {"uv": [0, 0, 1, 1], "texture": "#10"}
			}
		},
		{
			"name": "hexadecagon",
			"from": [12.25082, 17.15, -1.2],
			"to": [12.54918, 17.25, 0.9],
			"rotation": {"angle": -22.5, "axis": "z", "origin": [12.4, 17.9, 1.6]},
			"faces": {
				"north": {"uv": [0, 0, 1, 1], "texture": "#10"},
				"east": {"uv": [0, 0, 1, 1], "texture": "#10"},
				"south": {"uv": [0, 0, 1, 1], "texture": "#10"},
				"west": {"uv": [0, 0, 1, 1], "texture": "#10"},
				"up": {"uv": [0, 0, 1, 1], "texture": "#10"},
				"down": {"uv": [0, 0, 1, 1], "texture": "#10"}
			}
		},
		{
			"name": "hexadecagon",
			"from": [12.25082, 17.15, -1.2],
			"to": [12.54918, 18.55, 0.9],
			"rotation": {"angle": 0, "axis": "z", "origin": [12.4, 17.9, 1.6]},
			"faces": {
				"north": {"uv": [0, 0, 1, 1], "texture": "#10"},
				"east": {"uv": [0, 0, 1, 1], "texture": "#10"},
				"south": {"uv": [0, 0, 1, 1], "texture": "#10"},
				"west": {"uv": [0, 0, 1, 1], "texture": "#10"},
				"up": {"uv": [0, 0, 1, 1], "texture": "#10"},
				"down": {"uv": [0, 0, 1, 1], "texture": "#10"}
			}
		},
		{
			"name": "hexadecagon",
			"from": [12.25082, 17.15, -1.2],
			"to": [12.54918, 17.25, 0.9],
			"rotation": {"angle": 22.5, "axis": "z", "origin": [12.4, 17.9, 1.6]},
			"faces": {
				"north": {"uv": [0, 0, 1, 1], "texture": "#10"},
				"east": {"uv": [0, 0, 1, 1], "texture": "#10"},
				"south": {"uv": [0, 0, 1, 1], "texture": "#10"},
				"west": {"uv": [0, 0, 1, 1], "texture": "#10"},
				"up": {"uv": [0, 0, 1, 1], "texture": "#10"},
				"down": {"uv": [0, 0, 1, 1], "texture": "#10"}
			}
		},
		{
			"name": "hexadecagon",
			"from": [12.25082, 17.15, -1.2],
			"to": [12.54918, 17.25, 0.9],
			"rotation": {"angle": 45, "axis": "z", "origin": [12.4, 17.9, 1.6]},
			"faces": {
				"north": {"uv": [0, 0, 1, 1], "texture": "#10"},
				"east": {"uv": [0, 0, 1, 1], "texture": "#10"},
				"south": {"uv": [0, 0, 1, 1], "texture": "#10"},
				"west": {"uv": [0, 0, 1, 1], "texture": "#10"},
				"up": {"uv": [0, 0, 1, 1], "texture": "#10"},
				"down": {"uv": [0, 0, 1, 1], "texture": "#10"}
			}
		},
		{
			"name": "hexadecagon",
			"from": [12.25082, 17.25, -1.2],
			"to": [12.54918, 18.65, 0.9],
			"rotation": {"angle": -45, "axis": "z", "origin": [12.4, 17.9, 1.6]},
			"faces": {
				"north": {"uv": [0, 0, 1, 1], "texture": "#10"},
				"east": {"uv": [0, 0, 1, 1], "texture": "#10"},
				"south": {"uv": [0, 0, 1, 1], "texture": "#10"},
				"west": {"uv": [0, 0, 1, 1], "texture": "#10"},
				"up": {"uv": [0, 0, 1, 1], "texture": "#10"},
				"down": {"uv": [0, 0, 1, 1], "texture": "#10"}
			}
		},
		{
			"name": "hexadecagon",
			"from": [12.25082, 17.25, -1.2],
			"to": [12.54918, 18.65, 0.9],
			"rotation": {"angle": -22.5, "axis": "z", "origin": [12.4, 17.9, 1.6]},
			"faces": {
				"north": {"uv": [0, 0, 1, 1], "texture": "#10"},
				"east": {"uv": [0, 0, 1, 1], "texture": "#10"},
				"south": {"uv": [0, 0, 1, 1], "texture": "#10"},
				"west": {"uv": [0, 0, 1, 1], "texture": "#10"},
				"up": {"uv": [0, 0, 1, 1], "texture": "#10"},
				"down": {"uv": [0, 0, 1, 1], "texture": "#10"}
			}
		},
		{
			"name": "hexadecagon",
			"from": [12.25082, 18.55, -1.2],
			"to": [12.54918, 18.65, 0.9],
			"rotation": {"angle": 0, "axis": "z", "origin": [12.4, 17.9, 1.6]},
			"faces": {
				"north": {"uv": [0, 0, 1, 1], "texture": "#10"},
				"east": {"uv": [0, 0, 1, 1], "texture": "#10"},
				"south": {"uv": [0, 0, 1, 1], "texture": "#10"},
				"west": {"uv": [0, 0, 1, 1], "texture": "#10"},
				"up": {"uv": [0, 0, 1, 1], "texture": "#10"},
				"down": {"uv": [0, 0, 1, 1], "texture": "#10"}
			}
		},
		{
			"name": "hexadecagon",
			"from": [12.25082, 17.25, -1.2],
			"to": [12.54918, 18.65, 0.9],
			"rotation": {"angle": 22.5, "axis": "z", "origin": [12.4, 17.9, 1.6]},
			"faces": {
				"north": {"uv": [0, 0, 1, 1], "texture": "#10"},
				"east": {"uv": [0, 0, 1, 1], "texture": "#10"},
				"south": {"uv": [0, 0, 1, 1], "texture": "#10"},
				"west": {"uv": [0, 0, 1, 1], "texture": "#10"},
				"up": {"uv": [0, 0, 1, 1], "texture": "#10"},
				"down": {"uv": [0, 0, 1, 1], "texture": "#10"}
			}
		},
		{
			"name": "hexadecagon",
			"from": [12.25082, 17.25, -1.2],
			"to": [12.54918, 18.65, 0.9],
			"rotation": {"angle": 45, "axis": "z", "origin": [12.4, 17.9, 1.6]},
			"faces": {
				"north": {"uv": [0, 0, 1, 1], "texture": "#10"},
				"east": {"uv": [0, 0, 1, 1], "texture": "#10"},
				"south": {"uv": [0, 0, 1, 1], "texture": "#10"},
				"west": {"uv": [0, 0, 1, 1], "texture": "#10"},
				"up": {"uv": [0, 0, 1, 1], "texture": "#10"},
				"down": {"uv": [0, 0, 1, 1], "texture": "#10"}
			}
		},
		{
			"name": "hexadecagon",
			"from": [11.65, 17.75082, -1.2],
			"to": [11.75, 18.04918, 0.9],
			"rotation": {"angle": -22.5, "axis": "z", "origin": [12.4, 17.9, 1.6]},
			"faces": {
				"north": {"uv": [0, 0, 1, 1], "texture": "#10"},
				"east": {"uv": [0, 0, 1, 1], "texture": "#10"},
				"south": {"uv": [0, 0, 1, 1], "texture": "#10"},
				"west": {"uv": [0, 0, 1, 1], "texture": "#10"},
				"up": {"uv": [0, 0, 1, 1], "texture": "#10"},
				"down": {"uv": [0, 0, 1, 1], "texture": "#10"}
			}
		},
		{
			"name": "hexadecagon",
			"from": [11.65, 17.75082, -1.2],
			"to": [13.05, 18.04918, 0.9],
			"rotation": {"angle": 0, "axis": "z", "origin": [12.4, 17.9, 1.6]},
			"faces": {
				"north": {"uv": [0, 0, 1, 1], "texture": "#10"},
				"east": {"uv": [0, 0, 1, 1], "texture": "#10"},
				"south": {"uv": [0, 0, 1, 1], "texture": "#10"},
				"west": {"uv": [0, 0, 1, 1], "texture": "#10"},
				"up": {"uv": [0, 0, 1, 1], "texture": "#10"},
				"down": {"uv": [0, 0, 1, 1], "texture": "#10"}
			}
		},
		{
			"name": "hexadecagon",
			"from": [11.65, 17.75082, -1.2],
			"to": [11.75, 18.04918, 0.9],
			"rotation": {"angle": 22.5, "axis": "z", "origin": [12.4, 17.9, 1.6]},
			"faces": {
				"north": {"uv": [0, 0, 1, 1], "texture": "#10"},
				"east": {"uv": [0, 0, 1, 1], "texture": "#10"},
				"south": {"uv": [0, 0, 1, 1], "texture": "#10"},
				"west": {"uv": [0, 0, 1, 1], "texture": "#10"},
				"up": {"uv": [0, 0, 1, 1], "texture": "#10"},
				"down": {"uv": [0, 0, 1, 1], "texture": "#10"}
			}
		},
		{
			"name": "hexadecagon",
			"from": [11.65, 17.75082, -1.2],
			"to": [13.15, 18.04918, 0.9],
			"rotation": {"angle": -22.5, "axis": "z", "origin": [12.4, 17.9, 1.6]},
			"faces": {
				"north": {"uv": [0, 0, 1, 1], "texture": "#10"},
				"east": {"uv": [0, 0, 1, 1], "texture": "#10"},
				"south": {"uv": [0, 0, 1, 1], "texture": "#10"},
				"west": {"uv": [0, 0, 1, 1], "texture": "#10"},
				"up": {"uv": [0, 0, 1, 1], "texture": "#10"},
				"down": {"uv": [0, 0, 1, 1], "texture": "#10"}
			}
		},
		{
			"name": "hexadecagon",
			"from": [13.05, 17.75082, -1.2],
			"to": [13.15, 18.04918, 0.9],
			"rotation": {"angle": 0, "axis": "z", "origin": [12.4, 17.9, 1.6]},
			"faces": {
				"north": {"uv": [0, 0, 1, 1], "texture": "#10"},
				"east": {"uv": [0, 0, 1, 1], "texture": "#10"},
				"south": {"uv": [0, 0, 1, 1], "texture": "#10"},
				"west": {"uv": [0, 0, 1, 1], "texture": "#10"},
				"up": {"uv": [0, 0, 1, 1], "texture": "#10"},
				"down": {"uv": [0, 0, 1, 1], "texture": "#10"}
			}
		},
		{
			"name": "hexadecagon",
			"from": [11.75, 17.75082, -1.2],
			"to": [13.15, 18.04918, 0.9],
			"rotation": {"angle": 22.5, "axis": "z", "origin": [12.4, 17.9, 1.6]},
			"faces": {
				"north": {"uv": [0, 0, 1, 1], "texture": "#10"},
				"east": {"uv": [0, 0, 1, 1], "texture": "#10"},
				"south": {"uv": [0, 0, 1, 1], "texture": "#10"},
				"west": {"uv": [0, 0, 1, 1], "texture": "#10"},
				"up": {"uv": [0, 0, 1, 1], "texture": "#10"},
				"down": {"uv": [0, 0, 1, 1], "texture": "#10"}
			}
		},
		{
			"name": "hexadecagon",
			"from": [12.16022, 17.6, -1.3],
			"to": [12.23978, 18, 1],
			"rotation": {"angle": -45, "axis": "z", "origin": [12.2, 17.8, 1.5]},
			"faces": {
				"north": {"uv": [0, 0, 1, 1], "texture": "#11"},
				"east": {"uv": [0, 0, 1, 1], "texture": "#11"},
				"south": {"uv": [0, 0, 1, 1], "texture": "#11"},
				"west": {"uv": [0, 0, 1, 1], "texture": "#11"},
				"up": {"uv": [0, 0, 1, 1], "texture": "#11"},
				"down": {"uv": [0, 0, 1, 1], "texture": "#11"}
			}
		},
		{
			"name": "hexadecagon",
			"from": [12.16022, 17.6, -1.3],
			"to": [12.23978, 18, 1],
			"rotation": {"angle": -22.5, "axis": "z", "origin": [12.2, 17.8, 1.5]},
			"faces": {
				"north": {"uv": [0, 0, 1, 1], "texture": "#11"},
				"east": {"uv": [0, 0, 1, 1], "texture": "#11"},
				"south": {"uv": [0, 0, 1, 1], "texture": "#11"},
				"west": {"uv": [0, 0, 1, 1], "texture": "#11"},
				"up": {"uv": [0, 0, 1, 1], "texture": "#11"},
				"down": {"uv": [0, 0, 1, 1], "texture": "#11"}
			}
		},
		{
			"name": "hexadecagon",
			"from": [12.16022, 17.6, -1.3],
			"to": [12.23978, 18, 1],
			"rotation": {"angle": 0, "axis": "z", "origin": [12.2, 17.8, 1.5]},
			"faces": {
				"north": {"uv": [0, 0, 1, 1], "texture": "#11"},
				"east": {"uv": [0, 0, 1, 1], "texture": "#11"},
				"south": {"uv": [0, 0, 1, 1], "texture": "#11"},
				"west": {"uv": [0, 0, 1, 1], "texture": "#11"},
				"up": {"uv": [0, 0, 1, 1], "texture": "#11"},
				"down": {"uv": [0, 0, 1, 1], "texture": "#11"}
			}
		},
		{
			"name": "hexadecagon",
			"from": [12.16022, 17.6, -1.3],
			"to": [12.23978, 18, 1],
			"rotation": {"angle": 22.5, "axis": "z", "origin": [12.2, 17.8, 1.5]},
			"faces": {
				"north": {"uv": [0, 0, 1, 1], "texture": "#11"},
				"east": {"uv": [0, 0, 1, 1], "texture": "#11"},
				"south": {"uv": [0, 0, 1, 1], "texture": "#11"},
				"west": {"uv": [0, 0, 1, 1], "texture": "#11"},
				"up": {"uv": [0, 0, 1, 1], "texture": "#11"},
				"down": {"uv": [0, 0, 1, 1], "texture": "#11"}
			}
		},
		{
			"name": "hexadecagon",
			"from": [12.16022, 17.6, -1.3],
			"to": [12.23978, 18, 1],
			"rotation": {"angle": 45, "axis": "z", "origin": [12.2, 17.8, 1.5]},
			"faces": {
				"north": {"uv": [0, 0, 1, 1], "texture": "#11"},
				"east": {"uv": [0, 0, 1, 1], "texture": "#11"},
				"south": {"uv": [0, 0, 1, 1], "texture": "#11"},
				"west": {"uv": [0, 0, 1, 1], "texture": "#11"},
				"up": {"uv": [0, 0, 1, 1], "texture": "#11"},
				"down": {"uv": [0, 0, 1, 1], "texture": "#11"}
			}
		},
		{
			"name": "hexadecagon",
			"from": [12, 17.76022, -1.3],
			"to": [12.4, 17.83978, 1],
			"rotation": {"angle": -22.5, "axis": "z", "origin": [12.2, 17.8, 1.5]},
			"faces": {
				"north": {"uv": [0, 0, 1, 1], "texture": "#11"},
				"east": {"uv": [0, 0, 1, 1], "texture": "#11"},
				"south": {"uv": [0, 0, 1, 1], "texture": "#11"},
				"west": {"uv": [0, 0, 1, 1], "texture": "#11"},
				"up": {"uv": [0, 0, 1, 1], "texture": "#11"},
				"down": {"uv": [0, 0, 1, 1], "texture": "#11"}
			}
		},
		{
			"name": "hexadecagon",
			"from": [12, 17.76022, -1.3],
			"to": [12.4, 17.83978, 1],
			"rotation": {"angle": 0, "axis": "z", "origin": [12.2, 17.8, 1.5]},
			"faces": {
				"north": {"uv": [0, 0, 1, 1], "texture": "#11"},
				"east": {"uv": [0, 0, 1, 1], "texture": "#11"},
				"south": {"uv": [0, 0, 1, 1], "texture": "#11"},
				"west": {"uv": [0, 0, 1, 1], "texture": "#11"},
				"up": {"uv": [0, 0, 1, 1], "texture": "#11"},
				"down": {"uv": [0, 0, 1, 1], "texture": "#11"}
			}
		},
		{
			"name": "hexadecagon",
			"from": [12, 17.76022, -1.3],
			"to": [12.4, 17.83978, 1],
			"rotation": {"angle": 22.5, "axis": "z", "origin": [12.2, 17.8, 1.5]},
			"faces": {
				"north": {"uv": [0, 0, 1, 1], "texture": "#11"},
				"east": {"uv": [0, 0, 1, 1], "texture": "#11"},
				"south": {"uv": [0, 0, 1, 1], "texture": "#11"},
				"west": {"uv": [0, 0, 1, 1], "texture": "#11"},
				"up": {"uv": [0, 0, 1, 1], "texture": "#11"},
				"down": {"uv": [0, 0, 1, 1], "texture": "#11"}
			}
		},
		{
			"from": [5.69252, 12.95613, -0.95],
			"to": [7.39252, 13.55613, 0.55],
			"rotation": {"angle": 22.5, "axis": "z", "origin": [6.04252, 12.90613, -0.2]},
			"faces": {
				"north": {"uv": [0, 0, 2, 0.1], "texture": "#3"},
				"east": {"uv": [0, 0, 1, 0.1], "texture": "#3"},
				"south": {"uv": [0, 0, 2, 0.1], "texture": "#3"},
				"west": {"uv": [0, 0, 1, 0.1], "texture": "#3"},
				"up": {"uv": [0, 0, 2, 1], "texture": "#3"},
				"down": {"uv": [0, 0, 2, 1], "texture": "#3"}
			}
		},
		{
			"from": [5.20003, 12.81838, -0.95],
			"to": [5.70003, 13.21838, 0.55],
			"rotation": {"angle": 0, "axis": "z", "origin": [4.35003, 12.76838, -0.2]},
			"faces": {
				"north": {"uv": [0, 0, 2, 0.1], "texture": "#3"},
				"east": {"uv": [0, 0, 1, 0.1], "texture": "#3"},
				"south": {"uv": [0, 0, 2, 0.1], "texture": "#3"},
				"west": {"uv": [0, 0, 1, 0.1], "texture": "#3"},
				"up": {"uv": [0, 0, 2, 1], "texture": "#3"},
				"down": {"uv": [0, 0, 2, 1], "texture": "#3"}
			}
		},
		{
			"from": [4.78366, 13.33881, -0.95],
			"to": [5.28366, 13.43881, 0.55],
			"rotation": {"angle": -22.5, "axis": "z", "origin": [3.93366, 13.28881, -0.2]},
			"faces": {
				"north": {"uv": [0, 0, 2, 0.1], "texture": "#3"},
				"east": {"uv": [0, 0, 1, 0.1], "texture": "#3"},
				"south": {"uv": [0, 0, 2, 0.1], "texture": "#3"},
				"west": {"uv": [0, 0, 1, 0.1], "texture": "#3"},
				"up": {"uv": [0, 0, 2, 1], "texture": "#3"},
				"down": {"uv": [0, 0, 2, 1], "texture": "#3"}
			}
		},
		{
			"from": [4.93366, 13.41381, -0.95],
			"to": [5.28366, 13.61381, 0.55],
			"rotation": {"angle": -22.5, "axis": "z", "origin": [3.93366, 13.28881, -0.2]},
			"faces": {
				"north": {"uv": [0, 0, 2, 0.1], "texture": "#3"},
				"east": {"uv": [0, 0, 1, 0.1], "texture": "#3"},
				"south": {"uv": [0, 0, 2, 0.1], "texture": "#3"},
				"west": {"uv": [0, 0, 1, 0.1], "texture": "#3"},
				"up": {"uv": [0, 0, 2, 1], "texture": "#3"},
				"down": {"uv": [0, 0, 2, 1], "texture": "#3"}
			}
		},
		{
			"from": [4.82192, 12.68825, -0.95],
			"to": [6.52192, 12.78825, 0.55],
			"rotation": {"angle": 22.5, "axis": "z", "origin": [3.97192, 12.63825, -0.2]},
			"faces": {
				"north": {"uv": [0, 0, 2, 0.1], "texture": "#3"},
				"east": {"uv": [0, 0, 1, 0.1], "texture": "#3"},
				"south": {"uv": [0, 0, 2, 0.1], "texture": "#3"},
				"west": {"uv": [0, 0, 1, 0.1], "texture": "#3"},
				"up": {"uv": [0, 0, 2, 1], "texture": "#3"},
				"down": {"uv": [0, 0, 2, 1], "texture": "#3"}
			}
		},
		{
			"from": [4.92192, 12.61325, -0.95],
			"to": [6.52192, 12.71325, 0.55],
			"rotation": {"angle": 22.5, "axis": "z", "origin": [3.97192, 12.63825, -0.2]},
			"faces": {
				"north": {"uv": [0, 0, 2, 0.1], "texture": "#3"},
				"east": {"uv": [0, 0, 1, 0.1], "texture": "#3"},
				"south": {"uv": [0, 0, 2, 0.1], "texture": "#3"},
				"west": {"uv": [0, 0, 1, 0.1], "texture": "#3"},
				"up": {"uv": [0, 0, 2, 1], "texture": "#3"},
				"down": {"uv": [0, 0, 2, 1], "texture": "#3"}
			}
		},
		{
			"from": [6.53777, 13.61472, -0.95],
			"to": [7.23777, 15.76472, 0.55],
			"rotation": {"angle": -22.5, "axis": "z", "origin": [6.58777, 14.46472, -0.2]},
			"faces": {
				"north": {"uv": [0, 0, 2, 0.1], "rotation": 90, "texture": "#3"},
				"east": {"uv": [0, 0, 2, 1], "rotation": 270, "texture": "#3"},
				"south": {"uv": [0, 0, 2, 0.1], "rotation": 270, "texture": "#3"},
				"west": {"uv": [0, 0, 2, 1], "rotation": 270, "texture": "#3"},
				"up": {"uv": [0, 0, 1, 0.1], "rotation": 270, "texture": "#3"},
				"down": {"uv": [0, 0, 1, 0.1], "rotation": 270, "texture": "#3"}
			}
		},
		{
			"from": [6.74444, 13.62872, -0.95],
			"to": [9.44444, 18.45372, 0.55],
			"rotation": {"angle": 0, "axis": "z", "origin": [6.79444, 15.65372, -0.2]},
			"faces": {
				"north": {"uv": [0, 0, 2, 0.1], "rotation": 90, "texture": "#3"},
				"east": {"uv": [0, 0, 2, 1], "rotation": 270, "texture": "#3"},
				"south": {"uv": [0, 0, 2, 0.1], "rotation": 270, "texture": "#3"},
				"west": {"uv": [0, 0, 2, 1], "rotation": 270, "texture": "#3"},
				"up": {"uv": [0, 0, 1, 0.1], "rotation": 270, "texture": "#3"},
				"down": {"uv": [0, 0, 1, 0.1], "rotation": 270, "texture": "#3"}
			}
		},
		{
			"from": [7.00851, 18.3813, -0.95],
			"to": [10.20851, 21.2813, 0.55],
			"rotation": {"angle": -22.5, "axis": "z", "origin": [7.05851, 19.0813, -0.2]},
			"faces": {
				"north": {"uv": [0, 0, 2, 0.1], "rotation": 90, "texture": "#3"},
				"east": {"uv": [0, 0, 2, 1], "rotation": 270, "texture": "#3"},
				"south": {"uv": [0, 0, 2, 0.1], "rotation": 270, "texture": "#3"},
				"west": {"uv": [0, 0, 2, 1], "rotation": 270, "texture": "#3"},
				"up": {"uv": [0, 0, 1, 0.1], "rotation": 270, "texture": "#3"},
				"down": {"uv": [0, 0, 1, 0.1], "rotation": 270, "texture": "#3"}
			}
		},
		{
			"from": [8.33455, 20.89259, -0.95],
			"to": [11.83455, 22.49259, 0.55],
			"rotation": {"angle": -45, "axis": "z", "origin": [8.38455, 21.59259, -0.2]},
			"faces": {
				"north": {"uv": [0, 0, 2, 0.1], "rotation": 90, "texture": "#3"},
				"east": {"uv": [0, 0, 2, 1], "rotation": 270, "texture": "#3"},
				"south": {"uv": [0, 0, 2, 0.1], "rotation": 270, "texture": "#3"},
				"west": {"uv": [0, 0, 2, 1], "rotation": 270, "texture": "#3"},
				"up": {"uv": [0, 0, 1, 0.1], "rotation": 270, "texture": "#3"},
				"down": {"uv": [0, 0, 1, 0.1], "rotation": 270, "texture": "#3"}
			}
		},
		{
			"from": [8.95144, 18.33603, -0.95],
			"to": [10.55144, 22.53603, 0.55],
			"rotation": {"angle": 22.5, "axis": "z", "origin": [9.65144, 22.48603, -0.2]},
			"faces": {
				"north": {"uv": [0, 0, 2, 0.1], "texture": "#3"},
				"east": {"uv": [0, 0, 1, 0.1], "texture": "#3"},
				"south": {"uv": [0, 0, 2, 0.1], "texture": "#3"},
				"west": {"uv": [0, 0, 1, 0.1], "texture": "#3"},
				"up": {"uv": [0, 0, 2, 1], "texture": "#3"},
				"down": {"uv": [0, 0, 2, 1], "texture": "#3"}
			}
		},
		{
			"from": [10.4638, 19.77663, -0.95],
			"to": [12.0638, 22.87663, 0.55],
			"rotation": {"angle": 0, "axis": "z", "origin": [9.4638, 22.82663, -0.2]},
			"faces": {
				"north": {"uv": [0, 0, 2, 0.1], "texture": "#3"},
				"east": {"uv": [0, 0, 1, 0.1], "texture": "#3"},
				"south": {"uv": [0, 0, 2, 0.1], "texture": "#3"},
				"west": {"uv": [0, 0, 1, 0.1], "texture": "#3"},
				"up": {"uv": [0, 0, 2, 1], "texture": "#3"},
				"down": {"uv": [0, 0, 2, 1], "texture": "#3"}
			}
		},
		{
			"from": [12.21974, 23.66061, -0.95],
			"to": [13.81974, 23.76061, 0.55],
			"rotation": {"angle": -22.5, "axis": "z", "origin": [9.91974, 23.71061, -0.2]},
			"faces": {
				"north": {"uv": [0, 0, 2, 0.1], "texture": "#3"},
				"east": {"uv": [0, 0, 1, 0.1], "texture": "#3"},
				"south": {"uv": [0, 0, 2, 0.1], "texture": "#3"},
				"west": {"uv": [0, 0, 1, 0.1], "texture": "#3"},
				"up": {"uv": [0, 0, 2, 1], "texture": "#3"},
				"down": {"uv": [0, 0, 2, 1], "texture": "#3"}
			}
		},
		{
			"from": [14.18031, 23.80533, -0.95],
			"to": [15.98031, 23.90533, 0.55],
			"rotation": {"angle": -45, "axis": "z", "origin": [11.88031, 23.85533, -0.2]},
			"faces": {
				"north": {"uv": [0, 0, 2, 0.1], "texture": "#3"},
				"east": {"uv": [0, 0, 1, 0.1], "texture": "#3"},
				"south": {"uv": [0, 0, 2, 0.1], "texture": "#3"},
				"west": {"uv": [0, 0, 1, 0.1], "texture": "#3"},
				"up": {"uv": [0, 0, 2, 1], "texture": "#3"},
				"down": {"uv": [0, 0, 2, 1], "texture": "#3"}
			}
		},
		{
			"from": [14.18031, 23.70533, -0.95],
			"to": [15.98031, 23.90533, 0.55],
			"rotation": {"angle": -45, "axis": "z", "origin": [11.88031, 23.85533, -0.2]},
			"faces": {
				"north": {"uv": [0, 0, 2, 0.1], "texture": "#3"},
				"east": {"uv": [0, 0, 1, 0.1], "texture": "#3"},
				"south": {"uv": [0, 0, 2, 0.1], "texture": "#3"},
				"west": {"uv": [0, 0, 1, 0.1], "texture": "#3"},
				"up": {"uv": [0, 0, 2, 1], "texture": "#3"},
				"down": {"uv": [0, 0, 2, 1], "texture": "#3"}
			}
		},
		{
			"from": [14.18031, 22.45533, -0.95],
			"to": [15.45531, 23.83033, 0.55],
			"rotation": {"angle": -45, "axis": "z", "origin": [11.88031, 23.85533, -0.2]},
			"faces": {
				"north": {"uv": [0, 0, 2, 0.1], "texture": "#3"},
				"east": {"uv": [0, 0, 1, 0.1], "texture": "#3"},
				"south": {"uv": [0, 0, 2, 0.1], "texture": "#3"},
				"west": {"uv": [0, 0, 1, 0.1], "texture": "#3"},
				"up": {"uv": [0, 0, 2, 1], "texture": "#3"},
				"down": {"uv": [0, 0, 2, 1], "texture": "#3"}
			}
		},
		{
			"from": [12.65886, 21.77553, -0.95],
			"to": [14.65886, 21.87553, 0.55],
			"rotation": {"angle": 22.5, "axis": "z", "origin": [16.95886, 21.82553, -0.2]},
			"faces": {
				"north": {"uv": [0, 0, 2, 0.1], "rotation": 180, "texture": "#3"},
				"east": {"uv": [0, 0, 1, 0.1], "rotation": 180, "texture": "#3"},
				"south": {"uv": [0, 0, 2, 0.1], "rotation": 180, "texture": "#3"},
				"west": {"uv": [0, 0, 1, 0.1], "rotation": 180, "texture": "#3"},
				"up": {"uv": [0, 0, 2, 1], "rotation": 180, "texture": "#3"},
				"down": {"uv": [0, 0, 2, 1], "rotation": 180, "texture": "#3"}
			}
		},
		{
			"from": [12.65886, 21.87553, -0.95],
			"to": [14.45886, 22.35053, 0.55],
			"rotation": {"angle": 22.5, "axis": "z", "origin": [16.95886, 21.82553, -0.2]},
			"faces": {
				"north": {"uv": [0, 0, 2, 0.1], "rotation": 180, "texture": "#3"},
				"east": {"uv": [0, 0, 1, 0.1], "rotation": 180, "texture": "#3"},
				"south": {"uv": [0, 0, 2, 0.1], "rotation": 180, "texture": "#3"},
				"west": {"uv": [0, 0, 1, 0.1], "rotation": 180, "texture": "#3"},
				"up": {"uv": [0, 0, 2, 1], "rotation": 180, "texture": "#3"},
				"down": {"uv": [0, 0, 2, 1], "rotation": 180, "texture": "#3"}
			}
		},
		{
			"from": [11.62874, 21.76717, -0.95],
			"to": [14.12874, 22.86717, 0.55],
			"rotation": {"angle": 45, "axis": "z", "origin": [14.62874, 21.81717, -0.2]},
			"faces": {
				"north": {"uv": [0, 0, 2, 0.1], "rotation": 180, "texture": "#3"},
				"east": {"uv": [0, 0, 1, 0.1], "rotation": 180, "texture": "#3"},
				"south": {"uv": [0, 0, 2, 0.1], "rotation": 180, "texture": "#3"},
				"west": {"uv": [0, 0, 1, 0.1], "rotation": 180, "texture": "#3"},
				"up": {"uv": [0, 0, 2, 1], "rotation": 180, "texture": "#3"},
				"down": {"uv": [0, 0, 2, 1], "rotation": 180, "texture": "#3"}
			}
		},
		{
			"from": [11.62675, 17.50455, -0.95],
			"to": [13.42675, 22.20455, 0.55],
			"rotation": {"angle": -22.5, "axis": "z", "origin": [13.37675, 21.80455, -0.2]},
			"faces": {
				"north": {"uv": [0, 0, 2, 0.1], "rotation": 270, "texture": "#3"},
				"east": {"uv": [0, 0, 2, 1], "rotation": 90, "texture": "#3"},
				"south": {"uv": [0, 0, 2, 0.1], "rotation": 90, "texture": "#3"},
				"west": {"uv": [0, 0, 2, 1], "rotation": 90, "texture": "#3"},
				"up": {"uv": [0, 0, 1, 0.1], "rotation": 90, "texture": "#3"},
				"down": {"uv": [0, 0, 1, 0.1], "rotation": 90, "texture": "#3"}
			}
		},
		{
			"name": "hexadecagon",
			"from": [11.72267, 19.16933, -0.24668],
			"to": [12.40267, 20.12133, -0.05732],
			"rotation": {"angle": 22.5, "axis": "z", "origin": [16.432, 23.27733, -3.56]},
			"faces": {
				"north": {"uv": [6, 0, 7, 1], "rotation": 270, "texture": "#6"},
				"east": {"uv": [6, 0, 7, 1], "rotation": 180, "texture": "#6"},
				"south": {"uv": [6, 0, 7, 1], "rotation": 90, "texture": "#6"},
				"west": {"uv": [6, 0, 7, 1], "texture": "#6"},
				"up": {"uv": [6, 0, 7, 1], "rotation": 90, "texture": "#6"},
				"down": {"uv": [6, 0, 7, 1], "rotation": 90, "texture": "#6"}
			}
		},
		{
			"name": "hexadecagon",
			"from": [11.72267, 19.55065, -0.628],
			"to": [12.40267, 19.74002, 0.324],
			"rotation": {"angle": 22.5, "axis": "z", "origin": [16.432, 23.27733, -3.56]},
			"faces": {
				"north": {"uv": [6, 0, 7, 1], "rotation": 270, "texture": "#6"},
				"east": {"uv": [6, 0, 7, 1], "rotation": 180, "texture": "#6"},
				"south": {"uv": [6, 0, 7, 1], "rotation": 90, "texture": "#6"},
				"west": {"uv": [6, 0, 7, 1], "texture": "#6"},
				"up": {"uv": [6, 0, 7, 1], "rotation": 90, "texture": "#6"},
				"down": {"uv": [6, 0, 7, 1], "rotation": 90, "texture": "#6"}
			}
		},
		{
			"name": "hexadecagon",
			"from": [12.40267, 19.23733, -0.23316],
			"to": [13.08267, 20.05333, -0.07084],
			"rotation": {"angle": 22.5, "axis": "z", "origin": [16.432, 23.27733, -3.56]},
			"faces": {
				"north": {"uv": [6, 0, 7, 1], "rotation": 270, "texture": "#6"},
				"east": {"uv": [6, 0, 7, 1], "rotation": 180, "texture": "#6"},
				"south": {"uv": [6, 0, 7, 1], "rotation": 90, "texture": "#6"},
				"west": {"uv": [6, 0, 7, 1], "texture": "#6"},
				"up": {"uv": [6, 0, 7, 1], "rotation": 90, "texture": "#6"},
				"down": {"uv": [6, 0, 7, 1], "rotation": 90, "texture": "#6"}
			}
		},
		{
			"name": "hexadecagon",
			"from": [12.40267, 19.56418, -0.56],
			"to": [13.08267, 19.72649, 0.256],
			"rotation": {"angle": 22.5, "axis": "z", "origin": [16.432, 23.27733, -3.56]},
			"faces": {
				"north": {"uv": [6, 0, 7, 1], "rotation": 270, "texture": "#6"},
				"east": {"uv": [6, 0, 7, 1], "rotation": 180, "texture": "#6"},
				"south": {"uv": [6, 0, 7, 1], "rotation": 90, "texture": "#6"},
				"west": {"uv": [6, 0, 7, 1], "texture": "#6"},
				"up": {"uv": [6, 0, 7, 1], "rotation": 90, "texture": "#6"},
				"down": {"uv": [6, 0, 7, 1], "rotation": 90, "texture": "#6"}
			}
		},
		{
			"name": "hexadecagon",
			"from": [13.08267, 19.30533, -0.21963],
			"to": [13.76267, 19.98533, -0.08437],
			"rotation": {"angle": 22.5, "axis": "z", "origin": [16.432, 23.27733, -3.56]},
			"faces": {
				"north": {"uv": [6, 0, 7, 1], "rotation": 270, "texture": "#6"},
				"east": {"uv": [6, 0, 7, 1], "rotation": 180, "texture": "#6"},
				"south": {"uv": [6, 0, 7, 1], "rotation": 90, "texture": "#6"},
				"west": {"uv": [6, 0, 7, 1], "texture": "#6"},
				"up": {"uv": [6, 0, 7, 1], "rotation": 90, "texture": "#6"},
				"down": {"uv": [6, 0, 7, 1], "rotation": 90, "texture": "#6"}
			}
		},
		{
			"name": "hexadecagon",
			"from": [13.08267, 19.5777, -0.492],
			"to": [13.76267, 19.71296, 0.188],
			"rotation": {"angle": 22.5, "axis": "z", "origin": [16.432, 23.27733, -3.56]},
			"faces": {
				"north": {"uv": [6, 0, 7, 1], "rotation": 270, "texture": "#6"},
				"east": {"uv": [6, 0, 7, 1], "rotation": 180, "texture": "#6"},
				"south": {"uv": [6, 0, 7, 1], "rotation": 90, "texture": "#6"},
				"west": {"uv": [6, 0, 7, 1], "texture": "#6"},
				"up": {"uv": [6, 0, 7, 1], "rotation": 90, "texture": "#6"},
				"down": {"uv": [6, 0, 7, 1], "rotation": 90, "texture": "#6"}
			}
		},
		{
			"name": "hexadecagon",
			"from": [13.76267, 19.37333, -0.2061],
			"to": [14.44267, 19.91733, -0.0979],
			"rotation": {"angle": 22.5, "axis": "z", "origin": [16.432, 23.27733, -3.56]},
			"faces": {
				"north": {"uv": [6, 0, 7, 1], "rotation": 270, "texture": "#6"},
				"east": {"uv": [6, 0, 7, 1], "rotation": 180, "texture": "#6"},
				"south": {"uv": [6, 0, 7, 1], "rotation": 90, "texture": "#6"},
				"west": {"uv": [6, 0, 7, 1], "texture": "#6"},
				"up": {"uv": [6, 0, 7, 1], "rotation": 90, "texture": "#6"},
				"down": {"uv": [6, 0, 7, 1], "rotation": 90, "texture": "#6"}
			}
		},
		{
			"name": "hexadecagon",
			"from": [13.76267, 19.59123, -0.424],
			"to": [14.44267, 19.69944, 0.12],
			"rotation": {"angle": 22.5, "axis": "z", "origin": [16.432, 23.27733, -3.56]},
			"faces": {
				"north": {"uv": [6, 0, 7, 1], "rotation": 270, "texture": "#6"},
				"east": {"uv": [6, 0, 7, 1], "rotation": 180, "texture": "#6"},
				"south": {"uv": [6, 0, 7, 1], "rotation": 90, "texture": "#6"},
				"west": {"uv": [6, 0, 7, 1], "texture": "#6"},
				"up": {"uv": [6, 0, 7, 1], "rotation": 90, "texture": "#6"},
				"down": {"uv": [6, 0, 7, 1], "rotation": 90, "texture": "#6"}
			}
		},
		{
			"name": "hexadecagon",
			"from": [14.44267, 19.44133, -0.19258],
			"to": [15.12267, 19.84933, -0.11142],
			"rotation": {"angle": 22.5, "axis": "z", "origin": [16.432, 23.27733, -3.56]},
			"faces": {
				"north": {"uv": [6, 0, 7, 1], "rotation": 270, "texture": "#6"},
				"east": {"uv": [6, 0, 7, 1], "rotation": 180, "texture": "#6"},
				"south": {"uv": [6, 0, 7, 1], "rotation": 90, "texture": "#6"},
				"west": {"uv": [6, 0, 7, 1], "texture": "#6"},
				"up": {"uv": [6, 0, 7, 1], "rotation": 90, "texture": "#6"},
				"down": {"uv": [6, 0, 7, 1], "rotation": 90, "texture": "#6"}
			}
		},
		{
			"name": "hexadecagon",
			"from": [14.44267, 19.60476, -0.356],
			"to": [15.12267, 19.68591, 0.052],
			"rotation": {"angle": 22.5, "axis": "z", "origin": [16.432, 23.27733, -3.56]},
			"faces": {
				"north": {"uv": [6, 0, 7, 1], "rotation": 270, "texture": "#6"},
				"east": {"uv": [6, 0, 7, 1], "rotation": 180, "texture": "#6"},
				"south": {"uv": [6, 0, 7, 1], "rotation": 90, "texture": "#6"},
				"west": {"uv": [6, 0, 7, 1], "texture": "#6"},
				"up": {"uv": [6, 0, 7, 1], "rotation": 90, "texture": "#6"},
				"down": {"uv": [6, 0, 7, 1], "rotation": 90, "texture": "#6"}
			}
		},
		{
			"name": "hexadecagon",
			"from": [14.98667, 19.50933, -0.17905],
			"to": [15.66667, 19.78133, -0.12495],
			"rotation": {"angle": 22.5, "axis": "z", "origin": [16.432, 23.27733, -3.56]},
			"faces": {
				"north": {"uv": [6, 0, 7, 1], "rotation": 270, "texture": "#6"},
				"east": {"uv": [6, 0, 7, 1], "rotation": 180, "texture": "#6"},
				"south": {"uv": [6, 0, 7, 1], "rotation": 90, "texture": "#6"},
				"west": {"uv": [6, 0, 7, 1], "texture": "#6"},
				"up": {"uv": [6, 0, 7, 1], "rotation": 90, "texture": "#6"},
				"down": {"uv": [6, 0, 7, 1], "rotation": 90, "texture": "#6"}
			}
		},
		{
			"name": "hexadecagon",
			"from": [14.98667, 19.61828, -0.288],
			"to": [15.66667, 19.67239, -0.016],
			"rotation": {"angle": 22.5, "axis": "z", "origin": [16.432, 23.27733, -3.56]},
			"faces": {
				"north": {"uv": [6, 0, 7, 1], "rotation": 270, "texture": "#6"},
				"east": {"uv": [6, 0, 7, 1], "rotation": 180, "texture": "#6"},
				"south": {"uv": [6, 0, 7, 1], "rotation": 90, "texture": "#6"},
				"west": {"uv": [6, 0, 7, 1], "texture": "#6"},
				"up": {"uv": [6, 0, 7, 1], "rotation": 90, "texture": "#6"},
				"down": {"uv": [6, 0, 7, 1], "rotation": 90, "texture": "#6"}
			}
		},
		{
			"from": [7.88823, -0.34487, -0.7],
			"to": [8.88823, 13.95513, 0.3],
			"rotation": {"angle": -22.5, "axis": "z", "origin": [6.78823, 11.45513, 0.5]},
			"faces": {
				"north": {"uv": [0, 0, 1, 14.3], "texture": "#7"},
				"east": {"uv": [0, 0, 1, 14.3], "texture": "#7"},
				"south": {"uv": [0, 0, 1, 14.3], "texture": "#7"},
				"west": {"uv": [0, 0, 1, 14.3], "texture": "#7"},
				"up": {"uv": [0, 0, 1, 1], "texture": "#7"},
				"down": {"uv": [0, 0, 1, 1], "texture": "#7"}
			}
		},
		{
			"name": "hexadecagon",
			"from": [3.50701, -1.13, 0.192],
			"to": [3.87699, 0.73, 0.664],
			"rotation": {"angle": -45, "axis": "z", "origin": [3.692, -0.2, 0.378]},
			"faces": {
				"north": {"uv": [0, 0, 1, 1], "texture": "#3"},
				"east": {"uv": [0, 0, 1, 1], "texture": "#3"},
				"south": {"uv": [0, 0, 1, 1], "texture": "#3"},
				"west": {"uv": [0, 0, 1, 1], "texture": "#3"},
				"up": {"uv": [0, 0, 1, 1], "texture": "#3"},
				"down": {"uv": [0, 0, 1, 1], "texture": "#3"}
			}
		},
		{
			"name": "hexadecagon",
			"from": [3.50701, -1.13, 0.192],
			"to": [3.87699, 0.73, 0.664],
			"rotation": {"angle": -22.5, "axis": "z", "origin": [3.692, -0.2, 0.378]},
			"faces": {
				"north": {"uv": [0, 0, 1, 1], "texture": "#3"},
				"east": {"uv": [0, 0, 1, 1], "texture": "#3"},
				"south": {"uv": [0, 0, 1, 1], "texture": "#3"},
				"west": {"uv": [0, 0, 1, 1], "texture": "#3"},
				"up": {"uv": [0, 0, 1, 1], "texture": "#3"},
				"down": {"uv": [0, 0, 1, 1], "texture": "#3"}
			}
		},
		{
			"name": "hexadecagon",
			"from": [3.50701, -1.13, 0.192],
			"to": [3.87699, 0.73, 0.664],
			"rotation": {"angle": 0, "axis": "z", "origin": [3.692, -0.2, 0.378]},
			"faces": {
				"north": {"uv": [0, 0, 1, 1], "texture": "#3"},
				"east": {"uv": [0, 0, 1, 1], "texture": "#3"},
				"south": {"uv": [0, 0, 1, 1], "texture": "#3"},
				"west": {"uv": [0, 0, 1, 1], "texture": "#3"},
				"up": {"uv": [0, 0, 1, 1], "texture": "#3"},
				"down": {"uv": [0, 0, 1, 1], "texture": "#3"}
			}
		},
		{
			"name": "hexadecagon",
			"from": [3.50701, -1.13, 0.192],
			"to": [3.87699, 0.73, 0.664],
			"rotation": {"angle": 22.5, "axis": "z", "origin": [3.692, -0.2, 0.378]},
			"faces": {
				"north": {"uv": [0, 0, 1, 1], "texture": "#3"},
				"east": {"uv": [0, 0, 1, 1], "texture": "#3"},
				"south": {"uv": [0, 0, 1, 1], "texture": "#3"},
				"west": {"uv": [0, 0, 1, 1], "texture": "#3"},
				"up": {"uv": [0, 0, 1, 1], "texture": "#3"},
				"down": {"uv": [0, 0, 1, 1], "texture": "#3"}
			}
		},
		{
			"name": "hexadecagon",
			"from": [3.50701, -1.13, 0.192],
			"to": [3.87699, 0.73, 0.664],
			"rotation": {"angle": 45, "axis": "z", "origin": [3.692, -0.2, 0.378]},
			"faces": {
				"north": {"uv": [0, 0, 1, 1], "texture": "#3"},
				"east": {"uv": [0, 0, 1, 1], "texture": "#3"},
				"south": {"uv": [0, 0, 1, 1], "texture": "#3"},
				"west": {"uv": [0, 0, 1, 1], "texture": "#3"},
				"up": {"uv": [0, 0, 1, 1], "texture": "#3"},
				"down": {"uv": [0, 0, 1, 1], "texture": "#3"}
			}
		},
		{
			"name": "hexadecagon",
			"from": [2.762, -0.38499, 0.192],
			"to": [4.622, -0.01501, 0.664],
			"rotation": {"angle": -22.5, "axis": "z", "origin": [3.692, -0.2, 0.378]},
			"faces": {
				"north": {"uv": [0, 0, 1, 1], "texture": "#3"},
				"east": {"uv": [0, 0, 1, 1], "texture": "#3"},
				"south": {"uv": [0, 0, 1, 1], "texture": "#3"},
				"west": {"uv": [0, 0, 1, 1], "texture": "#3"},
				"up": {"uv": [0, 0, 1, 1], "texture": "#3"},
				"down": {"uv": [0, 0, 1, 1], "texture": "#3"}
			}
		},
		{
			"name": "hexadecagon",
			"from": [2.762, -0.38499, 0.192],
			"to": [4.622, -0.01501, 0.664],
			"rotation": {"angle": 0, "axis": "z", "origin": [3.692, -0.2, 0.378]},
			"faces": {
				"north": {"uv": [0, 0, 1, 1], "texture": "#3"},
				"east": {"uv": [0, 0, 1, 1], "texture": "#3"},
				"south": {"uv": [0, 0, 1, 1], "texture": "#3"},
				"west": {"uv": [0, 0, 1, 1], "texture": "#3"},
				"up": {"uv": [0, 0, 1, 1], "texture": "#3"},
				"down": {"uv": [0, 0, 1, 1], "texture": "#3"}
			}
		},
		{
			"name": "hexadecagon",
			"from": [2.762, -0.38499, 0.192],
			"to": [4.622, -0.01501, 0.664],
			"rotation": {"angle": 22.5, "axis": "z", "origin": [3.692, -0.2, 0.378]},
			"faces": {
				"north": {"uv": [0, 0, 1, 1], "texture": "#3"},
				"east": {"uv": [0, 0, 1, 1], "texture": "#3"},
				"south": {"uv": [0, 0, 1, 1], "texture": "#3"},
				"west": {"uv": [0, 0, 1, 1], "texture": "#3"},
				"up": {"uv": [0, 0, 1, 1], "texture": "#3"},
				"down": {"uv": [0, 0, 1, 1], "texture": "#3"}
			}
		},
		{
			"name": "hexadecagon",
			"from": [3.50701, -1.13, -1.008],
			"to": [3.87699, 0.73, -0.536],
			"rotation": {"angle": -45, "axis": "z", "origin": [3.692, -0.2, -0.822]},
			"faces": {
				"north": {"uv": [0, 0, 1, 1], "texture": "#3"},
				"east": {"uv": [0, 0, 1, 1], "texture": "#3"},
				"south": {"uv": [0, 0, 1, 1], "texture": "#3"},
				"west": {"uv": [0, 0, 1, 1], "texture": "#3"},
				"up": {"uv": [0, 0, 1, 1], "texture": "#3"},
				"down": {"uv": [0, 0, 1, 1], "texture": "#3"}
			}
		},
		{
			"name": "hexadecagon",
			"from": [3.50701, -1.13, -1.008],
			"to": [3.87699, 0.73, -0.536],
			"rotation": {"angle": -22.5, "axis": "z", "origin": [3.692, -0.2, -0.822]},
			"faces": {
				"north": {"uv": [0, 0, 1, 1], "texture": "#3"},
				"east": {"uv": [0, 0, 1, 1], "texture": "#3"},
				"south": {"uv": [0, 0, 1, 1], "texture": "#3"},
				"west": {"uv": [0, 0, 1, 1], "texture": "#3"},
				"up": {"uv": [0, 0, 1, 1], "texture": "#3"},
				"down": {"uv": [0, 0, 1, 1], "texture": "#3"}
			}
		},
		{
			"name": "hexadecagon",
			"from": [3.50701, -1.13, -1.008],
			"to": [3.87699, 0.73, -0.536],
			"rotation": {"angle": 0, "axis": "y", "origin": [3.692, -0.2, -0.822]},
			"faces": {
				"north": {"uv": [0, 0, 1, 1], "texture": "#3"},
				"east": {"uv": [0, 0, 1, 1], "texture": "#3"},
				"south": {"uv": [0, 0, 1, 1], "texture": "#3"},
				"west": {"uv": [0, 0, 1, 1], "texture": "#3"},
				"up": {"uv": [0, 0, 1, 1], "texture": "#3"},
				"down": {"uv": [0, 0, 1, 1], "texture": "#3"}
			}
		},
		{
			"name": "hexadecagon",
			"from": [3.50701, -1.13, -1.008],
			"to": [3.87699, 0.73, -0.536],
			"rotation": {"angle": 22.5, "axis": "z", "origin": [3.692, -0.2, -0.822]},
			"faces": {
				"north": {"uv": [0, 0, 1, 1], "texture": "#3"},
				"east": {"uv": [0, 0, 1, 1], "texture": "#3"},
				"south": {"uv": [0, 0, 1, 1], "texture": "#3"},
				"west": {"uv": [0, 0, 1, 1], "texture": "#3"},
				"up": {"uv": [0, 0, 1, 1], "texture": "#3"},
				"down": {"uv": [0, 0, 1, 1], "texture": "#3"}
			}
		},
		{
			"name": "hexadecagon",
			"from": [3.50701, -1.13, -1.008],
			"to": [3.87699, 0.73, -0.536],
			"rotation": {"angle": 45, "axis": "z", "origin": [3.692, -0.2, -0.822]},
			"faces": {
				"north": {"uv": [0, 0, 1, 1], "texture": "#3"},
				"east": {"uv": [0, 0, 1, 1], "texture": "#3"},
				"south": {"uv": [0, 0, 1, 1], "texture": "#3"},
				"west": {"uv": [0, 0, 1, 1], "texture": "#3"},
				"up": {"uv": [0, 0, 1, 1], "texture": "#3"},
				"down": {"uv": [0, 0, 1, 1], "texture": "#3"}
			}
		},
		{
			"name": "hexadecagon",
			"from": [2.762, -0.38499, -1.008],
			"to": [4.622, -0.01501, -0.536],
			"rotation": {"angle": -22.5, "axis": "z", "origin": [3.692, -0.2, -0.822]},
			"faces": {
				"north": {"uv": [0, 0, 1, 1], "texture": "#3"},
				"east": {"uv": [0, 0, 1, 1], "texture": "#3"},
				"south": {"uv": [0, 0, 1, 1], "texture": "#3"},
				"west": {"uv": [0, 0, 1, 1], "texture": "#3"},
				"up": {"uv": [0, 0, 1, 1], "texture": "#3"},
				"down": {"uv": [0, 0, 1, 1], "texture": "#3"}
			}
		},
		{
			"name": "hexadecagon",
			"from": [2.762, -0.38499, -1.008],
			"to": [4.622, -0.01501, -0.536],
			"rotation": {"angle": 0, "axis": "y", "origin": [3.692, -0.2, -0.822]},
			"faces": {
				"north": {"uv": [0, 0, 1, 1], "texture": "#3"},
				"east": {"uv": [0, 0, 1, 1], "texture": "#3"},
				"south": {"uv": [0, 0, 1, 1], "texture": "#3"},
				"west": {"uv": [0, 0, 1, 1], "texture": "#3"},
				"up": {"uv": [0, 0, 1, 1], "texture": "#3"},
				"down": {"uv": [0, 0, 1, 1], "texture": "#3"}
			}
		},
		{
			"name": "hexadecagon",
			"from": [2.762, -0.38499, -1.008],
			"to": [4.622, -0.01501, -0.536],
			"rotation": {"angle": 22.5, "axis": "z", "origin": [3.692, -0.2, -0.822]},
			"faces": {
				"north": {"uv": [0, 0, 1, 1], "texture": "#3"},
				"east": {"uv": [0, 0, 1, 1], "texture": "#3"},
				"south": {"uv": [0, 0, 1, 1], "texture": "#3"},
				"west": {"uv": [0, 0, 1, 1], "texture": "#3"},
				"up": {"uv": [0, 0, 1, 1], "texture": "#3"},
				"down": {"uv": [0, 0, 1, 1], "texture": "#3"}
			}
		}
	],
	"display": {
		"thirdperson_righthand": {
			"rotation": [90, 90, -66],
			"translation": [8.25, 0.25, -0.75]
		},
		"thirdperson_lefthand": {
			"rotation": [90, -90, 66],
			"translation": [-8.25, 0.5, -0.75]
		},
		"firstperson_righthand": {
			"rotation": [0, 90, 18],
			"translation": [7.25, 5.5, 0],
			"scale": [0.67, 0.67, 0.67]
		},
		"firstperson_lefthand": {
			"rotation": [0, -90, -20],
			"translation": [-3.75, 5.5, 0],
			"scale": [0.67, 0.67, 0.67]
		},
		"ground": {
			"rotation": [0, 0, 114],
			"translation": [0, 0, 8.5]
		},
		"gui": {
			"translation": [-1.25, -2.5, 0],
			"scale": [0.67, 0.68, 0.69]
	        },
		"fixed": {
			"translation": [0, 0, -44],
			"scale": [3, 3, 3]
		}
	},
	"groups": [
		{
			"name": "group",
			"origin": [14.3268, 13.07277, 0.5],
			"color": 0,
			"nbt": "{}",
			"armAnimationEnabled": false,
			"children": [0, 1, 2, 3, 4, 5, 6, 7, 8, 9, 10, 11, 12, 13, 14, 15, 16, 17, 18, 19, 20, 21, 22, 23, 24, 25, 26, 27, 28, 29]
		},
		{
			"name": "group",
			"origin": [8, 8, 8],
			"color": 1,
			"nbt": "{}",
			"armAnimationEnabled": false,
			"children": [30, 31, 32]
		},
		{
			"name": "hexadecagon",
			"origin": [8, 8, 8],
			"color": 2,
			"nbt": "{}",
			"armAnimationEnabled": false,
			"children": [33, 34, 35, 36, 37, 38, 39, 40]
		},
		{
			"name": "hexadecagon",
			"origin": [8, 8, 8],
			"color": 3,
			"nbt": "{}",
			"armAnimationEnabled": false,
			"children": [41, 42, 43, 44, 45, 46, 47, 48]
		},
		{
			"name": "group",
			"origin": [8.5, 13.05, 0.5],
			"color": 6,
			"nbt": "{}",
			"armAnimationEnabled": false,
			"children": [49, 50, 51, 52, 53]
		},
		{
			"name": "group",
			"origin": [8.5, 13.05, 0.5],
			"color": 7,
			"nbt": "{}",
			"armAnimationEnabled": false,
			"children": [54, 55, 56, 57, 58]
		},
		{
			"name": "group",
			"origin": [8, 8, 8],
			"color": 1,
			"nbt": "{}",
			"armAnimationEnabled": false,
			"children": [59, 60, 61, 62, 63]
		},
		{
			"name": "hexadecagon",
			"origin": [8, 8, 8],
			"color": 4,
			"nbt": "{}",
			"armAnimationEnabled": false,
			"children": [64, 65, 66, 67, 68, 69, 70, 71, 72, 73, 74, 75, 76, 77, 78, 79]
		},
		{
			"name": "group",
			"origin": [8, 8, 8],
			"color": 8,
			"nbt": "{}",
			"armAnimationEnabled": false,
			"children": [80, 81, 82, 83, 84, 85, 86, 87, 88, 89, 90, 91, 92, 93, 94, 95, 96]
		},
		{
			"name": "hexadecagon",
			"origin": [8, 8, 8],
			"color": 5,
			"nbt": "{}",
			"armAnimationEnabled": false,
			"children": [97, 98, 99, 100, 101, 102, 103, 104, 105, 106, 107, 108, 109, 110, 111, 112]
		},
		{
			"name": "hexadecagon",
			"origin": [8, 8, 8],
			"color": 9,
			"nbt": "{}",
			"armAnimationEnabled": false,
			"children": [113, 114, 115, 116, 117, 118, 119, 120]
		},
		{
			"name": "group",
			"origin": [8, 8, 8],
			"color": 3,
			"nbt": "{}",
			"armAnimationEnabled": false,
			"children": [121, 122, 123, 124, 125, 126, 127, 128, 129, 130, 131, 132, 133, 134, 135, 136, 137, 138, 139, 140]
		},
		{
			"name": "hexadecagon",
			"origin": [8, 8, 8],
			"color": 9,
			"nbt": "{}",
			"armAnimationEnabled": false,
			"children": [
				141,
				142,
				{
					"name": "hexadecagon",
					"origin": [8, 8, 8],
					"color": 9,
					"nbt": "{}",
					"armAnimationEnabled": false,
					"children": [
						143,
						144,
						{
							"name": "hexadecagon",
							"origin": [8, 8, 8],
							"color": 9,
							"nbt": "{}",
							"armAnimationEnabled": false,
							"children": [
								145,
								146,
								{
									"name": "hexadecagon",
									"origin": [8, 8, 8],
									"color": 9,
									"nbt": "{}",
									"armAnimationEnabled": false,
									"children": [
										147,
										148,
										{
											"name": "hexadecagon",
											"origin": [8, 8, 8],
											"color": 9,
											"nbt": "{}",
											"armAnimationEnabled": false,
											"children": [
												149,
												150,
												{
													"name": "hexadecagon",
													"origin": [8, 8, 8],
													"color": 9,
													"nbt": "{}",
													"armAnimationEnabled": false,
													"children": [151, 152]
												}
											]
										}
									]
								}
							]
						}
					]
				}
			]
		},
		{
			"name": "group",
			"origin": [8, 8, 8],
			"color": 0,
			"nbt": "{}",
			"armAnimationEnabled": false,
			"children": [153]
		},
		{
			"name": "hexadecagon",
			"origin": [8, 8, 8],
			"color": 8,
			"nbt": "{}",
			"armAnimationEnabled": false,
			"children": [
				154,
				155,
				156,
				157,
				158,
				159,
				160,
				161,
				{
					"name": "hexadecagon",
					"origin": [8, 8, 8],
					"color": 8,
					"nbt": "{}",
					"armAnimationEnabled": false,
					"children": [162, 163, 164, 165, 166, 167, 168, 169]
				}
			]
		}
	]
}