{
	"credit": "Made with Blockbench",
	"textures": {
		"1": "stp/item_skin/miecze/iron_trapdoor",
		"2": "stp/item_skin/miecze/oak_planks",
		"particle": "stp/item_skin/miecze/brown_terracotta"
	},
	"elements": [
		{
			"from": [7.2, 4, 7.1],
			"to": [7.8, 13.2, 7.9],
			"faces": {
				"north": {"uv": [15.4, 12.2, 16, 15], "texture": "#2"},
				"east": {"uv": [15.4, 12.2, 16, 15], "texture": "#2"},
				"south": {"uv": [15.4, 12.2, 16, 15], "texture": "#2"},
				"west": {"uv": [15.4, 12.2, 16, 15], "texture": "#2"},
				"up": {"uv": [15.4, 12.2, 16, 15], "texture": "#2"},
				"down": {"uv": [15.4, 12.2, 16, 15], "texture": "#2"}
			}
		},
		{
			"from": [7.1, 4, 7.2],
			"to": [7.9, 13.2, 7.8],
			"faces": {
				"north": {"uv": [15.4, 12.2, 16, 15], "texture": "#2"},
				"east": {"uv": [15.4, 12.2, 16, 15], "texture": "#2"},
				"south": {"uv": [15.4, 12.2, 16, 15], "texture": "#2"},
				"west": {"uv": [15.4, 12.2, 16, 15], "texture": "#2"},
				"up": {"uv": [15.4, 12.2, 16, 15], "texture": "#2"},
				"down": {"uv": [15.4, 12.2, 16, 15], "texture": "#2"}
			}
		},
		{
			"from": [7, 12, 6.1],
			"to": [8, 13, 9.1],
			"faces": {
				"north": {"uv": [0, 0, 1, 1], "texture": "#1"},
				"east": {"uv": [0, 0, 3, 1], "texture": "#1"},
				"south": {"uv": [0, 0, 1, 1], "texture": "#1"},
				"west": {"uv": [0, 0, 3, 1], "texture": "#1"},
				"up": {"uv": [0, 0, 1, 3], "texture": "#1"},
				"down": {"uv": [0, 0, 1, 3], "texture": "#1"}
			}
		},
		{
			"from": [7, 12, 6],
			"to": [8, 13, 9],
			"faces": {
				"north": {"uv": [0, 0, 1, 1], "texture": "#1"},
				"east": {"uv": [0, 0, 3, 1], "texture": "#1"},
				"south": {"uv": [0, 0, 1, 1], "texture": "#1"},
				"west": {"uv": [0, 0, 3, 1], "texture": "#1"},
				"up": {"uv": [0, 0, 1, 3], "texture": "#1"},
				"down": {"uv": [0, 0, 1, 3], "texture": "#1"}
			}
		},
		{
			"from": [7, 12.1, 6],
			"to": [8, 13.1, 9],
			"faces": {
				"north": {"uv": [0, 0, 1, 1], "texture": "#1"},
				"east": {"uv": [0, 0, 3, 1], "texture": "#1"},
				"south": {"uv": [0, 0, 1, 1], "texture": "#1"},
				"west": {"uv": [0, 0, 3, 1], "texture": "#1"},
				"up": {"uv": [0, 0, 1, 3], "texture": "#1"},
				"down": {"uv": [0, 0, 1, 3], "texture": "#1"}
			}
		},
		{
			"from": [6.9, 12, 6],
			"to": [7.9, 13, 9],
			"faces": {
				"north": {"uv": [0, 0, 1, 1], "texture": "#1"},
				"east": {"uv": [0, 0, 3, 1], "texture": "#1"},
				"south": {"uv": [0, 0, 1, 1], "texture": "#1"},
				"west": {"uv": [0, 0, 3, 1], "texture": "#1"},
				"up": {"uv": [0, 0, 1, 3], "texture": "#1"},
				"down": {"uv": [0, 0, 1, 3], "texture": "#1"}
			}
		},
		{
			"from": [7.1, 12, 6],
			"to": [8.1, 13, 9],
			"faces": {
				"north": {"uv": [0, 0, 1, 1], "texture": "#1"},
				"east": {"uv": [0, 0, 3, 1], "texture": "#1"},
				"south": {"uv": [0, 0, 1, 1], "texture": "#1"},
				"west": {"uv": [0, 0, 3, 1], "texture": "#1"},
				"up": {"uv": [0, 0, 1, 3], "texture": "#1"},
				"down": {"uv": [0, 0, 1, 3], "texture": "#1"}
			}
		},
		{
			"from": [7, 11.9, 6],
			"to": [8, 12.9, 9],
			"faces": {
				"north": {"uv": [0, 0, 1, 1], "texture": "#1"},
				"east": {"uv": [0, 0, 3, 1], "texture": "#1"},
				"south": {"uv": [0, 0, 1, 1], "texture": "#1"},
				"west": {"uv": [0, 0, 3, 1], "texture": "#1"},
				"up": {"uv": [0, 0, 1, 3], "texture": "#1"},
				"down": {"uv": [0, 0, 1, 3], "texture": "#1"}
			}
		},
		{
			"from": [7, 12, 5.9],
			"to": [8, 13, 8.9],
			"faces": {
				"north": {"uv": [0, 0, 1, 1], "texture": "#1"},
				"east": {"uv": [0, 0, 3, 1], "texture": "#1"},
				"south": {"uv": [0, 0, 1, 1], "texture": "#1"},
				"west": {"uv": [0, 0, 3, 1], "texture": "#1"},
				"up": {"uv": [0, 0, 1, 3], "texture": "#1"},
				"down": {"uv": [0, 0, 1, 3], "texture": "#1"}
			}
		}
	],
	"display": {
		"thirdperson_righthand": {
			"translation": [0.75, 0, 1.25],
			"scale": [2, 2, 2]
		},
		"thirdperson_lefthand": {
			"translation": [-0.75, 0, 1.25],
			"scale": [2, 2, 2]
		},
		"firstperson_righthand": {
			"rotation": [-4, 0, 0],
			"translation": [3.25, 5.25, 1],
			"scale": [1.75, 1.75, 1.75]
		},
		"firstperson_lefthand": {
			"rotation": [-4, 0, 0],
			"translation": [2.75, 5.25, 0.5],
			"scale": [1.75, 1.75, 1.75]
		},
		"ground": {
			"rotation": [90, 90, 0],
			"translation": [0, -2, 0],
			"scale": [1.5, 1.5, 1.5]
		},
		"fixed": {
			"rotation": [0, 90, 0],
			"translation": [0, -1, -1.5],
			"scale": [2, 2, 2]
		}
	},
	"groups": [
		{
			"name": "renkojesc",
			"origin": [0, 0, 0],
			"color": 0,
			"children": [0, 1]
		},
		{
			"name": "group",
			"origin": [0, 0, 0],
			"color": 0,
			"children": [2, 3, 4, 5, 6, 7, 8]
		}
	]
}