{
	"credit": "Made with Blockbench",
	"textures": {
		"0": "block/black_concrete",
		"1": "block/gray_concrete",
		"2": "block/light_gray_concrete",
		"3": "block/white_concrete",
		"4": "block/gold_block",
		"particle": "block/black_concrete"
	},
	"elements": [
		{
			"from": [8, 0, 9],
			"to": [8.75, 7, 10],
			"faces": {
				"north": {"uv": [0, 0, 0.75, 7], "texture": "#0"},
				"east": {"uv": [0, 0, 1, 7], "texture": "#0"},
				"south": {"uv": [0, 0, 0.75, 7], "texture": "#0"},
				"west": {"uv": [0, 0, 1, 7], "texture": "#0"},
				"up": {"uv": [0, 0, 0.75, 1], "texture": "#0"},
				"down": {"uv": [0, 0, 0.75, 1], "texture": "#0"}
			}
		},
		{
			"from": [7.5, 6.925, 8.5],
			"to": [9.25, 7.175, 10.5],
			"faces": {
				"north": {"uv": [0, 0, 1.75, 0.25], "texture": "#0"},
				"east": {"uv": [0, 0, 2, 0.25], "texture": "#0"},
				"south": {"uv": [0, 0, 1.75, 0.25], "texture": "#0"},
				"west": {"uv": [0, 0, 2, 0.25], "texture": "#0"},
				"up": {"uv": [0, 0, 1.75, 2], "texture": "#0"},
				"down": {"uv": [0, 0, 1.75, 2], "texture": "#0"}
			}
		},
		{
			"from": [7.5, 6.95, 8.5],
			"to": [9.25, 7.2, 10.5],
			"rotation": {"angle": 22.5, "axis": "y", "origin": [8.375, 7.125, 9.5]},
			"faces": {
				"north": {"uv": [0, 0, 1.75, 0.25], "texture": "#0"},
				"east": {"uv": [0, 0, 2, 0.25], "texture": "#0"},
				"south": {"uv": [0, 0, 1.75, 0.25], "texture": "#0"},
				"west": {"uv": [0, 0, 2, 0.25], "texture": "#0"},
				"up": {"uv": [0, 0, 1.75, 2], "texture": "#0"},
				"down": {"uv": [0, 0, 1.75, 2], "texture": "#0"}
			}
		},
		{
			"from": [7.5, 6.975, 8.5],
			"to": [9.25, 7.225, 10.5],
			"rotation": {"angle": 45, "axis": "y", "origin": [8.375, 7.125, 9.5]},
			"faces": {
				"north": {"uv": [0, 0, 1.75, 0.25], "texture": "#0"},
				"east": {"uv": [0, 0, 2, 0.25], "texture": "#0"},
				"south": {"uv": [0, 0, 1.75, 0.25], "texture": "#0"},
				"west": {"uv": [0, 0, 2, 0.25], "texture": "#0"},
				"up": {"uv": [0, 0, 1.75, 2], "texture": "#0"},
				"down": {"uv": [0, 0, 1.75, 2], "texture": "#0"}
			}
		},
		{
			"from": [7.375, 7, 8.625],
			"to": [9.375, 7.25, 10.375],
			"rotation": {"angle": -22.5, "axis": "y", "origin": [8.375, 7.125, 9.5]},
			"faces": {
				"north": {"uv": [0, 0, 2, 0.25], "texture": "#0"},
				"east": {"uv": [0, 0, 1.75, 0.25], "texture": "#0"},
				"south": {"uv": [0, 0, 2, 0.25], "texture": "#0"},
				"west": {"uv": [0, 0, 1.75, 0.25], "texture": "#0"},
				"up": {"uv": [0, 0, 1.75, 2], "rotation": 270, "texture": "#0"},
				"down": {"uv": [0, 0, 1.75, 2], "rotation": 90, "texture": "#0"}
			}
		},
		{
			"from": [7.975, 0.725, 9.15],
			"to": [8.775, 1, 9.775],
			"faces": {
				"north": {"uv": [0, 0, 0.8, 0.275], "texture": "#3"},
				"east": {"uv": [0, 0, 0.625, 0.275], "texture": "#3"},
				"south": {"uv": [0, 0, 0.8, 0.275], "texture": "#3"},
				"west": {"uv": [0, 0, 0.625, 0.275], "texture": "#3"},
				"up": {"uv": [0, 0, 0.8, 0.625], "texture": "#3"},
				"down": {"uv": [0, 0, 0.8, 0.625], "texture": "#3"}
			}
		},
		{
			"from": [7.975, 1.225, 9.15],
			"to": [8.775, 1.5, 9.775],
			"faces": {
				"north": {"uv": [0, 0, 0.8, 0.275], "texture": "#3"},
				"east": {"uv": [0, 0, 0.625, 0.275], "texture": "#3"},
				"south": {"uv": [0, 0, 0.8, 0.275], "texture": "#3"},
				"west": {"uv": [0, 0, 0.625, 0.275], "texture": "#3"},
				"up": {"uv": [0, 0, 0.8, 0.625], "texture": "#3"},
				"down": {"uv": [0, 0, 0.8, 0.625], "texture": "#3"}
			}
		},
		{
			"from": [7.975, 1.725, 9.15],
			"to": [8.775, 2, 9.775],
			"faces": {
				"north": {"uv": [0, 0, 0.8, 0.275], "texture": "#3"},
				"east": {"uv": [0, 0, 0.625, 0.275], "texture": "#3"},
				"south": {"uv": [0, 0, 0.8, 0.275], "texture": "#3"},
				"west": {"uv": [0, 0, 0.625, 0.275], "texture": "#3"},
				"up": {"uv": [0, 0, 0.8, 0.625], "texture": "#3"},
				"down": {"uv": [0, 0, 0.8, 0.625], "texture": "#3"}
			}
		},
		{
			"from": [7.975, 2.225, 9.15],
			"to": [8.775, 2.5, 9.775],
			"faces": {
				"north": {"uv": [0, 0, 0.8, 0.275], "texture": "#3"},
				"east": {"uv": [0, 0, 0.625, 0.275], "texture": "#3"},
				"south": {"uv": [0, 0, 0.8, 0.275], "texture": "#3"},
				"west": {"uv": [0, 0, 0.625, 0.275], "texture": "#3"},
				"up": {"uv": [0, 0, 0.8, 0.625], "texture": "#3"},
				"down": {"uv": [0, 0, 0.8, 0.625], "texture": "#3"}
			}
		},
		{
			"from": [7.975, 2.725, 9.15],
			"to": [8.775, 3, 9.775],
			"faces": {
				"north": {"uv": [0, 0, 0.8, 0.275], "texture": "#3"},
				"east": {"uv": [0, 0, 0.625, 0.275], "texture": "#3"},
				"south": {"uv": [0, 0, 0.8, 0.275], "texture": "#3"},
				"west": {"uv": [0, 0, 0.625, 0.275], "texture": "#3"},
				"up": {"uv": [0, 0, 0.8, 0.625], "texture": "#3"},
				"down": {"uv": [0, 0, 0.8, 0.625], "texture": "#3"}
			}
		},
		{
			"from": [7.975, 3.225, 9.15],
			"to": [8.775, 3.5, 9.775],
			"faces": {
				"north": {"uv": [0, 0, 0.8, 0.275], "texture": "#3"},
				"east": {"uv": [0, 0, 0.625, 0.275], "texture": "#3"},
				"south": {"uv": [0, 0, 0.8, 0.275], "texture": "#3"},
				"west": {"uv": [0, 0, 0.625, 0.275], "texture": "#3"},
				"up": {"uv": [0, 0, 0.8, 0.625], "texture": "#3"},
				"down": {"uv": [0, 0, 0.8, 0.625], "texture": "#3"}
			}
		},
		{
			"from": [7.975, 3.725, 9.15],
			"to": [8.775, 4, 9.775],
			"faces": {
				"north": {"uv": [0, 0, 0.8, 0.275], "texture": "#3"},
				"east": {"uv": [0, 0, 0.625, 0.275], "texture": "#3"},
				"south": {"uv": [0, 0, 0.8, 0.275], "texture": "#3"},
				"west": {"uv": [0, 0, 0.625, 0.275], "texture": "#3"},
				"up": {"uv": [0, 0, 0.8, 0.625], "texture": "#3"},
				"down": {"uv": [0, 0, 0.8, 0.625], "texture": "#3"}
			}
		},
		{
			"from": [7.975, 4.225, 9.15],
			"to": [8.775, 4.5, 9.775],
			"faces": {
				"north": {"uv": [0, 0, 0.8, 0.275], "texture": "#3"},
				"east": {"uv": [0, 0, 0.625, 0.275], "texture": "#3"},
				"south": {"uv": [0, 0, 0.8, 0.275], "texture": "#3"},
				"west": {"uv": [0, 0, 0.625, 0.275], "texture": "#3"},
				"up": {"uv": [0, 0, 0.8, 0.625], "texture": "#3"},
				"down": {"uv": [0, 0, 0.8, 0.625], "texture": "#3"}
			}
		},
		{
			"from": [7.975, 4.725, 9.15],
			"to": [8.775, 5, 9.775],
			"faces": {
				"north": {"uv": [0, 0, 0.8, 0.275], "texture": "#4"},
				"east": {"uv": [0, 0, 16, 16], "texture": "#4"},
				"south": {"uv": [0, 0, 0.8, 0.275], "texture": "#4"},
				"west": {"uv": [0, 0, 16, 16], "texture": "#4"},
				"up": {"uv": [0, 0, 0.8, 0.625], "texture": "#4"},
				"down": {"uv": [0, 0, 0.8, 0.625], "texture": "#4"}
			}
		},
		{
			"from": [7.975, 5.225, 9.15],
			"to": [8.775, 5.5, 9.775],
			"faces": {
				"north": {"uv": [0, 0, 0.8, 0.275], "texture": "#4"},
				"east": {"uv": [0, 0, 16, 16], "texture": "#4"},
				"south": {"uv": [0, 0, 0.8, 0.275], "texture": "#4"},
				"west": {"uv": [0, 0, 16, 16], "texture": "#4"},
				"up": {"uv": [0, 0, 0.8, 0.625], "texture": "#4"},
				"down": {"uv": [0, 0, 0.8, 0.625], "texture": "#4"}
			}
		},
		{
			"from": [7.975, 5.725, 9.15],
			"to": [8.775, 6, 9.775],
			"faces": {
				"north": {"uv": [0, 0, 0.8, 0.275], "texture": "#3"},
				"east": {"uv": [0, 0, 0.625, 0.275], "texture": "#3"},
				"south": {"uv": [0, 0, 0.8, 0.275], "texture": "#3"},
				"west": {"uv": [0, 0, 0.625, 0.275], "texture": "#3"},
				"up": {"uv": [0, 0, 0.8, 0.625], "texture": "#3"},
				"down": {"uv": [0, 0, 0.8, 0.625], "texture": "#3"}
			}
		},
		{
			"from": [7.975, 6.225, 9.15],
			"to": [8.775, 6.5, 9.775],
			"faces": {
				"north": {"uv": [0, 0, 0.8, 0.275], "texture": "#3"},
				"east": {"uv": [0, 0, 0.625, 0.275], "texture": "#3"},
				"south": {"uv": [0, 0, 0.8, 0.275], "texture": "#3"},
				"west": {"uv": [0, 0, 0.625, 0.275], "texture": "#3"},
				"up": {"uv": [0, 0, 0.8, 0.625], "texture": "#3"},
				"down": {"uv": [0, 0, 0.8, 0.625], "texture": "#3"}
			}
		},
		{
			"from": [8.275, 8, 9.075],
			"to": [8.475, 23.5, 10],
			"faces": {
				"north": {"uv": [0, 0, 0.2, 15.5], "texture": "#1"},
				"east": {"uv": [0, 0, 0.925, 15.5], "texture": "#1"},
				"south": {"uv": [0, 0, 0.2, 15.5], "texture": "#1"},
				"west": {"uv": [0, 0, 0.925, 15.5], "texture": "#1"},
				"up": {"uv": [0, 0, 0.2, 0.925], "texture": "#1"},
				"down": {"uv": [0, 0, 0.2, 0.925], "texture": "#1"}
			}
		},
		{
			"from": [8.275, 7, 9.075],
			"to": [8.475, 8, 10],
			"faces": {
				"north": {"uv": [0, 0, 0.2, 1], "texture": "#4"},
				"east": {"uv": [0, 0, 15.925, 16], "texture": "#4"},
				"south": {"uv": [0, 0, 16, 16], "texture": "#4"},
				"west": {"uv": [0.075, 0, 16, 16], "texture": "#4"},
				"up": {"uv": [0, 0, 0.2, 0.925], "texture": "#4"},
				"down": {"uv": [0, 0, 0.2, 0.925], "texture": "#4"}
			}
		},
		{
			"from": [8.275, 23.5, 9.825],
			"to": [8.475, 26.9, 10],
			"faces": {
				"north": {"uv": [0, 0, 0.2, 3.4], "texture": "#1"},
				"east": {"uv": [0, 0, 0.175, 3.4], "texture": "#1"},
				"south": {"uv": [0, 0, 0.2, 3.4], "texture": "#1"},
				"west": {"uv": [0, 0, 0.175, 3.4], "texture": "#1"},
				"up": {"uv": [0, 0, 0.2, 0.175], "texture": "#1"},
				"down": {"uv": [0, 0, 0.2, 0.175], "texture": "#1"}
			}
		},
		{
			"from": [8.275, 23.5, 9.625],
			"to": [8.475, 26.7, 9.825],
			"faces": {
				"north": {"uv": [0, 0, 0.2, 3.2], "texture": "#1"},
				"east": {"uv": [0, 0, 0.2, 3.2], "texture": "#1"},
				"south": {"uv": [0, 0, 0.2, 3.2], "texture": "#1"},
				"west": {"uv": [0, 0, 0.2, 3.2], "texture": "#1"},
				"up": {"uv": [0, 0, 0.2, 0.2], "texture": "#1"},
				"down": {"uv": [0, 0, 0.2, 0.2], "texture": "#1"}
			}
		},
		{
			"from": [8.275, 23.5, 9.425],
			"to": [8.475, 26.5, 9.625],
			"faces": {
				"north": {"uv": [0, 0, 0.2, 3], "texture": "#1"},
				"east": {"uv": [0, 0, 0.2, 3], "texture": "#1"},
				"south": {"uv": [0, 0, 0.2, 3], "texture": "#1"},
				"west": {"uv": [0, 0, 0.2, 3], "texture": "#1"},
				"up": {"uv": [0, 0, 0.2, 0.2], "texture": "#1"},
				"down": {"uv": [0, 0, 0.2, 0.2], "texture": "#1"}
			}
		},
		{
			"from": [8.275, 23.5, 9.225],
			"to": [8.475, 26.3, 9.425],
			"faces": {
				"north": {"uv": [0, 0, 0.2, 2.8], "texture": "#1"},
				"east": {"uv": [0, 0, 0.2, 2.8], "texture": "#1"},
				"south": {"uv": [0, 0, 0.2, 2.8], "texture": "#1"},
				"west": {"uv": [0, 0, 0.2, 2.8], "texture": "#1"},
				"up": {"uv": [0, 0, 0.2, 0.2], "texture": "#1"},
				"down": {"uv": [0, 0, 0.2, 0.2], "texture": "#1"}
			}
		},
		{
			"from": [8.275, 26.125, 9.175],
			"to": [8.475, 26.175, 9.225],
			"faces": {
				"north": {"uv": [0, 0, 0.2, 0.05], "texture": "#1"},
				"east": {"uv": [0, 0, 0.05, 0.05], "texture": "#1"},
				"south": {"uv": [0, 0, 0.2, 0.05], "texture": "#1"},
				"west": {"uv": [0, 0, 0.05, 0.05], "texture": "#1"},
				"up": {"uv": [0, 0, 0.2, 0.05], "texture": "#1"},
				"down": {"uv": [0, 0, 0.2, 0.05], "texture": "#1"}
			}
		},
		{
			"from": [8.275, 26.3, 9.375],
			"to": [8.475, 26.375, 9.425],
			"faces": {
				"north": {"uv": [0, 0, 0.2, 0.075], "texture": "#1"},
				"east": {"uv": [0, 0, 0.05, 0.075], "texture": "#1"},
				"south": {"uv": [0, 0, 0.2, 0.075], "texture": "#1"},
				"west": {"uv": [0, 0, 0.05, 0.075], "texture": "#1"},
				"up": {"uv": [0, 0, 0.2, 0.05], "texture": "#1"},
				"down": {"uv": [0, 0, 0.2, 0.05], "texture": "#1"}
			}
		},
		{
			"from": [8.275, 26.5, 9.55],
			"to": [8.475, 26.575, 9.625],
			"faces": {
				"north": {"uv": [0, 0, 0.2, 0.075], "texture": "#1"},
				"east": {"uv": [0, 0, 0.075, 0.075], "texture": "#1"},
				"south": {"uv": [0, 0, 0.2, 0.075], "texture": "#1"},
				"west": {"uv": [0, 0, 0.075, 0.075], "texture": "#1"},
				"up": {"uv": [0, 0, 0.2, 0.075], "texture": "#1"},
				"down": {"uv": [0, 0, 0.2, 0.075], "texture": "#1"}
			}
		},
		{
			"from": [8.275, 26.7, 9.75],
			"to": [8.475, 26.775, 9.825],
			"faces": {
				"north": {"uv": [0, 0, 0.2, 0.075], "texture": "#1"},
				"east": {"uv": [0, 0, 0.075, 0.075], "texture": "#1"},
				"south": {"uv": [0, 0, 0.2, 0.075], "texture": "#1"},
				"west": {"uv": [0, 0, 0.075, 0.075], "texture": "#1"},
				"up": {"uv": [0, 0, 0.2, 0.075], "texture": "#1"},
				"down": {"uv": [0, 0, 0.2, 0.075], "texture": "#1"}
			}
		},
		{
			"from": [8.275, 26.9, 9.925],
			"to": [8.475, 26.975, 10],
			"faces": {
				"north": {"uv": [0, 0, 0.2, 0.075], "texture": "#1"},
				"east": {"uv": [0, 0, 0.075, 0.075], "texture": "#1"},
				"south": {"uv": [0, 0, 0.2, 0.075], "texture": "#1"},
				"west": {"uv": [0, 0, 0.075, 0.075], "texture": "#1"},
				"up": {"uv": [0, 0, 0.2, 0.075], "texture": "#1"},
				"down": {"uv": [0, 0, 0.2, 0.075], "texture": "#1"}
			}
		},
		{
			"from": [8.275, 23.5, 9.075],
			"to": [8.475, 26.125, 9.225],
			"faces": {
				"north": {"uv": [0, 0, 0.2, 2.625], "texture": "#1"},
				"east": {"uv": [0, 0, 0.15, 2.625], "texture": "#1"},
				"south": {"uv": [0, 0, 0.2, 2.625], "texture": "#1"},
				"west": {"uv": [0, 0, 0.15, 2.625], "texture": "#1"},
				"up": {"uv": [0, 0, 0.2, 0.15], "texture": "#1"},
				"down": {"uv": [0, 0, 0.2, 0.15], "texture": "#1"}
			}
		},
		{
			"from": [8.25, 7, 9],
			"to": [8.5, 26.075, 9.075],
			"faces": {
				"north": {"uv": [0, 0, 0.25, 16], "texture": "#2"},
				"east": {"uv": [0, 0, 0.075, 16], "texture": "#2"},
				"south": {"uv": [0, 0, 0.25, 16], "texture": "#2"},
				"west": {"uv": [0, 0, 0.075, 16], "texture": "#2"},
				"up": {"uv": [0, 0, 0.25, 0.075], "texture": "#2"},
				"down": {"uv": [0, 0, 0.25, 0.075], "texture": "#2"}
			}
		},
		{
			"from": [8.25, 26.24157, 8.56857],
			"to": [8.5, 26.34157, 9.91857],
			"rotation": {"angle": -45, "axis": "x", "origin": [8.375, 26.72907, 9.10607]},
			"faces": {
				"north": {"uv": [0, 0, 0.25, 0.1], "rotation": 180, "texture": "#2"},
				"east": {"uv": [0, 0, 0.1, 1.35], "rotation": 270, "texture": "#2"},
				"south": {"uv": [0, 0, 0.25, 0.1], "texture": "#2"},
				"west": {"uv": [0, 0, 0.1, 1.35], "rotation": 90, "texture": "#2"},
				"up": {"uv": [0, 0, 0.25, 1.35], "rotation": 180, "texture": "#2"},
				"down": {"uv": [0, 0, 0.25, 1.35], "texture": "#2"}
			}
		}
	],
	"display": {
		"thirdperson_righthand": {
			"translation": [0, 2, -1.75]
		},
		"thirdperson_lefthand": {
			"translation": [0, 1.5, -1.75]
		},
		"firstperson_righthand": {
			"translation": [8, -0.75, -4.75]
		},
		"firstperson_lefthand": {
			"translation": [8.25, -0.75, -4.25]
		},
		"ground": {
			"rotation": [0, 0, 41]
		},
		"gui": {
			"rotation": [-90, 53.5, 94],
			"translation": [0.75, -4, 0],
			"scale": [0.71, 0.71, 0.71]
		},
		"fixed": {
			"rotation": [0, 90, 0],
			"translation": [-1.5, 0, -1.75]
		}
	},
	"groups": [
		{
			"name": "group",
			"origin": [8, 8, 8],
			"color": 0,
			"children": [0, 1, 2, 3, 4]
		},
		{
			"name": "group",
			"origin": [8, 8, 8],
			"color": 0,
			"children": [5, 6, 7, 8, 9, 10, 11, 12, 13, 14, 15, 16]
		},
		{
			"name": "group",
			"origin": [8, 8, 8],
			"color": 0,
			"children": [17, 18, 19, 20, 21, 22, 23, 24, 25, 26, 27, 28, 29, 30]
		}
	]
}