{
	"credit": "Made with Blockbench",
	"textures": {
		"0": "block/black_concrete_powder",
		"1": "block/green_concrete",
		"2": "block/gray_concrete",
		"3": "block/light_gray_concrete_powder",
		"particle": "block/black_concrete_powder"
	},
	"elements": [
		{
			"from": [8, 0, 7],
			"to": [9, 9, 8],
			"faces": {
				"north": {"uv": [0, 0, 1, 9], "texture": "#2"},
				"east": {"uv": [0, 0, 1, 9], "texture": "#2"},
				"south": {"uv": [0, 0, 1, 9], "texture": "#2"},
				"west": {"uv": [0, 0, 1, 9], "texture": "#2"},
				"up": {"uv": [0, 0, 1, 1], "texture": "#2"},
				"down": {"uv": [0, 0, 1, 1], "texture": "#2"}
			}
		},
		{
			"from": [0.25, 10, 7.5],
			"to": [0.75, 28.75, 8.25],
			"rotation": {"angle": 45, "axis": "y", "origin": [0, 0, 0], "rescale": true},
			"faces": {
				"north": {"uv": [0, 0, 0.5, 16], "texture": "#0"},
				"east": {"uv": [0, 0, 0.75, 16], "texture": "#0"},
				"south": {"uv": [0, 0, 0.5, 16], "texture": "#0"},
				"west": {"uv": [0, 0, 0.75, 16], "texture": "#0"},
				"up": {"uv": [0, 0, 0.5, 0.75], "texture": "#0"},
				"down": {"uv": [0, 0, 0.5, 0.75], "texture": "#0"}
			}
		},
		{
			"from": [0.25, 28.75, 7.5],
			"to": [0.75, 29, 8.25],
			"rotation": {"angle": 45, "axis": "y", "origin": [0, 0, 0], "rescale": true},
			"faces": {
				"north": {"uv": [0, 0, 0.5, 0.25], "texture": "#3"},
				"east": {"uv": [0, 0, 0.75, 0.25], "texture": "#3"},
				"south": {"uv": [0, 0, 0.5, 0.25], "texture": "#3"},
				"west": {"uv": [0, 0, 0.75, 0.25], "texture": "#3"},
				"up": {"uv": [0, 0, 0.5, 0.75], "texture": "#3"},
				"down": {"uv": [0, 0, 0.5, 0.75], "texture": "#3"}
			}
		},
		{
			"from": [8.25, 28.75, -0.75],
			"to": [8.3, 28.975, -0.25],
			"rotation": {"angle": -45, "axis": "y", "origin": [0, 0, 0], "rescale": true},
			"faces": {
				"north": {"uv": [0, 0, 0.05, 0.225], "texture": "#3"},
				"east": {"uv": [0, 0, 0.5, 0.225], "texture": "#3"},
				"south": {"uv": [0, 0, 0.05, 0.225], "texture": "#3"},
				"west": {"uv": [0, 0, 0.5, 0.225], "texture": "#3"},
				"up": {"uv": [0, 0, 0.5, 0.05], "rotation": 270, "texture": "#3"},
				"down": {"uv": [0, 0, 0.5, 0.05], "rotation": 90, "texture": "#3"}
			}
		},
		{
			"from": [8.35, 28.75, -0.75],
			"to": [8.4, 28.875, -0.25],
			"rotation": {"angle": -45, "axis": "y", "origin": [0, 0, 0], "rescale": true},
			"faces": {
				"north": {"uv": [0, 0, 0.05, 0.125], "texture": "#3"},
				"east": {"uv": [0, 0, 0.5, 0.125], "texture": "#3"},
				"south": {"uv": [0, 0, 0.05, 0.125], "texture": "#3"},
				"west": {"uv": [0, 0, 0.5, 0.125], "texture": "#3"},
				"up": {"uv": [0, 0, 0.5, 0.05], "rotation": 270, "texture": "#3"},
				"down": {"uv": [0, 0, 0.5, 0.05], "rotation": 90, "texture": "#3"}
			}
		},
		{
			"from": [8.4, 28.75, -0.75],
			"to": [8.45, 28.825, -0.25],
			"rotation": {"angle": -45, "axis": "y", "origin": [0, 0, 0], "rescale": true},
			"faces": {
				"north": {"uv": [0, 0, 0.05, 0.075], "texture": "#3"},
				"east": {"uv": [0, 0, 0.5, 0.075], "texture": "#3"},
				"south": {"uv": [0, 0, 0.05, 0.075], "texture": "#3"},
				"west": {"uv": [0, 0, 0.5, 0.075], "texture": "#3"},
				"up": {"uv": [0, 0, 0.5, 0.05], "rotation": 270, "texture": "#3"},
				"down": {"uv": [0, 0, 0.5, 0.05], "rotation": 90, "texture": "#3"}
			}
		},
		{
			"from": [8.45, 28.75, -0.75],
			"to": [8.5, 28.775, -0.25],
			"rotation": {"angle": -45, "axis": "y", "origin": [0, 0, 0], "rescale": true},
			"faces": {
				"north": {"uv": [0, 0, 0.05, 0.025], "texture": "#3"},
				"east": {"uv": [0, 0, 0.5, 0.025], "texture": "#3"},
				"south": {"uv": [0, 0, 0.05, 0.025], "texture": "#3"},
				"west": {"uv": [0, 0, 0.5, 0.025], "texture": "#3"},
				"up": {"uv": [0, 0, 0.5, 0.05], "rotation": 270, "texture": "#3"},
				"down": {"uv": [0, 0, 0.5, 0.05], "rotation": 90, "texture": "#3"}
			}
		},
		{
			"from": [8.3, 28.75, -0.75],
			"to": [8.35, 28.925, -0.25],
			"rotation": {"angle": -45, "axis": "y", "origin": [0, 0, 0], "rescale": true},
			"faces": {
				"north": {"uv": [0, 0, 0.05, 0.175], "texture": "#3"},
				"east": {"uv": [0, 0, 0.5, 0.175], "texture": "#3"},
				"south": {"uv": [0, 0, 0.05, 0.175], "texture": "#3"},
				"west": {"uv": [0, 0, 0.5, 0.175], "texture": "#3"},
				"up": {"uv": [0, 0, 0.5, 0.05], "rotation": 270, "texture": "#3"},
				"down": {"uv": [0, 0, 0.5, 0.05], "rotation": 90, "texture": "#3"}
			}
		},
		{
			"from": [0.25, 10, 8.25],
			"to": [0.75, 28.75, 8.5],
			"rotation": {"angle": 45, "axis": "y", "origin": [0, 0, 0], "rescale": true},
			"faces": {
				"north": {"uv": [0, 0, 0.5, 16], "texture": "#3"},
				"east": {"uv": [0, 0, 0.25, 16], "texture": "#3"},
				"south": {"uv": [0, 0, 0.5, 16], "texture": "#3"},
				"west": {"uv": [0, 0, 0.25, 16], "texture": "#3"},
				"up": {"uv": [0, 0, 0.5, 0.25], "texture": "#3"},
				"down": {"uv": [0, 0, 0.5, 0.25], "texture": "#3"}
			}
		},
		{
			"from": [0.25, 9.25, 7.5],
			"to": [0.75, 10, 8.5],
			"rotation": {"angle": 45, "axis": "y", "origin": [0, 0, 0], "rescale": true},
			"faces": {
				"north": {"uv": [0, 0, 0.5, 0.75], "texture": "#1"},
				"east": {"uv": [0, 0, 1, 0.75], "texture": "#1"},
				"south": {"uv": [0, 0, 0.5, 0.75], "texture": "#1"},
				"west": {"uv": [0, 0, 1, 0.75], "texture": "#1"},
				"up": {"uv": [0, 0, 0.5, 1], "texture": "#1"},
				"down": {"uv": [0, 0, 0.5, 1], "texture": "#1"}
			}
		},
		{
			"from": [7, 9, 6],
			"to": [10, 9.25, 9],
			"faces": {
				"north": {"uv": [0, 0, 3, 0.25], "texture": "#0"},
				"east": {"uv": [0, 0, 3, 0.25], "texture": "#0"},
				"south": {"uv": [0, 0, 3, 0.25], "texture": "#0"},
				"west": {"uv": [0, 0, 3, 0.25], "texture": "#0"},
				"up": {"uv": [0, 0, 3, 3], "texture": "#0"},
				"down": {"uv": [0, 0, 3, 3], "texture": "#0"}
			}
		}
	],
	"display": {
		"thirdperson_righthand": {
			"rotation": [0, 129, 0],
			"translation": [0.5, 2, 0.75]
		},
		"thirdperson_lefthand": {
			"rotation": [0, -135, 0],
			"translation": [-0.5, 1.75, 0.25]
		},
		"firstperson_righthand": {
			"rotation": [0, 136, 0],
			"translation": [3.75, 0.5, 0],
			"scale": [0.9, 0.9, 0.9]
		},
		"firstperson_lefthand": {
			"rotation": [0, -135, 0],
			"translation": [2.5, 0, 0],
			"scale": [0.97, 0.97, 0.97]
		},
		"ground": {
			"rotation": [98, 71, -107]
		},
		"gui": {
			"rotation": [-5, 0, 47],
			"translation": [1.5, -2.25, 0],
			"scale": [0.58, 0.58, 0.58]
		},
		"head": {
			"rotation": [-35, 129, 0],
			"translation": [0, 7.5, -7.5]
		},
		"fixed": {
			"rotation": [0, 4, 0],
			"translation": [0, -3.5, 0],
			"scale": [0.71, 0.71, 0.71]
		}
	},
	"groups": [
		{
			"name": "group",
			"origin": [0, 0, 0],
			"color": 0,
			"children": [0, 1, 2, 3, 4, 5, 6, 7, 8, 9, 10]
		}
	]
}