{
	"credit": "Made with Blockbench",
	"texture_size": [32, 32],
	"textures": {
		"7": "block/black_concrete",
		"8": "block/purple_concrete",
		"10": "block/light_gray_concrete",
		"11": "block/gray_concrete",
		"particle": "block/texture"
	},
	"elements": [
		{
			"from": [-0.1, 5.5, -2.6],
			"to": [1.1, 7.3, -0.2],
			"rotation": {"angle": -22.5, "axis": "x", "origin": [0, 7.5, -3.2]},
			"faces": {
				"north": {"uv": [5, 4, 5.59375, 4.90625], "texture": "#7"},
				"east": {"uv": [0.15625, 5.25, 1.34375, 6.15625], "texture": "#7"},
				"south": {"uv": [5, 5, 5.59375, 5.90625], "texture": "#7"},
				"west": {"uv": [3, 0, 4.1875, 0.90625], "texture": "#7"},
				"up": {"uv": [0.59375, 5.1875, 0, 4], "texture": "#7"},
				"down": {"uv": [1.59375, 4, 1, 5.1875], "texture": "#7"}
			}
		},
		{
			"from": [-0.1, 5.6235, -1.35364],
			"to": [1.1, 6.6235, -0.05364],
			"rotation": {"angle": -45, "axis": "x", "origin": [0, 6.8235, -3.05364]},
			"faces": {
				"north": {"uv": [6, 7.5, 6.59375, 8], "texture": "#7"},
				"east": {"uv": [2.15625, 9.75, 2.8125, 10.25], "texture": "#7"},
				"south": {"uv": [0, 8, 0.59375, 8.5], "texture": "#7"},
				"west": {"uv": [4, 7.5, 4.65625, 8], "texture": "#7"},
				"up": {"uv": [4.59375, 7.15625, 4, 6.5], "texture": "#7"},
				"down": {"uv": [6.59375, 6.5, 6, 7.15625], "texture": "#7"}
			}
		},
		{
			"from": [-0.1, 6.0235, -1.35364],
			"to": [1.1, 6.4235, 0.04636],
			"rotation": {"angle": -45, "axis": "x", "origin": [0, 6.8235, -3.05364]},
			"faces": {
				"north": {"uv": [11, 0.5, 11.59375, 0.6875], "texture": "#7"},
				"east": {"uv": [8.65625, 12.75, 9.34375, 12.9375], "texture": "#7"},
				"south": {"uv": [1, 11, 1.59375, 11.1875], "texture": "#7"},
				"west": {"uv": [9.5, 10.5, 10.1875, 10.6875], "texture": "#7"},
				"up": {"uv": [6.59375, 6.1875, 6, 5.5], "texture": "#7"},
				"down": {"uv": [2.59375, 6.5, 2, 7.1875], "texture": "#7"}
			}
		},
		{
			"from": [-0.1, 7.5932, -0.66953],
			"to": [1.1, 7.7932, 0.53047],
			"rotation": {"angle": -22.5, "axis": "x", "origin": [0, 7.9932, -3.26953]},
			"faces": {
				"north": {"uv": [12, 12, 12.59375, 12.09375], "texture": "#7"},
				"east": {"uv": [0.15625, 14.75, 0.75, 14.84375], "texture": "#7"},
				"south": {"uv": [1, 12.5, 1.59375, 12.59375], "texture": "#7"},
				"west": {"uv": [2, 12.5, 2.59375, 12.59375], "texture": "#7"},
				"up": {"uv": [7.59375, 3.59375, 7, 3], "texture": "#7"},
				"down": {"uv": [7.59375, 4, 7, 4.59375], "texture": "#7"}
			}
		},
		{
			"from": [-0.1, 8.88694, -0.23115],
			"to": [1.1, 9.38694, -0.03115],
			"rotation": {"angle": 45, "axis": "x", "origin": [0, 8.71885, -0.19154]},
			"faces": {
				"north": {"uv": [10, 0.5, 10.59375, 0.75], "texture": "#7"},
				"east": {"uv": [13.65625, 9.75, 13.75, 10], "texture": "#7"},
				"south": {"uv": [1, 10, 1.59375, 10.25], "texture": "#7"},
				"west": {"uv": [8, 13.5, 8.09375, 13.75], "texture": "#7"},
				"up": {"uv": [13.09375, 2.09375, 12.5, 2], "texture": "#7"},
				"down": {"uv": [13.09375, 2.5, 12.5, 2.59375], "texture": "#7"}
			}
		},
		{
			"from": [-0.1, 8.20141, -0.55937],
			"to": [1.1, 8.90141, -0.15937],
			"rotation": {"angle": 22.5, "axis": "x", "origin": [0, 8.23332, -0.31977]},
			"faces": {
				"north": {"uv": [3, 9, 3.59375, 9.34375], "texture": "#7"},
				"east": {"uv": [12.15625, 10.75, 12.34375, 11.09375], "texture": "#7"},
				"south": {"uv": [9, 3, 9.59375, 3.34375], "texture": "#7"},
				"west": {"uv": [9, 12, 9.1875, 12.34375], "texture": "#7"},
				"up": {"uv": [11.59375, 1.1875, 11, 1], "texture": "#7"},
				"down": {"uv": [11.59375, 1.5, 11, 1.6875], "texture": "#7"}
			}
		},
		{
			"from": [-0.1, 8.09616, -0.55376],
			"to": [1.1, 8.79616, -0.05376],
			"rotation": {"angle": 0, "axis": "y", "origin": [0, 7.82807, -0.21415]},
			"faces": {
				"north": {"uv": [9, 3.5, 9.59375, 3.84375], "texture": "#7"},
				"east": {"uv": [12.15625, 6.75, 12.40625, 7.09375], "texture": "#7"},
				"south": {"uv": [4, 9, 4.59375, 9.34375], "texture": "#7"},
				"west": {"uv": [5, 12, 5.25, 12.34375], "texture": "#7"},
				"up": {"uv": [10.59375, 1.25, 10, 1], "texture": "#7"},
				"down": {"uv": [10.59375, 1.5, 10, 1.75], "texture": "#7"}
			}
		},
		{
			"from": [-0.1, 7.58605, -1.88379],
			"to": [1.1, 8.08605, -0.18379],
			"rotation": {"angle": -22.5, "axis": "x", "origin": [0, 8.41796, -0.34418]},
			"faces": {
				"north": {"uv": [2, 10, 2.59375, 10.25], "texture": "#7"},
				"east": {"uv": [9.15625, 3.75, 10, 4], "texture": "#7"},
				"south": {"uv": [3, 10, 3.59375, 10.25], "texture": "#7"},
				"west": {"uv": [2, 9, 2.84375, 9.25], "texture": "#7"},
				"up": {"uv": [4.59375, 6.34375, 4, 5.5], "texture": "#7"},
				"down": {"uv": [0.59375, 6, 0, 6.84375], "texture": "#7"}
			}
		},
		{
			"from": [-0.1, 7.64956, 0.03254],
			"to": [1.1, 8.14956, 0.73254],
			"rotation": {"angle": 22.5, "axis": "x", "origin": [0, 7.98917, -0.59936]},
			"faces": {
				"north": {"uv": [10, 3, 10.59375, 3.25], "texture": "#7"},
				"east": {"uv": [12.15625, 7.25, 12.5, 7.5], "texture": "#7"},
				"south": {"uv": [10, 3.5, 10.59375, 3.75], "texture": "#7"},
				"west": {"uv": [5.5, 12, 5.84375, 12.25], "texture": "#7"},
				"up": {"uv": [9.59375, 4.34375, 9, 4], "texture": "#7"},
				"down": {"uv": [9.59375, 4.5, 9, 4.84375], "texture": "#7"}
			}
		},
		{
			"from": [-0.1, 7.44288, 0.616],
			"to": [1.1, 7.64288, 5.116],
			"rotation": {"angle": 0, "axis": "y", "origin": [0, 7.48248, -0.0159]},
			"faces": {
				"north": {"uv": [3, 12.5, 3.59375, 12.59375], "texture": "#7"},
				"east": {"uv": [9.15625, 4.25, 11.40625, 4.34375], "texture": "#7"},
				"south": {"uv": [4, 12.5, 4.59375, 12.59375], "texture": "#7"},
				"west": {"uv": [9, 2.5, 11.25, 2.59375], "texture": "#7"},
				"up": {"uv": [2.59375, 2.25, 2, 0], "texture": "#7"},
				"down": {"uv": [2.59375, 2.5, 2, 4.75], "texture": "#7"}
			}
		},
		{
			"from": [-0.1, 4.86137, 4.61809],
			"to": [1.1, 5.66137, 5.31809],
			"rotation": {"angle": -22.5, "axis": "x", "origin": [0, 7.40097, -0.21381]},
			"faces": {
				"north": {"uv": [0, 8.5, 0.59375, 8.90625], "texture": "#7"},
				"east": {"uv": [7.15625, 12.75, 7.5, 13.15625], "texture": "#7"},
				"south": {"uv": [1, 8.5, 1.59375, 8.90625], "texture": "#7"},
				"west": {"uv": [10.5, 7, 10.84375, 7.40625], "texture": "#7"},
				"up": {"uv": [5.59375, 9.34375, 5, 9], "texture": "#7"},
				"down": {"uv": [9.59375, 5, 9, 5.34375], "texture": "#7"}
			}
		},
		{
			"from": [-0.1, 7.71076, 5.56272],
			"to": [1.1, 7.91076, 6.26272],
			"rotation": {"angle": 0, "axis": "y", "origin": [0, 7.73695, 5.35021]},
			"faces": {
				"north": {"uv": [12.5, 4.5, 13.09375, 4.59375], "texture": "#7"},
				"east": {"uv": [13.65625, 7.25, 14, 7.34375], "texture": "#7"},
				"south": {"uv": [5, 12.5, 5.59375, 12.59375], "texture": "#7"},
				"west": {"uv": [5.5, 13.5, 5.84375, 13.59375], "texture": "#7"},
				"up": {"uv": [9.59375, 5.84375, 9, 5.5], "texture": "#7"},
				"down": {"uv": [6.59375, 9, 6, 9.34375], "texture": "#7"}
			}
		},
		{
			"from": [-0.1, 8.16453, 6.30372],
			"to": [1.1, 8.46453, 8.80372],
			"rotation": {"angle": 22.5, "axis": "x", "origin": [0, 8.29072, 4.89122]},
			"faces": {
				"north": {"uv": [2, 11.5, 2.59375, 11.65625], "texture": "#7"},
				"east": {"uv": [7.15625, 11.25, 8.40625, 11.40625], "texture": "#7"},
				"south": {"uv": [11.5, 2, 12.09375, 2.15625], "texture": "#7"},
				"west": {"uv": [9, 7, 10.25, 7.15625], "texture": "#7"},
				"up": {"uv": [3.59375, 3.25, 3, 2], "texture": "#7"},
				"down": {"uv": [3.59375, 3.5, 3, 4.75], "texture": "#7"}
			}
		},
		{
			"from": [-0.1, 8.3711, 9.16525],
			"to": [1.1, 8.6711, 9.66525],
			"rotation": {"angle": 22.5, "axis": "x", "origin": [0, 8.29728, 4.85274]},
			"faces": {
				"north": {"uv": [11.5, 2.5, 12.09375, 2.65625], "texture": "#7"},
				"east": {"uv": [13.15625, 6.25, 13.40625, 6.40625], "texture": "#7"},
				"south": {"uv": [3, 11.5, 3.59375, 11.65625], "texture": "#7"},
				"west": {"uv": [5, 13, 5.25, 13.15625], "texture": "#7"},
				"up": {"uv": [4.59375, 10.25, 4, 10], "texture": "#7"},
				"down": {"uv": [10.59375, 4, 10, 4.25], "texture": "#7"}
			}
		},
		{
			"from": [-0.1, 8.5859, 10.08808],
			"to": [1.1, 8.7859, 10.58808],
			"rotation": {"angle": 22.5, "axis": "x", "origin": [0, 8.41209, 5.07558]},
			"faces": {
				"north": {"uv": [12.5, 5, 13.09375, 5.09375], "texture": "#7"},
				"east": {"uv": [13.65625, 10.25, 13.90625, 10.34375], "texture": "#7"},
				"south": {"uv": [12.5, 5.5, 13.09375, 5.59375], "texture": "#7"},
				"west": {"uv": [8.5, 13.5, 8.75, 13.59375], "texture": "#7"},
				"up": {"uv": [10.59375, 4.75, 10, 4.5], "texture": "#7"},
				"down": {"uv": [5.59375, 10, 5, 10.25], "texture": "#7"}
			}
		},
		{
			"from": [-0.1, 6.69232, 8.48003],
			"to": [1.1, 6.99232, 8.98003],
			"rotation": {"angle": 0, "axis": "y", "origin": [0, 6.64037, 8.92121]},
			"faces": {
				"north": {"uv": [4, 11.5, 4.59375, 11.65625], "texture": "#7"},
				"east": {"uv": [5.65625, 15.25, 5.90625, 15.40625], "texture": "#7"},
				"south": {"uv": [5, 11.5, 5.59375, 11.65625], "texture": "#7"},
				"west": {"uv": [6, 13, 6.25, 13.15625], "texture": "#7"},
				"up": {"uv": [10.59375, 5.25, 10, 5], "texture": "#7"},
				"down": {"uv": [10.59375, 5.5, 10, 5.75], "texture": "#7"}
			}
		},
		{
			"from": [-0.1, 6.53925, 9.34958],
			"to": [1.1, 6.83925, 9.84958],
			"rotation": {"angle": 0, "axis": "y", "origin": [0, 6.4873, 8.29077]},
			"faces": {
				"north": {"uv": [6, 11.5, 6.59375, 11.65625], "texture": "#7"},
				"east": {"uv": [6.65625, 15.25, 6.90625, 15.40625], "texture": "#7"},
				"south": {"uv": [7, 11.5, 7.59375, 11.65625], "texture": "#7"},
				"west": {"uv": [7, 13, 7.25, 13.15625], "texture": "#7"},
				"up": {"uv": [6.59375, 10.25, 6, 10], "texture": "#7"},
				"down": {"uv": [10.59375, 6, 10, 6.25], "texture": "#7"}
			}
		},
		{
			"from": [-0.1, 6.43925, 9.94958],
			"to": [1.1, 6.73925, 11.54958],
			"rotation": {"angle": 0, "axis": "y", "origin": [0, 6.4873, 8.29077]},
			"faces": {
				"north": {"uv": [8, 11.5, 8.59375, 11.65625], "texture": "#7"},
				"east": {"uv": [10.65625, 12.75, 11.46875, 12.90625], "texture": "#7"},
				"south": {"uv": [9, 11.5, 9.59375, 11.65625], "texture": "#7"},
				"west": {"uv": [0, 11, 0.8125, 11.15625], "texture": "#7"},
				"up": {"uv": [6.59375, 1.3125, 6, 0.5], "texture": "#7"},
				"down": {"uv": [1.59375, 6, 1, 6.8125], "texture": "#7"}
			}
		},
		{
			"from": [-0.1, 6.23925, 10.94958],
			"to": [1.1, 6.63925, 11.74958],
			"rotation": {"angle": 0, "axis": "y", "origin": [0, 6.4873, 8.29077]},
			"faces": {
				"north": {"uv": [2, 11, 2.59375, 11.1875], "texture": "#7"},
				"east": {"uv": [12.15625, 9.75, 12.5625, 9.9375], "texture": "#7"},
				"south": {"uv": [3, 11, 3.59375, 11.1875], "texture": "#7"},
				"west": {"uv": [8, 12, 8.40625, 12.1875], "texture": "#7"},
				"up": {"uv": [2.59375, 8.90625, 2, 8.5], "texture": "#7"},
				"down": {"uv": [3.59375, 8.5, 3, 8.90625], "texture": "#7"}
			}
		},
		{
			"from": [-0.1, 6.29483, 11.98107],
			"to": [1.1, 6.39483, 12.38107],
			"rotation": {"angle": 0, "axis": "y", "origin": [0, 6.64289, 8.22226]},
			"faces": {
				"north": {"uv": [9.5, 13, 10.09375, 13.0625], "texture": "#7"},
				"east": {"uv": [12.15625, 15.75, 12.34375, 15.8125], "texture": "#7"},
				"south": {"uv": [13, 10, 13.59375, 10.0625], "texture": "#7"},
				"west": {"uv": [12.5, 13.5, 12.6875, 13.5625], "texture": "#7"},
				"up": {"uv": [11.59375, 3.1875, 11, 3], "texture": "#7"},
				"down": {"uv": [11.59375, 3.5, 11, 3.6875], "texture": "#7"}
			}
		},
		{
			"from": [-0.1, 6.29483, 11.78107],
			"to": [1.1, 6.49483, 12.08107],
			"rotation": {"angle": 0, "axis": "y", "origin": [0, 6.64289, 8.22226]},
			"faces": {
				"north": {"uv": [6, 12.5, 6.59375, 12.59375], "texture": "#7"},
				"east": {"uv": [11.15625, 15.75, 11.3125, 15.84375], "texture": "#7"},
				"south": {"uv": [12.5, 6, 13.09375, 6.09375], "texture": "#7"},
				"west": {"uv": [13.5, 11, 13.65625, 11.09375], "texture": "#7"},
				"up": {"uv": [10.59375, 11.65625, 10, 11.5], "texture": "#7"},
				"down": {"uv": [12.09375, 10.5, 11.5, 10.65625], "texture": "#7"}
			}
		},
		{
			"from": [-0.1, 4.87578, 11.26466],
			"to": [1.1, 5.17578, 12.16466],
			"rotation": {"angle": -22.5, "axis": "x", "origin": [0, 5.22384, 8.50584]},
			"faces": {
				"north": {"uv": [11, 11.5, 11.59375, 11.65625], "texture": "#7"},
				"east": {"uv": [12.15625, 10.25, 12.59375, 10.40625], "texture": "#7"},
				"south": {"uv": [11.5, 11, 12.09375, 11.15625], "texture": "#7"},
				"west": {"uv": [8.5, 12, 8.9375, 12.15625], "texture": "#7"},
				"up": {"uv": [8.59375, 1.9375, 8, 1.5], "texture": "#7"},
				"down": {"uv": [2.59375, 8, 2, 8.4375], "texture": "#7"}
			}
		},
		{
			"from": [-0.1, 6.27667, 10.38749],
			"to": [1.1, 6.67667, 11.28749],
			"rotation": {"angle": 22.5, "axis": "x", "origin": [0, 6.36781, 10.4367]},
			"faces": {
				"north": {"uv": [4, 11, 4.59375, 11.1875], "texture": "#7"},
				"east": {"uv": [12.15625, 7.75, 12.59375, 7.9375], "texture": "#7"},
				"south": {"uv": [11, 4, 11.59375, 4.1875], "texture": "#7"},
				"west": {"uv": [6, 12, 6.4375, 12.1875], "texture": "#7"},
				"up": {"uv": [8.59375, 2.4375, 8, 2], "texture": "#7"},
				"down": {"uv": [8.59375, 2.5, 8, 2.9375], "texture": "#7"}
			}
		},
		{
			"from": [-0.1, 6.61348, 9.59426],
			"to": [1.1, 6.81348, 10.19426],
			"rotation": {"angle": 22.5, "axis": "x", "origin": [0, 6.70461, 9.34347]},
			"faces": {
				"north": {"uv": [12.5, 6.5, 13.09375, 6.59375], "texture": "#7"},
				"east": {"uv": [13.65625, 7.75, 13.96875, 7.84375], "texture": "#7"},
				"south": {"uv": [7, 12.5, 7.59375, 12.59375], "texture": "#7"},
				"west": {"uv": [6, 13.5, 6.3125, 13.59375], "texture": "#7"},
				"up": {"uv": [9.59375, 7.8125, 9, 7.5], "texture": "#7"},
				"down": {"uv": [9.59375, 8, 9, 8.3125], "texture": "#7"}
			}
		},
		{
			"from": [-0.1, 6.36103, 8.7634],
			"to": [1.1, 6.76103, 8.9634],
			"rotation": {"angle": 22.5, "axis": "x", "origin": [0, 6.75217, 9.31261]},
			"faces": {
				"north": {"uv": [11, 4.5, 11.59375, 4.6875], "texture": "#7"},
				"east": {"uv": [13.65625, 11.25, 13.75, 11.4375], "texture": "#7"},
				"south": {"uv": [5, 11, 5.59375, 11.1875], "texture": "#7"},
				"west": {"uv": [9.5, 13.5, 9.59375, 13.6875], "texture": "#7"},
				"up": {"uv": [13.09375, 7.09375, 12.5, 7], "texture": "#7"},
				"down": {"uv": [13.09375, 7.5, 12.5, 7.59375], "texture": "#7"}
			}
		},
		{
			"from": [-0.1, 6.42995, 7.81689],
			"to": [1.1, 6.92995, 8.11689],
			"rotation": {"angle": 22.5, "axis": "x", "origin": [0, 6.82109, 8.4661]},
			"faces": {
				"north": {"uv": [10, 6.5, 10.59375, 6.75], "texture": "#7"},
				"east": {"uv": [7.65625, 15.25, 7.8125, 15.5], "texture": "#7"},
				"south": {"uv": [7, 10, 7.59375, 10.25], "texture": "#7"},
				"west": {"uv": [8, 13, 8.15625, 13.25], "texture": "#7"},
				"up": {"uv": [0.59375, 12.15625, 0, 12], "texture": "#7"},
				"down": {"uv": [12.59375, 0, 12, 0.15625], "texture": "#7"}
			}
		},
		{
			"from": [-0.1, 6.50649, 6.73211],
			"to": [1.1, 7.10649, 7.23211],
			"rotation": {"angle": 22.5, "axis": "x", "origin": [0, 6.89763, 7.58132]},
			"faces": {
				"north": {"uv": [8.5, 9, 9.09375, 9.3125], "texture": "#7"},
				"east": {"uv": [12.15625, 8.75, 12.40625, 9.0625], "texture": "#7"},
				"south": {"uv": [9, 8.5, 9.59375, 8.8125], "texture": "#7"},
				"west": {"uv": [7, 12, 7.25, 12.3125], "texture": "#7"},
				"up": {"uv": [10.59375, 7.75, 10, 7.5], "texture": "#7"},
				"down": {"uv": [8.59375, 10, 8, 10.25], "texture": "#7"}
			}
		},
		{
			"from": [-0.1, 6.58303, 5.64734],
			"to": [1.1, 7.58303, 6.24734],
			"rotation": {"angle": 22.5, "axis": "x", "origin": [0, 6.97416, 6.59655]},
			"faces": {
				"north": {"uv": [8, 0, 8.59375, 0.5], "texture": "#7"},
				"east": {"uv": [10.15625, 2.25, 10.46875, 2.75], "texture": "#7"},
				"south": {"uv": [8, 0.5, 8.59375, 1], "texture": "#7"},
				"west": {"uv": [0.5, 10, 0.8125, 10.5], "texture": "#7"},
				"up": {"uv": [0.59375, 9.8125, 0, 9.5], "texture": "#7"},
				"down": {"uv": [1.59375, 9.5, 1, 9.8125], "texture": "#7"}
			}
		},
		{
			"from": [-0.1, 6.65956, 5.06256],
			"to": [1.1, 7.15956, 5.26256],
			"rotation": {"angle": 22.5, "axis": "x", "origin": [0, 7.0507, 5.61177]},
			"faces": {
				"north": {"uv": [10, 8, 10.59375, 8.25], "texture": "#7"},
				"east": {"uv": [13.65625, 10.75, 13.75, 11], "texture": "#7"},
				"south": {"uv": [10, 8.5, 10.59375, 8.75], "texture": "#7"},
				"west": {"uv": [9, 13.5, 9.09375, 13.75], "texture": "#7"},
				"up": {"uv": [8.59375, 12.59375, 8, 12.5], "texture": "#7"},
				"down": {"uv": [13.09375, 8, 12.5, 8.09375], "texture": "#7"}
			}
		},
		{
			"from": [-0.1, 6.29483, 10.09463],
			"to": [1.1, 6.49483, 10.49463],
			"rotation": {"angle": 0, "axis": "y", "origin": [0, 6.28597, 10.44384]},
			"faces": {
				"north": {"uv": [12.5, 8.5, 13.09375, 8.59375], "texture": "#7"},
				"east": {"uv": [13.65625, 11.75, 13.84375, 11.84375], "texture": "#7"},
				"south": {"uv": [9, 12.5, 9.59375, 12.59375], "texture": "#7"},
				"west": {"uv": [10, 13.5, 10.1875, 13.59375], "texture": "#7"},
				"up": {"uv": [11.59375, 5.1875, 11, 5], "texture": "#7"},
				"down": {"uv": [11.59375, 5.5, 11, 5.6875], "texture": "#7"}
			}
		},
		{
			"from": [-0.1, 6.52444, 8.8403],
			"to": [1.1, 6.72444, 10.0403],
			"rotation": {"angle": 0, "axis": "y", "origin": [0, 7.11558, 10.18951]},
			"faces": {
				"north": {"uv": [12.5, 9, 13.09375, 9.09375], "texture": "#7"},
				"east": {"uv": [12.65625, 11.75, 13.25, 11.84375], "texture": "#7"},
				"south": {"uv": [10, 12.5, 10.59375, 12.59375], "texture": "#7"},
				"west": {"uv": [12.5, 10.5, 13.09375, 10.59375], "texture": "#7"},
				"up": {"uv": [5.59375, 7.59375, 5, 7], "texture": "#7"},
				"down": {"uv": [7.59375, 5, 7, 5.59375], "texture": "#7"}
			}
		},
		{
			"from": [-0.1, 6.59337, 7.99379],
			"to": [1.1, 6.99337, 8.69379],
			"rotation": {"angle": 0, "axis": "y", "origin": [0, 7.1845, 10.143]},
			"faces": {
				"north": {"uv": [6, 11, 6.59375, 11.1875], "texture": "#7"},
				"east": {"uv": [12.15625, 11.25, 12.5, 11.4375], "texture": "#7"},
				"south": {"uv": [11, 6, 11.59375, 6.1875], "texture": "#7"},
				"west": {"uv": [9.5, 12, 9.84375, 12.1875], "texture": "#7"},
				"up": {"uv": [9.59375, 6.34375, 9, 6], "texture": "#7"},
				"down": {"uv": [9.59375, 6.5, 9, 6.84375], "texture": "#7"}
			}
		},
		{
			"from": [-0.1, 6.6699, 7.10901],
			"to": [1.1, 7.1699, 7.90901],
			"rotation": {"angle": 0, "axis": "y", "origin": [0, 7.26104, 9.25822]},
			"faces": {
				"north": {"uv": [9, 10, 9.59375, 10.25], "texture": "#7"},
				"east": {"uv": [11.65625, 2.25, 12.0625, 2.5], "texture": "#7"},
				"south": {"uv": [10, 9, 10.59375, 9.25], "texture": "#7"},
				"west": {"uv": [0.5, 11.5, 0.90625, 11.75], "texture": "#7"},
				"up": {"uv": [4.59375, 8.90625, 4, 8.5], "texture": "#7"},
				"down": {"uv": [5.59375, 8.5, 5, 8.90625], "texture": "#7"}
			}
		},
		{
			"from": [-0.1, 6.74644, 6.12424],
			"to": [1.1, 7.54644, 6.92424],
			"rotation": {"angle": 0, "axis": "y", "origin": [0, 7.13757, 9.47345]},
			"faces": {
				"north": {"uv": [6, 8.5, 6.59375, 8.90625], "texture": "#7"},
				"east": {"uv": [9.65625, 11.25, 10.0625, 11.65625], "texture": "#7"},
				"south": {"uv": [7, 8.5, 7.59375, 8.90625], "texture": "#7"},
				"west": {"uv": [0, 10, 0.40625, 10.40625], "texture": "#7"},
				"up": {"uv": [8.59375, 8.90625, 8, 8.5], "texture": "#7"},
				"down": {"uv": [0.59375, 9, 0, 9.40625], "texture": "#7"}
			}
		},
		{
			"from": [-0.1, 6.82298, 5.13946],
			"to": [1.1, 7.72298, 5.93946],
			"rotation": {"angle": 0, "axis": "y", "origin": [0, 7.21411, 8.48867]},
			"faces": {
				"north": {"uv": [3, 8, 3.59375, 8.4375], "texture": "#7"},
				"east": {"uv": [5.65625, 2.75, 6.0625, 3.1875], "texture": "#7"},
				"south": {"uv": [8, 3, 8.59375, 3.4375], "texture": "#7"},
				"west": {"uv": [1.5, 5.5, 1.90625, 5.9375], "texture": "#7"},
				"up": {"uv": [9.59375, 0.40625, 9, 0], "texture": "#7"},
				"down": {"uv": [9.59375, 0.5, 9, 0.90625], "texture": "#7"}
			}
		},
		{
			"from": [-0.1, 6.89951, -0.44531],
			"to": [1.1, 7.49951, 5.25469],
			"rotation": {"angle": 0, "axis": "y", "origin": [0, 7.29065, 7.5039]},
			"faces": {
				"north": {"uv": [2, 9.5, 2.59375, 9.8125], "texture": "#7"},
				"east": {"uv": [3.15625, 3.25, 6, 3.5625], "texture": "#7"},
				"south": {"uv": [3, 9.5, 3.59375, 9.8125], "texture": "#7"},
				"west": {"uv": [3, 1.5, 5.84375, 1.8125], "texture": "#7"},
				"up": {"uv": [0.59375, 2.84375, 0, 0], "texture": "#7"},
				"down": {"uv": [1.59375, 0, 1, 2.84375], "texture": "#7"}
			}
		},
		{
			"from": [-0.1, 9.26799, 1.5634],
			"to": [1.1, 9.36799, 1.8634],
			"rotation": {"angle": -22.5, "axis": "x", "origin": [0, 7.65912, 7.71261]},
			"faces": {
				"north": {"uv": [10.5, 13, 11.09375, 13.0625], "texture": "#7"},
				"east": {"uv": [13.15625, 15.75, 13.3125, 15.8125], "texture": "#7"},
				"south": {"uv": [11.5, 13, 12.09375, 13.0625], "texture": "#7"},
				"west": {"uv": [13.5, 13, 13.65625, 13.0625], "texture": "#7"},
				"up": {"uv": [12.59375, 0.65625, 12, 0.5], "texture": "#7"},
				"down": {"uv": [1.59375, 12, 1, 12.15625], "texture": "#7"}
			}
		},
		{
			"from": [-0.1, 9.15318, 0.88623],
			"to": [1.1, 9.95318, 1.38623],
			"rotation": {"angle": -22.5, "axis": "x", "origin": [0, 7.54432, 7.13544]},
			"faces": {
				"north": {"uv": [1, 9, 1.59375, 9.40625], "texture": "#7"},
				"east": {"uv": [1.15625, 13.75, 1.40625, 14.15625], "texture": "#7"},
				"south": {"uv": [9, 1, 9.59375, 1.40625], "texture": "#7"},
				"west": {"uv": [1.5, 11.5, 1.75, 11.90625], "texture": "#7"},
				"up": {"uv": [10.59375, 9.75, 10, 9.5], "texture": "#7"},
				"down": {"uv": [10.59375, 10, 10, 10.25], "texture": "#7"}
			}
		},
		{
			"from": [-0.1, 9.58894, -1.62034],
			"to": [1.1, 9.68894, 0.27966],
			"rotation": {"angle": -22.5, "axis": "x", "origin": [0, 8.08008, 7.52887]},
			"faces": {
				"north": {"uv": [13, 12, 13.59375, 12.0625], "texture": "#7"},
				"east": {"uv": [12.15625, 12.25, 13.09375, 12.3125], "texture": "#7"},
				"south": {"uv": [12.5, 13, 13.09375, 13.0625], "texture": "#7"},
				"west": {"uv": [10.5, 12, 11.4375, 12.0625], "texture": "#7"},
				"up": {"uv": [5.09375, 0.9375, 4.5, 0], "texture": "#7"},
				"down": {"uv": [5.59375, 2, 5, 2.9375], "texture": "#7"}
			}
		},
		{
			"from": [-0.1, 4.89124, -2.83582],
			"to": [1.1, 6.39124, -0.93582],
			"rotation": {"angle": -45, "axis": "x", "origin": [0, 5.09085, -2.64406]},
			"faces": {
				"north": {"uv": [6, 1.5, 6.59375, 2.25], "texture": "#7"},
				"east": {"uv": [4.15625, 4.25, 5.09375, 5], "texture": "#7"},
				"south": {"uv": [6, 2.5, 6.59375, 3.25], "texture": "#7"},
				"west": {"uv": [4, 3, 4.9375, 3.75], "texture": "#7"},
				"up": {"uv": [3.59375, 5.9375, 3, 5], "texture": "#7"},
				"down": {"uv": [5.59375, 3, 5, 3.9375], "texture": "#7"}
			}
		},
		{
			"from": [-0.1, 4.39909, -3.64444],
			"to": [1.1, 5.59909, -2.34444],
			"rotation": {"angle": 22.5, "axis": "x", "origin": [0, 5.09085, -2.64406]},
			"faces": {
				"north": {"uv": [7, 6, 7.59375, 6.59375], "texture": "#7"},
				"east": {"uv": [0.15625, 9.25, 0.8125, 9.84375], "texture": "#7"},
				"south": {"uv": [7, 7, 7.59375, 7.59375], "texture": "#7"},
				"west": {"uv": [7, 0, 7.65625, 0.59375], "texture": "#7"},
				"up": {"uv": [1.59375, 7.65625, 1, 7], "texture": "#7"},
				"down": {"uv": [7.59375, 1, 7, 1.65625], "texture": "#7"}
			}
		},
		{
			"from": [-0.1, 3.87536, -3.02437],
			"to": [1.1, 4.47536, -2.62437],
			"rotation": {"angle": 0, "axis": "y", "origin": [0, 3.86712, -2.92398]},
			"faces": {
				"north": {"uv": [4, 9.5, 4.59375, 9.8125], "texture": "#7"},
				"east": {"uv": [11.65625, 14.25, 11.84375, 14.5625], "texture": "#7"},
				"south": {"uv": [5, 9.5, 5.59375, 9.8125], "texture": "#7"},
				"west": {"uv": [12, 11.5, 12.1875, 11.8125], "texture": "#7"},
				"up": {"uv": [11.59375, 6.6875, 11, 6.5], "texture": "#7"},
				"down": {"uv": [7.59375, 11, 7, 11.1875], "texture": "#7"}
			}
		},
		{
			"from": [-0.1, 3.49198, -3.04429],
			"to": [1.1, 3.89198, -2.64429],
			"rotation": {"angle": -22.5, "axis": "x", "origin": [0, 3.98375, -2.9439]},
			"faces": {
				"north": {"uv": [11, 7, 11.59375, 7.1875], "texture": "#7"},
				"east": {"uv": [13.65625, 6.75, 13.84375, 6.9375], "texture": "#7"},
				"south": {"uv": [11, 7.5, 11.59375, 7.6875], "texture": "#7"},
				"west": {"uv": [5, 13.5, 5.1875, 13.6875], "texture": "#7"},
				"up": {"uv": [8.59375, 11.1875, 8, 11], "texture": "#7"},
				"down": {"uv": [11.59375, 8, 11, 8.1875], "texture": "#7"}
			}
		},
		{
			"from": [-0.1, 1.93778, -2.57772],
			"to": [1.1, 3.43778, -2.47772],
			"rotation": {"angle": -45, "axis": "x", "origin": [0, 3.52954, -2.77733]},
			"faces": {
				"north": {"uv": [3, 6, 3.59375, 6.75], "texture": "#7"},
				"east": {"uv": [2.15625, 15.25, 2.21875, 16], "texture": "#7"},
				"south": {"uv": [6, 3.5, 6.59375, 4.25], "texture": "#7"},
				"west": {"uv": [2.5, 13, 2.5625, 13.75], "texture": "#7"},
				"up": {"uv": [13.59375, 12.5625, 13, 12.5], "texture": "#7"},
				"down": {"uv": [0.59375, 13.5, 0, 13.5625], "texture": "#7"}
			}
		},
		{
			"from": [-0.1, 2.43778, -2.77772],
			"to": [1.1, 3.43778, -2.47772],
			"rotation": {"angle": -45, "axis": "x", "origin": [0, 3.52954, -2.77733]},
			"faces": {
				"north": {"uv": [1, 8, 1.59375, 8.5], "texture": "#7"},
				"east": {"uv": [12.15625, 9.25, 12.3125, 9.75], "texture": "#7"},
				"south": {"uv": [8, 1, 8.59375, 1.5], "texture": "#7"},
				"west": {"uv": [7.5, 12, 7.65625, 12.5], "texture": "#7"},
				"up": {"uv": [12.59375, 1.15625, 12, 1], "texture": "#7"},
				"down": {"uv": [12.59375, 1.5, 12, 1.65625], "texture": "#7"}
			}
		},
		{
			"from": [-0.1, 2.93778, -2.77772],
			"to": [1.1, 3.43778, -2.47772],
			"rotation": {"angle": -45, "axis": "x", "origin": [0, 3.52954, -2.77733]},
			"faces": {
				"north": {"uv": [0, 10.5, 0.59375, 10.75], "texture": "#7"},
				"east": {"uv": [8.65625, 15.25, 8.8125, 15.5], "texture": "#7"},
				"south": {"uv": [10.5, 0, 11.09375, 0.25], "texture": "#7"},
				"west": {"uv": [9, 13, 9.15625, 13.25], "texture": "#7"},
				"up": {"uv": [2.59375, 12.15625, 2, 12], "texture": "#7"},
				"down": {"uv": [3.59375, 12, 3, 12.15625], "texture": "#7"}
			}
		},
		{
			"from": [-0.1, 3.12497, -2.81861],
			"to": [1.1, 3.22497, -1.31861],
			"rotation": {"angle": 22.5, "axis": "x", "origin": [0, 3.22535, -2.91037]},
			"faces": {
				"north": {"uv": [1, 13.5, 1.59375, 13.5625], "texture": "#7"},
				"east": {"uv": [3.15625, 15.25, 3.90625, 15.3125], "texture": "#7"},
				"south": {"uv": [13.5, 2, 14.09375, 2.0625], "texture": "#7"},
				"west": {"uv": [13, 3, 13.75, 3.0625], "texture": "#7"},
				"up": {"uv": [6.59375, 5.25, 6, 4.5], "texture": "#7"},
				"down": {"uv": [5.59375, 6, 5, 6.75], "texture": "#7"}
			}
		},
		{
			"from": [-0.1, 3.22497, -2.81861],
			"to": [1.1, 3.32497, -1.51861],
			"rotation": {"angle": 22.5, "axis": "x", "origin": [0, 3.22535, -2.91037]},
			"faces": {
				"north": {"uv": [13.5, 2.5, 14.09375, 2.5625], "texture": "#7"},
				"east": {"uv": [13.15625, 5.75, 13.8125, 5.8125], "texture": "#7"},
				"south": {"uv": [3, 13.5, 3.59375, 13.5625], "texture": "#7"},
				"west": {"uv": [4, 13, 4.65625, 13.0625], "texture": "#7"},
				"up": {"uv": [7.59375, 2.65625, 7, 2], "texture": "#7"},
				"down": {"uv": [3.59375, 7, 3, 7.65625], "texture": "#7"}
			}
		},
		{
			"from": [-0.1, 3.12497, -2.51861],
			"to": [1.1, 3.32497, -1.91861],
			"rotation": {"angle": 22.5, "axis": "x", "origin": [0, 3.22535, -2.91037]},
			"faces": {
				"north": {"uv": [11, 12.5, 11.59375, 12.59375], "texture": "#7"},
				"east": {"uv": [13.65625, 8.25, 13.96875, 8.34375], "texture": "#7"},
				"south": {"uv": [12.5, 11, 13.09375, 11.09375], "texture": "#7"},
				"west": {"uv": [6.5, 13.5, 6.8125, 13.59375], "texture": "#7"},
				"up": {"uv": [6.59375, 9.8125, 6, 9.5], "texture": "#7"},
				"down": {"uv": [7.59375, 9.5, 7, 9.8125], "texture": "#7"}
			}
		},
		{
			"from": [-0.1, 3.22497, -3.01861],
			"to": [1.1, 3.72497, -2.51861],
			"rotation": {"angle": 22.5, "axis": "x", "origin": [0, 3.22535, -2.91037]},
			"faces": {
				"north": {"uv": [1, 10.5, 1.59375, 10.75], "texture": "#7"},
				"east": {"uv": [12.15625, 11.75, 12.40625, 12], "texture": "#7"},
				"south": {"uv": [2, 10.5, 2.59375, 10.75], "texture": "#7"},
				"west": {"uv": [10, 12, 10.25, 12.25], "texture": "#7"},
				"up": {"uv": [3.59375, 10.75, 3, 10.5], "texture": "#7"},
				"down": {"uv": [4.59375, 10.5, 4, 10.75], "texture": "#7"}
			}
		},
		{
			"from": [-0.1, 3.22497, -2.51861],
			"to": [1.1, 3.52497, -2.11861],
			"rotation": {"angle": 22.5, "axis": "x", "origin": [0, 3.22535, -2.91037]},
			"faces": {
				"north": {"uv": [12, 3, 12.59375, 3.15625], "texture": "#7"},
				"east": {"uv": [13.65625, 8.75, 13.84375, 8.90625], "texture": "#7"},
				"south": {"uv": [12, 3.5, 12.59375, 3.65625], "texture": "#7"},
				"west": {"uv": [7, 13.5, 7.1875, 13.65625], "texture": "#7"},
				"up": {"uv": [11.59375, 8.6875, 11, 8.5], "texture": "#7"},
				"down": {"uv": [9.59375, 11, 9, 11.1875], "texture": "#7"}
			}
		},
		{
			"from": [-0.1, 4.19364, -3.22681],
			"to": [1.1, 4.79364, -2.32681],
			"rotation": {"angle": 45, "axis": "x", "origin": [0, 4.29402, -3.91857]},
			"faces": {
				"north": {"uv": [8, 9.5, 8.59375, 9.8125], "texture": "#7"},
				"east": {"uv": [7.65625, 12.75, 8.09375, 13.0625], "texture": "#7"},
				"south": {"uv": [9, 9.5, 9.59375, 9.8125], "texture": "#7"},
				"west": {"uv": [8, 10.5, 8.4375, 10.8125], "texture": "#7"},
				"up": {"uv": [8.59375, 3.9375, 8, 3.5], "texture": "#7"},
				"down": {"uv": [4.59375, 8, 4, 8.4375], "texture": "#7"}
			}
		},
		{
			"from": [-0.1, 3.72726, -3.73451],
			"to": [1.1, 4.62726, -2.83451],
			"rotation": {"angle": -22.5, "axis": "x", "origin": [0, 4.31902, -3.63412]},
			"faces": {
				"north": {"uv": [8, 4, 8.59375, 4.4375], "texture": "#7"},
				"east": {"uv": [1.65625, 5.25, 2.09375, 5.6875], "texture": "#7"},
				"south": {"uv": [8, 4.5, 8.59375, 4.9375], "texture": "#7"},
				"west": {"uv": [1.5, 3.5, 1.9375, 3.9375], "texture": "#7"},
				"up": {"uv": [5.59375, 8.4375, 5, 8], "texture": "#7"},
				"down": {"uv": [8.59375, 5, 8, 5.4375], "texture": "#7"}
			}
		},
		{
			"from": [-0.1, 4.56538, -3.84482],
			"to": [1.1, 5.46538, -3.44482],
			"rotation": {"angle": 0, "axis": "y", "origin": [0, 5.15715, -3.74443]},
			"faces": {
				"north": {"uv": [8, 5.5, 8.59375, 5.9375], "texture": "#7"},
				"east": {"uv": [12.15625, 8.25, 12.34375, 8.6875], "texture": "#7"},
				"south": {"uv": [6, 8, 6.59375, 8.4375], "texture": "#7"},
				"west": {"uv": [6.5, 12, 6.6875, 12.4375], "texture": "#7"},
				"up": {"uv": [11.59375, 9.1875, 11, 9], "texture": "#7"},
				"down": {"uv": [11.59375, 9.5, 11, 9.6875], "texture": "#7"}
			}
		},
		{
			"from": [-0.1, 5.06538, -3.74482],
			"to": [1.1, 5.96538, -1.44482],
			"rotation": {"angle": -22.5, "axis": "x", "origin": [0, 5.15715, -3.74443]},
			"faces": {
				"north": {"uv": [8, 6, 8.59375, 6.4375], "texture": "#7"},
				"east": {"uv": [0.15625, 7.75, 1.3125, 8.1875], "texture": "#7"},
				"south": {"uv": [8, 6.5, 8.59375, 6.9375], "texture": "#7"},
				"west": {"uv": [5.5, 0, 6.65625, 0.4375], "texture": "#7"},
				"up": {"uv": [4.59375, 5.15625, 4, 4], "texture": "#7"},
				"down": {"uv": [2.59375, 5, 2, 6.15625], "texture": "#7"}
			}
		},
		{
			"from": [-0.1, 6.79232, 1.11579],
			"to": [1.1, 6.99232, 1.41579],
			"rotation": {"angle": 0, "axis": "y", "origin": [0, 7.02418, 1.19191]},
			"faces": {
				"north": {"uv": [12.5, 11.5, 13.09375, 11.59375], "texture": "#7"},
				"east": {"uv": [11.65625, 15.75, 11.8125, 15.84375], "texture": "#7"},
				"south": {"uv": [12, 12.5, 12.59375, 12.59375], "texture": "#7"},
				"west": {"uv": [13.5, 11.5, 13.65625, 11.59375], "texture": "#7"},
				"up": {"uv": [4.59375, 12.15625, 4, 12], "texture": "#7"},
				"down": {"uv": [12.59375, 4, 12, 4.15625], "texture": "#7"}
			}
		},
		{
			"from": [-0.1, 6.63925, -0.15376],
			"to": [1.1, 7.13925, 0.74624],
			"rotation": {"angle": 0, "axis": "y", "origin": [0, 6.87111, 2.42235]},
			"faces": {
				"north": {"uv": [5, 10.5, 5.59375, 10.75], "texture": "#7"},
				"east": {"uv": [11.15625, 13.25, 11.59375, 13.5], "texture": "#7"},
				"south": {"uv": [6, 10.5, 6.59375, 10.75], "texture": "#7"},
				"west": {"uv": [0, 11.5, 0.4375, 11.75], "texture": "#7"},
				"up": {"uv": [7.59375, 8.4375, 7, 8], "texture": "#7"},
				"down": {"uv": [8.59375, 7, 8, 7.4375], "texture": "#7"}
			}
		},
		{
			"from": [-0.1, 7.94379, 11.70884],
			"to": [1.1, 8.04379, 12.60884],
			"rotation": {"angle": 22.5, "axis": "x", "origin": [0, 7.79184, 8.35003]},
			"faces": {
				"north": {"uv": [4, 13.5, 4.59375, 13.5625], "texture": "#7"},
				"east": {"uv": [13.65625, 9.25, 14.09375, 9.3125], "texture": "#7"},
				"south": {"uv": [13.5, 4, 14.09375, 4.0625], "texture": "#7"},
				"west": {"uv": [7.5, 13.5, 7.9375, 13.5625], "texture": "#7"},
				"up": {"uv": [8.59375, 7.9375, 8, 7.5], "texture": "#7"},
				"down": {"uv": [8.59375, 8, 8, 8.4375], "texture": "#7"}
			}
		},
		{
			"from": [-0.1, 7.84379, 12.20884],
			"to": [1.1, 8.04379, 12.40884],
			"rotation": {"angle": 22.5, "axis": "x", "origin": [0, 7.79184, 8.35003]},
			"faces": {
				"north": {"uv": [0, 13, 0.59375, 13.09375], "texture": "#7"},
				"east": {"uv": [13.65625, 15.75, 13.75, 15.84375], "texture": "#7"},
				"south": {"uv": [13, 0, 13.59375, 0.09375], "texture": "#7"},
				"west": {"uv": [0, 14, 0.09375, 14.09375], "texture": "#7"},
				"up": {"uv": [13.59375, 0.59375, 13, 0.5], "texture": "#7"},
				"down": {"uv": [1.59375, 13, 1, 13.09375], "texture": "#7"}
			}
		},
		{
			"from": [-0.1, 7.84379, 11.70884],
			"to": [1.1, 8.04379, 12.10884],
			"rotation": {"angle": 22.5, "axis": "x", "origin": [0, 7.79184, 8.35003]},
			"faces": {
				"north": {"uv": [13, 1, 13.59375, 1.09375], "texture": "#7"},
				"east": {"uv": [10.65625, 15.75, 10.84375, 15.84375], "texture": "#7"},
				"south": {"uv": [13, 1.5, 13.59375, 1.59375], "texture": "#7"},
				"west": {"uv": [13.5, 10.5, 13.6875, 10.59375], "texture": "#7"},
				"up": {"uv": [10.59375, 11.1875, 10, 11], "texture": "#7"},
				"down": {"uv": [11.59375, 10, 11, 10.1875], "texture": "#7"}
			}
		},
		{
			"from": [-0.2, 6.9, -3.9],
			"to": [1.2, 7.6, -3.1],
			"rotation": {"angle": -22.5, "axis": "x", "origin": [0, 7.5, -3.2]},
			"faces": {
				"north": {"uv": [4.125, 5.625, 4.375, 5.875], "texture": "#11"},
				"east": {"uv": [4.625, 5.625, 4.875, 5.875], "texture": "#11"},
				"south": {"uv": [5.125, 5.625, 5.375, 5.875], "texture": "#11"},
				"west": {"uv": [5.625, 5.625, 5.875, 5.875], "texture": "#11"},
				"up": {"uv": [6.125, 5.625, 6.375, 5.875], "texture": "#11"},
				"down": {"uv": [6.625, 5.625, 6.875, 5.875], "texture": "#11"}
			}
		},
		{
			"from": [-0.2, 7.33066, -3.14588],
			"to": [1.2, 7.63066, -2.24588],
			"rotation": {"angle": 0, "axis": "y", "origin": [0, 7.53066, -3.34588]},
			"faces": {
				"north": {"uv": [7.125, 5.625, 7.375, 5.875], "texture": "#11"},
				"east": {"uv": [7.625, 5.625, 7.875, 5.875], "texture": "#11"},
				"south": {"uv": [8.125, 5.625, 8.375, 5.875], "texture": "#11"},
				"west": {"uv": [8.625, 5.625, 8.875, 5.875], "texture": "#11"},
				"up": {"uv": [9.125, 5.625, 9.375, 5.875], "texture": "#11"},
				"down": {"uv": [9.625, 5.625, 9.875, 5.875], "texture": "#11"}
			}
		},
		{
			"from": [-0.2, 6.97444, -2.97695],
			"to": [1.2, 7.77444, -2.27695],
			"rotation": {"angle": 22.5, "axis": "x", "origin": [0, 7.47444, -3.37695]},
			"faces": {
				"north": {"uv": [10.125, 5.625, 10.375, 5.875], "texture": "#11"},
				"east": {"uv": [10.625, 5.625, 10.875, 5.875], "texture": "#11"},
				"south": {"uv": [11.125, 5.625, 11.375, 5.875], "texture": "#11"},
				"west": {"uv": [11.625, 5.625, 11.875, 5.875], "texture": "#11"},
				"up": {"uv": [12.125, 5.625, 12.375, 5.875], "texture": "#11"},
				"down": {"uv": [12.625, 5.625, 12.875, 5.875], "texture": "#11"}
			}
		},
		{
			"from": [-0.2, 6.05724, -3.24198],
			"to": [1.2, 7.45724, -2.44198],
			"rotation": {"angle": 45, "axis": "x", "origin": [0, 7.15724, -3.54198]},
			"faces": {
				"north": {"uv": [13.125, 5.625, 13.375, 5.875], "texture": "#11"},
				"east": {"uv": [13.625, 5.625, 13.875, 5.875], "texture": "#11"},
				"south": {"uv": [14.125, 5.625, 14.375, 5.875], "texture": "#11"},
				"west": {"uv": [14.625, 5.625, 14.875, 5.875], "texture": "#11"},
				"up": {"uv": [15.125, 5.625, 15.375, 5.875], "texture": "#11"},
				"down": {"uv": [15.625, 5.625, 15.875, 5.875], "texture": "#11"}
			}
		},
		{
			"from": [-0.2, 5.63268, -3.69819],
			"to": [1.2, 6.73268, -3.09819],
			"rotation": {"angle": 22.5, "axis": "x", "origin": [0, 6.73268, -3.39819]},
			"faces": {
				"north": {"uv": [0.125, 6.125, 0.375, 6.375], "texture": "#11"},
				"east": {"uv": [0.625, 6.125, 0.875, 6.375], "texture": "#11"},
				"south": {"uv": [1.125, 6.125, 1.375, 6.375], "texture": "#11"},
				"west": {"uv": [1.625, 6.125, 1.875, 6.375], "texture": "#11"},
				"up": {"uv": [2.125, 6.125, 2.375, 6.375], "texture": "#11"},
				"down": {"uv": [2.625, 6.125, 2.875, 6.375], "texture": "#11"}
			}
		},
		{
			"from": [-0.2, 5.63268, -3.89819],
			"to": [1.2, 6.73268, -3.69819],
			"rotation": {"angle": 22.5, "axis": "x", "origin": [0, 6.73268, -3.39819]},
			"faces": {
				"north": {"uv": [3.125, 6.125, 3.375, 6.375], "texture": "#11"},
				"east": {"uv": [3.625, 6.125, 3.875, 6.375], "texture": "#11"},
				"south": {"uv": [4.125, 6.125, 4.375, 6.375], "texture": "#11"},
				"west": {"uv": [4.625, 6.125, 4.875, 6.375], "texture": "#11"},
				"up": {"uv": [5.125, 6.125, 5.375, 6.375], "texture": "#11"},
				"down": {"uv": [5.625, 6.125, 5.875, 6.375], "texture": "#11"}
			}
		},
		{
			"from": [-0.2, 6.62451, -3.88498],
			"to": [1.2, 7.32451, -3.68498],
			"rotation": {"angle": 0, "axis": "y", "origin": [0, 6.82451, -3.38498]},
			"faces": {
				"north": {"uv": [6.125, 6.125, 6.375, 6.375], "texture": "#11"},
				"east": {"uv": [6.625, 6.125, 6.875, 6.375], "texture": "#11"},
				"south": {"uv": [7.125, 6.125, 7.375, 6.375], "texture": "#11"},
				"west": {"uv": [7.625, 6.125, 7.875, 6.375], "texture": "#11"},
				"up": {"uv": [8.125, 6.125, 8.375, 6.375], "texture": "#11"},
				"down": {"uv": [8.625, 6.125, 8.875, 6.375], "texture": "#11"}
			}
		},
		{
			"name": "hexadecagon",
			"from": [-0.3, 6.40109, -11.4],
			"to": [1.3, 6.79891, -9.4],
			"rotation": {"angle": -45, "axis": "x", "origin": [0.4, 6.6, -10.4]},
			"faces": {
				"north": {"uv": [9.125, 6.125, 9.375, 6.375], "texture": "#11"},
				"east": {"uv": [9.625, 6.125, 9.875, 6.375], "texture": "#11"},
				"south": {"uv": [10.125, 6.125, 10.375, 6.375], "texture": "#11"},
				"west": {"uv": [10.625, 6.125, 10.875, 6.375], "texture": "#11"},
				"up": {"uv": [11.125, 6.125, 11.375, 6.375], "texture": "#11"},
				"down": {"uv": [11.625, 6.125, 11.875, 6.375], "texture": "#11"}
			}
		},
		{
			"name": "hexadecagon",
			"from": [-0.3, 6.40109, -11.4],
			"to": [1.3, 6.79891, -9.4],
			"rotation": {"angle": -22.5, "axis": "x", "origin": [0.4, 6.6, -10.4]},
			"faces": {
				"north": {"uv": [12.125, 6.125, 12.375, 6.375], "texture": "#11"},
				"east": {"uv": [12.625, 6.125, 12.875, 6.375], "texture": "#11"},
				"south": {"uv": [13.125, 6.125, 13.375, 6.375], "texture": "#11"},
				"west": {"uv": [13.625, 6.125, 13.875, 6.375], "texture": "#11"},
				"up": {"uv": [14.125, 6.125, 14.375, 6.375], "texture": "#11"},
				"down": {"uv": [14.625, 6.125, 14.875, 6.375], "texture": "#11"}
			}
		},
		{
			"name": "hexadecagon",
			"from": [-0.3, 6.40109, -11.4],
			"to": [1.3, 6.79891, -9.4],
			"rotation": {"angle": 0, "axis": "y", "origin": [0.4, 6.6, -10.4]},
			"faces": {
				"north": {"uv": [15.125, 6.125, 15.375, 6.375], "texture": "#11"},
				"east": {"uv": [15.625, 6.125, 15.875, 6.375], "texture": "#11"},
				"south": {"uv": [0.125, 6.625, 0.375, 6.875], "texture": "#11"},
				"west": {"uv": [0.625, 6.625, 0.875, 6.875], "texture": "#11"},
				"up": {"uv": [1.125, 6.625, 1.375, 6.875], "texture": "#11"},
				"down": {"uv": [1.625, 6.625, 1.875, 6.875], "texture": "#11"}
			}
		},
		{
			"name": "hexadecagon",
			"from": [-0.3, 6.40109, -11.4],
			"to": [1.3, 6.79891, -9.4],
			"rotation": {"angle": 22.5, "axis": "x", "origin": [0.4, 6.6, -10.4]},
			"faces": {
				"north": {"uv": [2.125, 6.625, 2.375, 6.875], "texture": "#11"},
				"east": {"uv": [2.625, 6.625, 2.875, 6.875], "texture": "#11"},
				"south": {"uv": [3.125, 6.625, 3.375, 6.875], "texture": "#11"},
				"west": {"uv": [3.625, 6.625, 3.875, 6.875], "texture": "#11"},
				"up": {"uv": [4.125, 6.625, 4.375, 6.875], "texture": "#11"},
				"down": {"uv": [4.625, 6.625, 4.875, 6.875], "texture": "#11"}
			}
		},
		{
			"name": "hexadecagon",
			"from": [-0.3, 6.40109, -11.4],
			"to": [1.3, 6.79891, -9.4],
			"rotation": {"angle": 45, "axis": "x", "origin": [0.4, 6.6, -10.4]},
			"faces": {
				"north": {"uv": [5.125, 6.625, 5.375, 6.875], "texture": "#11"},
				"east": {"uv": [5.625, 6.625, 5.875, 6.875], "texture": "#11"},
				"south": {"uv": [6.125, 6.625, 6.375, 6.875], "texture": "#11"},
				"west": {"uv": [6.625, 6.625, 6.875, 6.875], "texture": "#11"},
				"up": {"uv": [7.125, 6.625, 7.375, 6.875], "texture": "#11"},
				"down": {"uv": [7.625, 6.625, 7.875, 6.875], "texture": "#11"}
			}
		},
		{
			"name": "hexadecagon",
			"from": [-0.3, 5.6, -10.59891],
			"to": [1.3, 7.6, -10.20109],
			"rotation": {"angle": -22.5, "axis": "x", "origin": [0.4, 6.6, -10.4]},
			"faces": {
				"north": {"uv": [8.125, 6.625, 8.375, 6.875], "texture": "#11"},
				"east": {"uv": [8.625, 6.625, 8.875, 6.875], "texture": "#11"},
				"south": {"uv": [9.125, 6.625, 9.375, 6.875], "texture": "#11"},
				"west": {"uv": [9.625, 6.625, 9.875, 6.875], "texture": "#11"},
				"up": {"uv": [10.125, 6.625, 10.375, 6.875], "texture": "#11"},
				"down": {"uv": [10.625, 6.625, 10.875, 6.875], "texture": "#11"}
			}
		},
		{
			"name": "hexadecagon",
			"from": [-0.3, 5.6, -10.59891],
			"to": [1.3, 7.6, -10.20109],
			"rotation": {"angle": 0, "axis": "y", "origin": [0.4, 6.6, -10.4]},
			"faces": {
				"north": {"uv": [11.125, 6.625, 11.375, 6.875], "texture": "#11"},
				"east": {"uv": [11.625, 6.625, 11.875, 6.875], "texture": "#11"},
				"south": {"uv": [12.125, 6.625, 12.375, 6.875], "texture": "#11"},
				"west": {"uv": [12.625, 6.625, 12.875, 6.875], "texture": "#11"},
				"up": {"uv": [13.125, 6.625, 13.375, 6.875], "texture": "#11"},
				"down": {"uv": [13.625, 6.625, 13.875, 6.875], "texture": "#11"}
			}
		},
		{
			"name": "hexadecagon",
			"from": [-0.3, 5.6, -10.59891],
			"to": [1.3, 7.6, -10.20109],
			"rotation": {"angle": 22.5, "axis": "x", "origin": [0.4, 6.6, -10.4]},
			"faces": {
				"north": {"uv": [14.125, 6.625, 14.375, 6.875], "texture": "#11"},
				"east": {"uv": [14.625, 6.625, 14.875, 6.875], "texture": "#11"},
				"south": {"uv": [15.125, 6.625, 15.375, 6.875], "texture": "#11"},
				"west": {"uv": [15.625, 6.625, 15.875, 6.875], "texture": "#11"},
				"up": {"uv": [0.125, 7.125, 0.375, 7.375], "texture": "#11"},
				"down": {"uv": [0.625, 7.125, 0.875, 7.375], "texture": "#11"}
			}
		},
		{
			"from": [0, 5.8, -10],
			"to": [1, 7.4, -3.7],
			"faces": {
				"north": {"uv": [1.125, 7.125, 1.375, 7.375], "texture": "#7"},
				"east": {"uv": [1.625, 7.125, 1.875, 7.375], "texture": "#7"},
				"south": {"uv": [2.125, 7.125, 2.375, 7.375], "texture": "#7"},
				"west": {"uv": [2.625, 7.125, 2.875, 7.375], "texture": "#7"},
				"up": {"uv": [3.125, 7.125, 3.375, 7.375], "texture": "#7"},
				"down": {"uv": [3.625, 7.125, 3.875, 7.375], "texture": "#7"}
			}
		},
		{
			"from": [0.1, 3.61076, 11.96272],
			"to": [0.9, 6.31076, 20.96272],
			"rotation": {"angle": 0, "axis": "y", "origin": [0, 7.73695, 5.35021]},
			"faces": {
				"north": {"uv": [13.125, 7.125, 13.375, 7.375], "texture": "#10"},
				"east": {"uv": [13.625, 7.125, 13.875, 7.375], "texture": "#10"},
				"south": {"uv": [14.125, 7.125, 14.375, 7.375], "texture": "#10"},
				"west": {"uv": [14.625, 7.125, 14.875, 7.375], "texture": "#10"},
				"up": {"uv": [15.125, 7.125, 15.375, 7.375], "texture": "#10"},
				"down": {"uv": [15.625, 7.125, 15.875, 7.375], "texture": "#10"}
			}
		},
		{
			"from": [0.1, -0.72218, 21.03624],
			"to": [0.9, -0.52218, 27.73624],
			"rotation": {"angle": -22.5, "axis": "x", "origin": [0, 1.70401, 4.02373]},
			"faces": {
				"north": {"uv": [0.125, 7.625, 0.375, 7.875], "texture": "#10"},
				"east": {"uv": [0.625, 7.625, 0.875, 7.875], "texture": "#10"},
				"south": {"uv": [1.125, 7.625, 1.375, 7.875], "texture": "#10"},
				"west": {"uv": [1.625, 7.625, 1.875, 7.875], "texture": "#10"},
				"up": {"uv": [2.125, 7.625, 2.375, 7.875], "texture": "#10"},
				"down": {"uv": [2.625, 7.625, 2.875, 7.875], "texture": "#10"}
			}
		},
		{
			"from": [0.1, -0.82218, 25.63624],
			"to": [0.9, -0.52218, 26.93624],
			"rotation": {"angle": -22.5, "axis": "x", "origin": [0, 1.70401, 4.02373]},
			"faces": {
				"north": {"uv": [3.125, 7.625, 3.375, 7.875], "texture": "#10"},
				"east": {"uv": [3.625, 7.625, 3.875, 7.875], "texture": "#10"},
				"south": {"uv": [4.125, 7.625, 4.375, 7.875], "texture": "#10"},
				"west": {"uv": [4.625, 7.625, 4.875, 7.875], "texture": "#10"},
				"up": {"uv": [5.125, 7.625, 5.375, 7.875], "texture": "#10"},
				"down": {"uv": [5.625, 7.625, 5.875, 7.875], "texture": "#10"}
			}
		},
		{
			"from": [0.1, -2.02218, 20.53624],
			"to": [0.9, -0.62218, 24.33624],
			"rotation": {"angle": -22.5, "axis": "x", "origin": [0, 1.70401, 4.02373]},
			"faces": {
				"north": {"uv": [6.125, 7.625, 6.375, 7.875], "texture": "#10"},
				"east": {"uv": [6.625, 7.625, 6.875, 7.875], "texture": "#10"},
				"south": {"uv": [7.125, 7.625, 7.375, 7.875], "texture": "#10"},
				"west": {"uv": [7.625, 7.625, 7.875, 7.875], "texture": "#10"},
				"up": {"uv": [8.125, 7.625, 8.375, 7.875], "texture": "#10"},
				"down": {"uv": [8.625, 7.625, 8.875, 7.875], "texture": "#10"}
			}
		},
		{
			"from": [0.1, -1.12218, 24.33624],
			"to": [0.9, -0.62218, 26.63624],
			"rotation": {"angle": -22.5, "axis": "x", "origin": [0, 1.70401, 4.02373]},
			"faces": {
				"north": {"uv": [9.125, 7.625, 9.375, 7.875], "texture": "#10"},
				"east": {"uv": [9.625, 7.625, 9.875, 7.875], "texture": "#10"},
				"south": {"uv": [10.125, 7.625, 10.375, 7.875], "texture": "#10"},
				"west": {"uv": [10.625, 7.625, 10.875, 7.875], "texture": "#10"},
				"up": {"uv": [11.125, 7.625, 11.375, 7.875], "texture": "#10"},
				"down": {"uv": [11.625, 7.625, 11.875, 7.875], "texture": "#10"}
			}
		},
		{
			"from": [0.1, 4.40289, 20.85445],
			"to": [0.9, 4.60289, 27.15445],
			"rotation": {"angle": -45, "axis": "x", "origin": [0, 6.11408, 22.0169]},
			"faces": {
				"north": {"uv": [12.125, 7.625, 12.375, 7.875], "texture": "#10"},
				"east": {"uv": [12.625, 7.625, 12.875, 7.875], "texture": "#10"},
				"south": {"uv": [13.125, 7.625, 13.375, 7.875], "texture": "#10"},
				"west": {"uv": [13.625, 7.625, 13.875, 7.875], "texture": "#10"},
				"up": {"uv": [14.125, 7.625, 14.375, 7.875], "texture": "#10"},
				"down": {"uv": [14.625, 7.625, 14.875, 7.875], "texture": "#10"}
			}
		},
		{
			"from": [0.1, 4.40289, 25.65445],
			"to": [0.9, 4.80289, 26.65445],
			"rotation": {"angle": -45, "axis": "x", "origin": [0, 6.11408, 22.0169]},
			"faces": {
				"north": {"uv": [15.125, 7.625, 15.375, 7.875], "texture": "#10"},
				"east": {"uv": [15.625, 7.625, 15.875, 7.875], "texture": "#10"},
				"south": {"uv": [0.125, 8.125, 0.375, 8.375], "texture": "#10"},
				"west": {"uv": [0.625, 8.125, 0.875, 8.375], "texture": "#10"},
				"up": {"uv": [1.125, 8.125, 1.375, 8.375], "texture": "#10"},
				"down": {"uv": [1.625, 8.125, 1.875, 8.375], "texture": "#10"}
			}
		},
		{
			"from": [0.1, 4.40289, 24.65445],
			"to": [0.9, 5.00289, 25.75445],
			"rotation": {"angle": -45, "axis": "x", "origin": [0, 6.11408, 22.0169]},
			"faces": {
				"north": {"uv": [2.125, 8.125, 2.375, 8.375], "texture": "#10"},
				"east": {"uv": [2.625, 8.125, 2.875, 8.375], "texture": "#10"},
				"south": {"uv": [3.125, 8.125, 3.375, 8.375], "texture": "#10"},
				"west": {"uv": [3.625, 8.125, 3.875, 8.375], "texture": "#10"},
				"up": {"uv": [4.125, 8.125, 4.375, 8.375], "texture": "#10"},
				"down": {"uv": [4.625, 8.125, 4.875, 8.375], "texture": "#10"}
			}
		},
		{
			"from": [0.1, 4.60289, 20.85445],
			"to": [0.9, 5.50289, 24.95445],
			"rotation": {"angle": -45, "axis": "x", "origin": [0, 6.11408, 22.0169]},
			"faces": {
				"north": {"uv": [5.125, 8.125, 5.375, 8.375], "texture": "#10"},
				"east": {"uv": [5.625, 8.125, 5.875, 8.375], "texture": "#10"},
				"south": {"uv": [6.125, 8.125, 6.375, 8.375], "texture": "#10"},
				"west": {"uv": [6.625, 8.125, 6.875, 8.375], "texture": "#10"},
				"up": {"uv": [7.125, 8.125, 7.375, 8.375], "texture": "#10"},
				"down": {"uv": [7.625, 8.125, 7.875, 8.375], "texture": "#10"}
			}
		},
		{
			"from": [0.1, 1.9858, 18.54115],
			"to": [0.9, 3.3858, 22.14115],
			"rotation": {"angle": -22.5, "axis": "x", "origin": [0, 3.69699, 17.00359]},
			"faces": {
				"north": {"uv": [8.125, 8.125, 8.375, 8.375], "texture": "#10"},
				"east": {"uv": [8.625, 8.125, 8.875, 8.375], "texture": "#10"},
				"south": {"uv": [9.125, 8.125, 9.375, 8.375], "texture": "#10"},
				"west": {"uv": [9.625, 8.125, 9.875, 8.375], "texture": "#10"},
				"up": {"uv": [10.125, 8.125, 10.375, 8.375], "texture": "#10"},
				"down": {"uv": [10.625, 8.125, 10.875, 8.375], "texture": "#10"}
			}
		},
		{
			"from": [0.1, 2.70446, 7.27896],
			"to": [0.9, 3.80446, 19.07896],
			"rotation": {"angle": 0, "axis": "y", "origin": [0, 4.53064, 14.86645]},
			"faces": {
				"north": {"uv": [11.125, 8.125, 11.375, 8.375], "texture": "#10"},
				"east": {"uv": [11.625, 8.125, 11.875, 8.375], "texture": "#10"},
				"south": {"uv": [12.125, 8.125, 12.375, 8.375], "texture": "#10"},
				"west": {"uv": [12.625, 8.125, 12.875, 8.375], "texture": "#10"},
				"up": {"uv": [13.125, 8.125, 13.375, 8.375], "texture": "#10"},
				"down": {"uv": [13.625, 8.125, 13.875, 8.375], "texture": "#10"}
			}
		},
		{
			"from": [0.1, 2.06451, 4.52121],
			"to": [0.9, 2.26451, 7.32121],
			"rotation": {"angle": 22.5, "axis": "x", "origin": [0, 2.49069, 8.9087]},
			"faces": {
				"north": {"uv": [14.125, 8.125, 14.375, 8.375], "texture": "#10"},
				"east": {"uv": [14.625, 8.125, 14.875, 8.375], "texture": "#10"},
				"south": {"uv": [15.125, 8.125, 15.375, 8.375], "texture": "#10"},
				"west": {"uv": [15.625, 8.125, 15.875, 8.375], "texture": "#10"},
				"up": {"uv": [0.125, 8.625, 0.375, 8.875], "texture": "#10"},
				"down": {"uv": [0.625, 8.625, 0.875, 8.875], "texture": "#10"}
			}
		},
		{
			"from": [0.1, 3.77597, 4.69209],
			"to": [0.9, 3.97597, 7.89209],
			"rotation": {"angle": 0, "axis": "y", "origin": [0, 4.20215, 9.07959]},
			"faces": {
				"north": {"uv": [1.125, 8.625, 1.375, 8.875], "texture": "#10"},
				"east": {"uv": [1.625, 8.625, 1.875, 8.875], "texture": "#10"},
				"south": {"uv": [2.125, 8.625, 2.375, 8.875], "texture": "#10"},
				"west": {"uv": [2.625, 8.625, 2.875, 8.875], "texture": "#10"},
				"up": {"uv": [3.125, 8.625, 3.375, 8.875], "texture": "#10"},
				"down": {"uv": [3.625, 8.625, 3.875, 8.875], "texture": "#10"}
			}
		},
		{
			"from": [0.1, 3.77597, 7.79209],
			"to": [0.9, 4.37597, 10.79209],
			"rotation": {"angle": 0, "axis": "y", "origin": [0, 4.20215, 9.07959]},
			"faces": {
				"north": {"uv": [4.125, 8.625, 4.375, 8.875], "texture": "#10"},
				"east": {"uv": [4.625, 8.625, 4.875, 8.875], "texture": "#10"},
				"south": {"uv": [5.125, 8.625, 5.375, 8.875], "texture": "#10"},
				"west": {"uv": [5.625, 8.625, 5.875, 8.875], "texture": "#10"},
				"up": {"uv": [6.125, 8.625, 6.375, 8.875], "texture": "#10"},
				"down": {"uv": [6.625, 8.625, 6.875, 8.875], "texture": "#10"}
			}
		},
		{
			"from": [0.1, 4.37597, 8.59209],
			"to": [0.9, 4.97597, 10.79209],
			"rotation": {"angle": 0, "axis": "y", "origin": [0, 4.20215, 9.07959]},
			"faces": {
				"north": {"uv": [7.125, 8.625, 7.375, 8.875], "texture": "#10"},
				"east": {"uv": [7.625, 8.625, 7.875, 8.875], "texture": "#10"},
				"south": {"uv": [8.125, 8.625, 8.375, 8.875], "texture": "#10"},
				"west": {"uv": [8.625, 8.625, 8.875, 8.875], "texture": "#10"},
				"up": {"uv": [9.125, 8.625, 9.375, 8.875], "texture": "#10"},
				"down": {"uv": [9.625, 8.625, 9.875, 8.875], "texture": "#10"}
			}
		},
		{
			"from": [0.1, 3.07597, 6.39209],
			"to": [0.9, 3.67597, 7.39209],
			"rotation": {"angle": 0, "axis": "y", "origin": [0, 4.20215, 9.07959]},
			"faces": {
				"north": {"uv": [10.125, 8.625, 10.375, 8.875], "texture": "#10"},
				"east": {"uv": [10.625, 8.625, 10.875, 8.875], "texture": "#10"},
				"south": {"uv": [11.125, 8.625, 11.375, 8.875], "texture": "#10"},
				"west": {"uv": [11.625, 8.625, 11.875, 8.875], "texture": "#10"},
				"up": {"uv": [12.125, 8.625, 12.375, 8.875], "texture": "#10"},
				"down": {"uv": [12.625, 8.625, 12.875, 8.875], "texture": "#10"}
			}
		},
		{
			"from": [0.1, 3.57597, 5.19209],
			"to": [0.9, 3.87597, 6.29209],
			"rotation": {"angle": 0, "axis": "y", "origin": [0, 4.20215, 9.07959]},
			"faces": {
				"north": {"uv": [13.125, 8.625, 13.375, 8.875], "texture": "#10"},
				"east": {"uv": [13.625, 8.625, 13.875, 8.875], "texture": "#10"},
				"south": {"uv": [14.125, 8.625, 14.375, 8.875], "texture": "#10"},
				"west": {"uv": [14.625, 8.625, 14.875, 8.875], "texture": "#10"},
				"up": {"uv": [15.125, 8.625, 15.375, 8.875], "texture": "#10"},
				"down": {"uv": [15.625, 8.625, 15.875, 8.875], "texture": "#10"}
			}
		},
		{
			"from": [0.1, 3.37597, 5.69209],
			"to": [0.9, 3.67597, 6.29209],
			"rotation": {"angle": 0, "axis": "y", "origin": [0, 4.20215, 9.07959]},
			"faces": {
				"north": {"uv": [0.125, 9.125, 0.375, 9.375], "texture": "#10"},
				"east": {"uv": [0.625, 9.125, 0.875, 9.375], "texture": "#10"},
				"south": {"uv": [1.125, 9.125, 1.375, 9.375], "texture": "#10"},
				"west": {"uv": [1.625, 9.125, 1.875, 9.375], "texture": "#10"},
				"up": {"uv": [2.125, 9.125, 2.375, 9.375], "texture": "#10"},
				"down": {"uv": [2.625, 9.125, 2.875, 9.375], "texture": "#10"}
			}
		},
		{
			"from": [0.1, 2.87597, 6.89209],
			"to": [0.9, 3.47597, 7.99209],
			"rotation": {"angle": 0, "axis": "y", "origin": [0, 4.20215, 9.07959]},
			"faces": {
				"north": {"uv": [3.125, 9.125, 3.375, 9.375], "texture": "#10"},
				"east": {"uv": [3.625, 9.125, 3.875, 9.375], "texture": "#10"},
				"south": {"uv": [4.125, 9.125, 4.375, 9.375], "texture": "#10"},
				"west": {"uv": [4.625, 9.125, 4.875, 9.375], "texture": "#10"},
				"up": {"uv": [5.125, 9.125, 5.375, 9.375], "texture": "#10"},
				"down": {"uv": [5.625, 9.125, 5.875, 9.375], "texture": "#10"}
			}
		},
		{
			"from": [0.1, 4.37597, 5.99209],
			"to": [0.9, 4.87597, 8.79209],
			"rotation": {"angle": -22.5, "axis": "x", "origin": [0, 4.20215, 9.07959]},
			"faces": {
				"north": {"uv": [6.125, 9.125, 6.375, 9.375], "texture": "#10"},
				"east": {"uv": [6.625, 9.125, 6.875, 9.375], "texture": "#10"},
				"south": {"uv": [7.125, 9.125, 7.375, 9.375], "texture": "#10"},
				"west": {"uv": [7.625, 9.125, 7.875, 9.375], "texture": "#10"},
				"up": {"uv": [8.125, 9.125, 8.375, 9.375], "texture": "#10"},
				"down": {"uv": [8.625, 9.125, 8.875, 9.375], "texture": "#10"}
			}
		},
		{
			"from": [0.1, 4.37597, 7.19209],
			"to": [0.9, 6.37597, 11.89209],
			"rotation": {"angle": 22.5, "axis": "x", "origin": [0, 4.20215, 9.07959]},
			"faces": {
				"north": {"uv": [9.125, 9.125, 9.375, 9.375], "texture": "#10"},
				"east": {"uv": [9.625, 9.125, 9.875, 9.375], "texture": "#10"},
				"south": {"uv": [10.125, 9.125, 10.375, 9.375], "texture": "#10"},
				"west": {"uv": [10.625, 9.125, 10.875, 9.375], "texture": "#10"},
				"up": {"uv": [11.125, 9.125, 11.375, 9.375], "texture": "#10"},
				"down": {"uv": [11.625, 9.125, 11.875, 9.375], "texture": "#10"}
			}
		},
		{
			"from": [0.1, 6.07597, 8.19209],
			"to": [0.9, 6.67597, 11.89209],
			"rotation": {"angle": 22.5, "axis": "x", "origin": [0, 4.20215, 9.07959]},
			"faces": {
				"north": {"uv": [12.125, 9.125, 12.375, 9.375], "texture": "#10"},
				"east": {"uv": [12.625, 9.125, 12.875, 9.375], "texture": "#10"},
				"south": {"uv": [13.125, 9.125, 13.375, 9.375], "texture": "#10"},
				"west": {"uv": [13.625, 9.125, 13.875, 9.375], "texture": "#10"},
				"up": {"uv": [14.125, 9.125, 14.375, 9.375], "texture": "#10"},
				"down": {"uv": [14.625, 9.125, 14.875, 9.375], "texture": "#10"}
			}
		},
		{
			"from": [0.1, 6.07597, 10.09209],
			"to": [0.9, 7.27597, 11.89209],
			"rotation": {"angle": 22.5, "axis": "x", "origin": [0, 4.20215, 9.07959]},
			"faces": {
				"north": {"uv": [15.125, 9.125, 15.375, 9.375], "texture": "#10"},
				"east": {"uv": [15.625, 9.125, 15.875, 9.375], "texture": "#10"},
				"south": {"uv": [0.125, 9.625, 0.375, 9.875], "texture": "#10"},
				"west": {"uv": [0.625, 9.625, 0.875, 9.875], "texture": "#10"},
				"up": {"uv": [1.125, 9.625, 1.375, 9.875], "texture": "#10"},
				"down": {"uv": [1.625, 9.625, 1.875, 9.875], "texture": "#10"}
			}
		},
		{
			"from": [0.1, 5.08505, 2.00229],
			"to": [0.9, 7.08505, 8.10229],
			"rotation": {"angle": 0, "axis": "y", "origin": [0, 4.91124, 7.68978]},
			"faces": {
				"north": {"uv": [2.125, 9.625, 2.375, 9.875], "texture": "#10"},
				"east": {"uv": [2.625, 9.625, 2.875, 9.875], "texture": "#10"},
				"south": {"uv": [3.125, 9.625, 3.375, 9.875], "texture": "#10"},
				"west": {"uv": [3.625, 9.625, 3.875, 9.875], "texture": "#10"},
				"up": {"uv": [4.125, 9.625, 4.375, 9.875], "texture": "#10"},
				"down": {"uv": [4.625, 9.625, 4.875, 9.875], "texture": "#10"}
			}
		},
		{
			"from": [0.1, 5.49258, -0.49458],
			"to": [0.9, 7.79258, 3.60542],
			"rotation": {"angle": -22.5, "axis": "x", "origin": [0, 4.91124, 3.78978]},
			"faces": {
				"north": {"uv": [5.125, 9.625, 5.375, 9.875], "texture": "#10"},
				"east": {"uv": [5.625, 9.625, 5.875, 9.875], "texture": "#10"},
				"south": {"uv": [6.125, 9.625, 6.375, 9.875], "texture": "#10"},
				"west": {"uv": [6.625, 9.625, 6.875, 9.875], "texture": "#10"},
				"up": {"uv": [7.125, 9.625, 7.375, 9.875], "texture": "#10"},
				"down": {"uv": [7.625, 9.625, 7.875, 9.875], "texture": "#10"}
			}
		},
		{
			"from": [0.1, 5.69258, -0.49458],
			"to": [0.9, 6.29258, -0.29458],
			"rotation": {"angle": -22.5, "axis": "x", "origin": [0, 4.91124, 3.78978]},
			"faces": {
				"north": {"uv": [8.125, 9.625, 8.375, 9.875], "texture": "#10"},
				"east": {"uv": [8.625, 9.625, 8.875, 9.875], "texture": "#10"},
				"south": {"uv": [9.125, 9.625, 9.375, 9.875], "texture": "#10"},
				"west": {"uv": [9.625, 9.625, 9.875, 9.875], "texture": "#10"},
				"up": {"uv": [10.125, 9.625, 10.375, 9.875], "texture": "#10"},
				"down": {"uv": [10.625, 9.625, 10.875, 9.875], "texture": "#10"}
			}
		},
		{
			"from": [0.1, 7.40624, -1.39944],
			"to": [0.9, 9.30624, 1.00056],
			"rotation": {"angle": -45, "axis": "x", "origin": [0, 7.02489, 2.88492]},
			"faces": {
				"north": {"uv": [11.125, 9.625, 11.375, 9.875], "texture": "#10"},
				"east": {"uv": [11.625, 9.625, 11.875, 9.875], "texture": "#10"},
				"south": {"uv": [12.125, 9.625, 12.375, 9.875], "texture": "#10"},
				"west": {"uv": [12.625, 9.625, 12.875, 9.875], "texture": "#10"},
				"up": {"uv": [13.125, 9.625, 13.375, 9.875], "texture": "#10"},
				"down": {"uv": [13.625, 9.625, 13.875, 9.875], "texture": "#10"}
			}
		},
		{
			"from": [0.1, 4.77606, -2.18932],
			"to": [0.9, 6.27606, -1.18932],
			"rotation": {"angle": 22.5, "axis": "x", "origin": [0, 5.02489, -0.11508]},
			"faces": {
				"north": {"uv": [14.125, 9.625, 14.375, 9.875], "rotation": 180, "texture": "#10"},
				"east": {"uv": [14.625, 9.625, 14.875, 9.875], "rotation": 90, "texture": "#10"},
				"south": {"uv": [15.125, 9.625, 15.375, 9.875], "texture": "#10"},
				"west": {"uv": [15.625, 9.625, 15.875, 9.875], "rotation": 270, "texture": "#10"},
				"up": {"uv": [0.125, 10.125, 0.375, 10.375], "texture": "#10"},
				"down": {"uv": [0.625, 10.125, 0.875, 10.375], "rotation": 180, "texture": "#10"}
			}
		},
		{
			"from": [0, 0.21076, 16.26272],
			"to": [1, 0.41076, 18.36272],
			"rotation": {"angle": -22.5, "axis": "x", "origin": [0, 7.73695, 5.35021]},
			"faces": {
				"north": {"uv": [1.125, 10.125, 1.375, 10.375], "texture": "#8"},
				"east": {"uv": [1.625, 10.125, 1.875, 10.375], "texture": "#8"},
				"south": {"uv": [2.125, 10.125, 2.375, 10.375], "texture": "#8"},
				"west": {"uv": [2.625, 10.125, 2.875, 10.375], "texture": "#8"},
				"up": {"uv": [3.125, 10.125, 3.375, 10.375], "texture": "#8"},
				"down": {"uv": [3.625, 10.125, 3.875, 10.375], "texture": "#8"}
			}
		},
		{
			"from": [0, 3.82236, 19.58403],
			"to": [1, 4.02236, 21.28403],
			"rotation": {"angle": -45, "axis": "x", "origin": [0, 3.64749, 18.40535]},
			"faces": {
				"north": {"uv": [4.125, 10.125, 4.375, 10.375], "texture": "#8"},
				"east": {"uv": [4.625, 10.125, 4.875, 10.375], "texture": "#8"},
				"south": {"uv": [5.125, 10.125, 5.375, 10.375], "texture": "#8"},
				"west": {"uv": [5.625, 10.125, 5.875, 10.375], "texture": "#8"},
				"up": {"uv": [6.125, 10.125, 6.375, 10.375], "texture": "#8"},
				"down": {"uv": [6.625, 10.125, 6.875, 10.375], "texture": "#8"}
			}
		},
		{
			"from": [0, 4.7548, 17.71742],
			"to": [1, 4.9548, 18.71742],
			"rotation": {"angle": 22.5, "axis": "x", "origin": [0, 3.67993, 18.53873]},
			"faces": {
				"north": {"uv": [7.125, 10.125, 7.375, 10.375], "texture": "#8"},
				"east": {"uv": [7.625, 10.125, 7.875, 10.375], "texture": "#8"},
				"south": {"uv": [8.125, 10.125, 8.375, 10.375], "texture": "#8"},
				"west": {"uv": [8.625, 10.125, 8.875, 10.375], "texture": "#8"},
				"up": {"uv": [9.125, 10.125, 9.375, 10.375], "texture": "#8"},
				"down": {"uv": [9.625, 10.125, 9.875, 10.375], "texture": "#8"}
			}
		},
		{
			"from": [0, 9.17691, 11.84779],
			"to": [1, 9.37691, 16.24779],
			"rotation": {"angle": 22.5, "axis": "x", "origin": [0, 1.85072, 2.43528]},
			"faces": {
				"north": {"uv": [10.125, 10.125, 10.375, 10.375], "texture": "#8"},
				"east": {"uv": [10.625, 10.125, 10.875, 10.375], "texture": "#8"},
				"south": {"uv": [11.125, 10.125, 11.375, 10.375], "texture": "#8"},
				"west": {"uv": [11.625, 10.125, 11.875, 10.375], "texture": "#8"},
				"up": {"uv": [12.125, 10.125, 12.375, 10.375], "texture": "#8"},
				"down": {"uv": [12.625, 10.125, 12.875, 10.375], "texture": "#8"}
			}
		},
		{
			"from": [0, 5.82485, 15.94252],
			"to": [1, 6.02485, 19.34252],
			"rotation": {"angle": 45, "axis": "x", "origin": [0, 6.19972, 15.66383]},
			"faces": {
				"north": {"uv": [13.125, 10.125, 13.375, 10.375], "texture": "#8"},
				"east": {"uv": [13.625, 10.125, 13.875, 10.375], "texture": "#8"},
				"south": {"uv": [14.125, 10.125, 14.375, 10.375], "texture": "#8"},
				"west": {"uv": [14.625, 10.125, 14.875, 10.375], "texture": "#8"},
				"up": {"uv": [15.125, 10.125, 15.375, 10.375], "texture": "#8"},
				"down": {"uv": [15.625, 10.125, 15.875, 10.375], "texture": "#8"}
			}
		},
		{
			"from": [0, 5.22266, 13.6004],
			"to": [1, 5.42266, 15.4004],
			"rotation": {"angle": -22.5, "axis": "x", "origin": [0, 6.49753, 14.42172]},
			"faces": {
				"north": {"uv": [0.125, 10.625, 0.375, 10.875], "texture": "#8"},
				"east": {"uv": [0.625, 10.625, 0.875, 10.875], "texture": "#8"},
				"south": {"uv": [1.125, 10.625, 1.375, 10.875], "texture": "#8"},
				"west": {"uv": [1.625, 10.625, 1.875, 10.875], "texture": "#8"},
				"up": {"uv": [2.125, 10.625, 2.375, 10.875], "texture": "#8"},
				"down": {"uv": [2.625, 10.625, 2.875, 10.875], "texture": "#8"}
			}
		},
		{
			"from": [0, -0.88924, 13.13728],
			"to": [1, -0.68924, 15.23728],
			"rotation": {"angle": 22.5, "axis": "x", "origin": [0, 6.63695, 26.14979]},
			"faces": {
				"north": {"uv": [3.125, 10.625, 3.375, 10.875], "texture": "#8"},
				"east": {"uv": [3.625, 10.625, 3.875, 10.875], "texture": "#8"},
				"south": {"uv": [4.125, 10.625, 4.375, 10.875], "texture": "#8"},
				"west": {"uv": [4.625, 10.625, 4.875, 10.875], "texture": "#8"},
				"up": {"uv": [5.125, 10.625, 5.375, 10.875], "texture": "#8"},
				"down": {"uv": [5.625, 10.625, 5.875, 10.875], "texture": "#8"}
			}
		},
		{
			"from": [0, 2.72236, 10.21597],
			"to": [1, 2.92236, 11.91597],
			"rotation": {"angle": 45, "axis": "x", "origin": [0, 2.54749, 13.09465]},
			"faces": {
				"north": {"uv": [6.125, 10.625, 6.375, 10.875], "texture": "#8"},
				"east": {"uv": [6.625, 10.625, 6.875, 10.875], "texture": "#8"},
				"south": {"uv": [7.125, 10.625, 7.375, 10.875], "texture": "#8"},
				"west": {"uv": [7.625, 10.625, 7.875, 10.875], "texture": "#8"},
				"up": {"uv": [8.125, 10.625, 8.375, 10.875], "texture": "#8"},
				"down": {"uv": [8.625, 10.625, 8.875, 10.875], "texture": "#8"}
			}
		},
		{
			"from": [0, 3.6548, 12.78258],
			"to": [1, 3.8548, 13.78258],
			"rotation": {"angle": -22.5, "axis": "x", "origin": [0, 2.57993, 12.96127]},
			"faces": {
				"north": {"uv": [9.125, 10.625, 9.375, 10.875], "texture": "#8"},
				"east": {"uv": [9.625, 10.625, 9.875, 10.875], "texture": "#8"},
				"south": {"uv": [10.125, 10.625, 10.375, 10.875], "texture": "#8"},
				"west": {"uv": [10.625, 10.625, 10.875, 10.875], "texture": "#8"},
				"up": {"uv": [11.125, 10.625, 11.375, 10.875], "texture": "#8"},
				"down": {"uv": [11.625, 10.625, 11.875, 10.875], "texture": "#8"}
			}
		},
		{
			"from": [0, 10.68924, 23.33728],
			"to": [1, 10.88924, 25.43728],
			"rotation": {"angle": -22.5, "axis": "x", "origin": [1, 3.36305, 36.34979]},
			"faces": {
				"north": {"uv": [12.125, 10.625, 12.375, 10.875], "texture": "#8"},
				"east": {"uv": [12.625, 10.625, 12.875, 10.875], "texture": "#8"},
				"south": {"uv": [13.125, 10.625, 13.375, 10.875], "texture": "#8"},
				"west": {"uv": [13.625, 10.625, 13.875, 10.875], "texture": "#8"},
				"up": {"uv": [14.125, 10.625, 14.375, 10.875], "texture": "#8"},
				"down": {"uv": [14.625, 10.625, 14.875, 10.875], "texture": "#8"}
			}
		},
		{
			"from": [0, 7.07764, 20.41597],
			"to": [1, 7.27764, 22.11597],
			"rotation": {"angle": -45, "axis": "x", "origin": [1, 7.45251, 23.29465]},
			"faces": {
				"north": {"uv": [15.125, 10.625, 15.375, 10.875], "texture": "#8"},
				"east": {"uv": [15.625, 10.625, 15.875, 10.875], "texture": "#8"},
				"south": {"uv": [0.125, 11.125, 0.375, 11.375], "texture": "#8"},
				"west": {"uv": [0.625, 11.125, 0.875, 11.375], "texture": "#8"},
				"up": {"uv": [1.125, 11.125, 1.375, 11.375], "texture": "#8"},
				"down": {"uv": [1.625, 11.125, 1.875, 11.375], "texture": "#8"}
			}
		},
		{
			"from": [0, 6.1452, 22.98258],
			"to": [1, 6.3452, 23.98258],
			"rotation": {"angle": 22.5, "axis": "x", "origin": [1, 7.42007, 23.16127]},
			"faces": {
				"north": {"uv": [2.125, 11.125, 2.375, 11.375], "texture": "#8"},
				"east": {"uv": [2.625, 11.125, 2.875, 11.375], "texture": "#8"},
				"south": {"uv": [3.125, 11.125, 3.375, 11.375], "texture": "#8"},
				"west": {"uv": [3.625, 11.125, 3.875, 11.375], "texture": "#8"},
				"up": {"uv": [4.125, 11.125, 4.375, 11.375], "texture": "#8"},
				"down": {"uv": [4.625, 11.125, 4.875, 11.375], "texture": "#8"}
			}
		},
		{
			"from": [-0.2, 5.7, -7.1],
			"to": [1.2, 7.5, -6.6],
			"faces": {
				"north": {"uv": [7.125, 7.125, 7.375, 7.375], "texture": "#8"},
				"east": {"uv": [7.625, 7.125, 7.875, 7.375], "texture": "#8"},
				"south": {"uv": [8.125, 7.125, 8.375, 7.375], "texture": "#8"},
				"west": {"uv": [8.625, 7.125, 8.875, 7.375], "texture": "#8"},
				"up": {"uv": [9.125, 7.125, 9.375, 7.375], "texture": "#8"},
				"down": {"uv": [9.625, 7.125, 9.875, 7.375], "texture": "#8"}
			}
		},
		{
			"from": [-0.2, 5.7, -5.5],
			"to": [1.2, 7.5, -5],
			"faces": {
				"north": {"uv": [4.125, 7.125, 4.375, 7.375], "texture": "#8"},
				"east": {"uv": [4.625, 7.125, 4.875, 7.375], "texture": "#8"},
				"south": {"uv": [5.125, 7.125, 5.375, 7.375], "texture": "#8"},
				"west": {"uv": [5.625, 7.125, 5.875, 7.375], "texture": "#8"},
				"up": {"uv": [6.125, 7.125, 6.375, 7.375], "texture": "#8"},
				"down": {"uv": [6.625, 7.125, 6.875, 7.375], "texture": "#8"}
			}
		},
		{
			"from": [-0.2, 5.7, -8.7],
			"to": [1.2, 7.5, -8.2],
			"faces": {
				"north": {"uv": [10.125, 7.125, 10.375, 7.375], "texture": "#8"},
				"east": {"uv": [10.625, 7.125, 10.875, 7.375], "texture": "#8"},
				"south": {"uv": [11.125, 7.125, 11.375, 7.375], "texture": "#8"},
				"west": {"uv": [11.625, 7.125, 11.875, 7.375], "texture": "#8"},
				"up": {"uv": [12.125, 7.125, 12.375, 7.375], "texture": "#8"},
				"down": {"uv": [12.625, 7.125, 12.875, 7.375], "texture": "#8"}
			}
		}
	],
	"display": {
		"thirdperson_righthand": {
			"rotation": [-90, 0, -180],
			"translation": [-5, 8.25, 1.5],
			"scale": [0.68, 0.68, 0.68]
		},
		"thirdperson_lefthand": {
			"rotation": [-90, 0, -180],
			"translation": [5.5, 8, 2],
			"scale": [0.68, 0.68, 0.68]
		},
		"firstperson_righthand": {
			"rotation": [82, -180, 0],
			"translation": [5.5, 4.25, -5],
			"scale": [0.7, 0.7, 0.7]
		},
		"firstperson_lefthand": {
			"rotation": [82, -180, 0],
			"translation": [8.25, 5.5, 0],
			"scale": [0.46, 0.46, 0.46]
		},
		"ground": {
			"rotation": [-67, -2, 2],
			"translation": [4.75, 4.5, 0],
			"scale": [0.54, 0.54, 0.54]
		},
		"gui": {
			"rotation": [-90, 47.75, 82],
			"translation": [0, 0.75, 0],
			"scale": [0.49, 0.49, 0.49]
		},
		"head": {
			"rotation": [61, -180, 0],
			"translation": [-6.5, 15.25, -11]
		},
		"fixed": {
			"rotation": [-90, 0, 90],
			"translation": [0, 13, -90],
                        "scale": [3, 3, 3]
		}
	},
	"groups": [
		{
			"name": "group",
			"origin": [8, 8, 8],
			"color": 0,
			"children": [
				{
					"name": "group",
					"origin": [8, 8, 8],
					"color": 2,
					"children": [0, 1, 2, 3, 4, 5, 6, 7, 8, 9, 10, 11, 12, 13, 14, 15, 16, 17, 18, 19, 20, 21, 22, 23, 24, 25, 26, 27, 28, 29, 30, 31, 32, 33, 34, 35, 36, 37, 38, 39, 40, 41, 42, 43, 44, 45, 46, 47, 48, 49, 50, 51, 52, 53, 54, 55, 56, 57, 58, 59]
				},
				{
					"name": "group",
					"origin": [8, 8, 8],
					"color": 4,
					"children": [60, 61, 62, 63, 64, 65, 66]
				},
				{
					"name": "hexadecagon",
					"origin": [8, 8, 8],
					"color": 4,
					"children": [67, 68, 69, 70, 71, 72, 73, 74]
				},
				{
					"name": "group",
					"origin": [8, 8, 8],
					"color": 1,
					"children": [75]
				},
				{
					"name": "group",
					"origin": [8, 8, 8],
					"color": 9,
					"children": [76, 77, 78, 79, 80, 81, 82, 83, 84, 85, 86, 87, 88, 89, 90, 91, 92, 93, 94, 95, 96, 97, 98, 99, 100, 101, 102, 103]
				},
				{
					"name": "group",
					"origin": [8, 8, 8],
					"color": 5,
					"children": [104, 105, 106, 107, 108, 109, 110, 111, 112, 113, 114, 115]
				},
				{
					"name": "group",
					"origin": [8, 8, 8],
					"color": 0,
					"children": [116, 117, 118]
				}
			]
		}
	]
}