{
	"credit": "Made with Blockbench",
	"textures": {
		"0": "stp/item_skin/miecze/uawhdyuawhda lyzka",
		"1": "stp/item_skin/miecze/lyzka wadfawf",
		"2": "stp/item_skin/miecze/lyzka wdagasgawg",
		"particle": "stp/item_skin/miecze/uawhdyuawhda lyzka"
	},
	"elements": [
		{
			"from": [-0.4, -0.75, 0],
			"to": [1.4, 0, 0.2],
			"faces": {
				"north": {"uv": [0, 0, 1.8, 0.75], "texture": "#0"},
				"east": {"uv": [0, 0, 0.2, 0.75], "texture": "#0"},
				"south": {"uv": [0, 0, 1.8, 0.75], "texture": "#0"},
				"west": {"uv": [0, 0, 0.2, 0.75], "texture": "#0"},
				"up": {"uv": [0, 0, 1.8, 0.2], "texture": "#0"},
				"down": {"uv": [0, 0, 1.8, 0.2], "texture": "#0"}
			}
		},
		{
			"from": [-0.9, -1.5, 0],
			"to": [1.9, -0.75, 0.2],
			"faces": {
				"north": {"uv": [0, 0, 2.8, 0.75], "texture": "#0"},
				"east": {"uv": [0, 0, 0.2, 0.75], "texture": "#0"},
				"south": {"uv": [0, 0, 2.8, 0.75], "texture": "#0"},
				"west": {"uv": [0, 0, 0.2, 0.75], "texture": "#0"},
				"up": {"uv": [0, 0, 2.8, 0.2], "texture": "#0"},
				"down": {"uv": [0, 0, 2.8, 0.2], "texture": "#0"}
			}
		},
		{
			"from": [-1.1, -2.25, 0],
			"to": [2.1, -1.5, 0.2],
			"faces": {
				"north": {"uv": [0, 0, 3.2, 0.75], "texture": "#0"},
				"east": {"uv": [0, 0, 0.2, 0.75], "texture": "#0"},
				"south": {"uv": [0, 0, 3.2, 0.75], "texture": "#0"},
				"west": {"uv": [0, 0, 0.2, 0.75], "texture": "#0"},
				"up": {"uv": [0, 0, 3.2, 0.2], "texture": "#0"},
				"down": {"uv": [0, 0, 3.2, 0.2], "texture": "#0"}
			}
		},
		{
			"from": [-0.8, -3, 0],
			"to": [1.8, -2.25, 0.2],
			"faces": {
				"north": {"uv": [0, 0, 2.6, 0.75], "texture": "#0"},
				"east": {"uv": [0, 0, 0.2, 0.75], "texture": "#0"},
				"south": {"uv": [0, 0, 2.6, 0.75], "texture": "#0"},
				"west": {"uv": [0, 0, 0.2, 0.75], "texture": "#0"},
				"up": {"uv": [0, 0, 2.6, 0.2], "texture": "#0"},
				"down": {"uv": [0, 0, 2.6, 0.2], "texture": "#0"}
			}
		},
		{
			"from": [-0.3, -3.75, 0],
			"to": [1.3, -3, 0.2],
			"faces": {
				"north": {"uv": [0, 0, 1.6, 0.75], "texture": "#0"},
				"east": {"uv": [0, 0, 0.2, 0.75], "texture": "#0"},
				"south": {"uv": [0, 0, 1.6, 0.75], "texture": "#0"},
				"west": {"uv": [0, 0, 0.2, 0.75], "texture": "#0"},
				"up": {"uv": [0, 0, 1.6, 0.2], "texture": "#0"},
				"down": {"uv": [0, 0, 1.6, 0.2], "texture": "#0"}
			}
		},
		{
			"from": [-0.07388, 22.90663, -0.1],
			"to": [1.07612, 23.90663, 0.3],
			"rotation": {"angle": 0, "axis": "y", "origin": [0.07612, 36.70663, 0.1]},
			"faces": {
				"north": {"uv": [0, 1, 1.15, 2], "texture": "#1"},
				"east": {"uv": [0, 1, 0.4, 2], "texture": "#1"},
				"south": {"uv": [0, 1, 1.15, 2], "texture": "#1"},
				"west": {"uv": [0, 1, 0.4, 2], "texture": "#1"},
				"up": {"uv": [0, 0.2, 1.15, 0.6], "texture": "#1"},
				"down": {"uv": [0, 0.2, 1.15, 0.6], "texture": "#1"}
			}
		},
		{
			"from": [3.17958, 17.26197, -0.1],
			"to": [4.17958, 20.26197, 0.3],
			"rotation": {"angle": 0, "axis": "y", "origin": [1.67958, 18.76197, 0.2]},
			"faces": {
				"north": {"uv": [0, 0, 3, 1], "rotation": 270, "texture": "#1"},
				"east": {"uv": [0, 0, 3, 0.4], "rotation": 90, "texture": "#1"},
				"south": {"uv": [0, 0, 3, 1], "rotation": 90, "texture": "#1"},
				"west": {"uv": [0, 0, 3, 0.4], "rotation": 90, "texture": "#1"},
				"up": {"uv": [0, 0, 0.4, 1], "rotation": 90, "texture": "#1"},
				"down": {"uv": [0, 0, 0.4, 1], "rotation": 90, "texture": "#1"}
			}
		},
		{
			"from": [-1, 14, -0.1],
			"to": [2, 15, 0.3],
			"rotation": {"angle": 0, "axis": "y", "origin": [0, 0, 0.1]},
			"faces": {
				"north": {"uv": [0, 0, 3, 1], "texture": "#1"},
				"east": {"uv": [0, 0, 0.4, 1], "texture": "#1"},
				"south": {"uv": [0, 0, 3, 1], "texture": "#1"},
				"west": {"uv": [0, 0, 0.4, 1], "texture": "#1"},
				"up": {"uv": [0, 0, 3, 0.4], "texture": "#1"},
				"down": {"uv": [0, 0, 3, 0.4], "texture": "#1"}
			}
		},
		{
			"from": [3.25466, 18.88452, -0.1],
			"to": [4.25466, 20.88452, 0.3],
			"rotation": {"angle": 22.5, "axis": "z", "origin": [0.75466, 19.38452, 0.2]},
			"faces": {
				"north": {"uv": [2, 1, 4, 2], "rotation": 270, "texture": "#1"},
				"east": {"uv": [2, 0.2, 4, 0.6], "rotation": 90, "texture": "#1"},
				"south": {"uv": [2, 1, 4, 2], "rotation": 90, "texture": "#1"},
				"west": {"uv": [2, 0.2, 4, 0.6], "rotation": 90, "texture": "#1"},
				"up": {"uv": [0.2, 1, 0.6, 2], "rotation": 90, "texture": "#1"},
				"down": {"uv": [0.2, 1, 0.6, 2], "rotation": 90, "texture": "#1"}
			}
		},
		{
			"from": [1.20711, 21.60973, -0.1],
			"to": [3.20711, 22.60973, 0.3],
			"rotation": {"angle": -45, "axis": "z", "origin": [2.70711, 22.10973, 0.2]},
			"faces": {
				"north": {"uv": [2, 1, 4, 2], "texture": "#1"},
				"east": {"uv": [0.2, 1, 0.6, 2], "texture": "#1"},
				"south": {"uv": [2, 1, 4, 2], "texture": "#1"},
				"west": {"uv": [0.2, 1, 0.6, 2], "texture": "#1"},
				"up": {"uv": [2, 0.2, 4, 0.6], "texture": "#1"},
				"down": {"uv": [2, 0.2, 4, 0.6], "texture": "#1"}
			}
		},
		{
			"from": [0.84672, 22.75335, -0.1],
			"to": [1.84672, 23.75335, 0.3],
			"rotation": {"angle": -22.5, "axis": "z", "origin": [1.34672, 23.25335, 0.2]},
			"faces": {
				"north": {"uv": [2, 1, 3, 2], "texture": "#1"},
				"east": {"uv": [0.2, 1, 0.6, 2], "texture": "#1"},
				"south": {"uv": [2, 1, 3, 2], "texture": "#1"},
				"west": {"uv": [0.2, 1, 0.6, 2], "texture": "#1"},
				"up": {"uv": [2, 0.2, 3, 0.6], "texture": "#1"},
				"down": {"uv": [2, 0.2, 3, 0.6], "texture": "#1"}
			}
		},
		{
			"from": [-0.84672, 22.75335, -0.1],
			"to": [0.15328, 23.75335, 0.3],
			"rotation": {"angle": 22.5, "axis": "z", "origin": [-0.34672, 23.25335, 0.2]},
			"faces": {
				"north": {"uv": [2, 1, 3, 2], "texture": "#1"},
				"east": {"uv": [0.2, 1, 0.6, 2], "texture": "#1"},
				"south": {"uv": [2, 1, 3, 2], "texture": "#1"},
				"west": {"uv": [0.2, 1, 0.6, 2], "texture": "#1"},
				"up": {"uv": [2, 0.2, 3, 0.6], "texture": "#1"},
				"down": {"uv": [2, 0.2, 3, 0.6], "texture": "#1"}
			}
		},
		{
			"from": [-3.25466, 18.88452, -0.1],
			"to": [-2.25466, 20.88452, 0.3],
			"rotation": {"angle": -22.5, "axis": "z", "origin": [0.24534, 19.38452, 0.2]},
			"faces": {
				"north": {"uv": [2, 0, 4, 1], "rotation": 270, "texture": "#1"},
				"east": {"uv": [2, 0, 4, 0.4], "rotation": 90, "texture": "#1"},
				"south": {"uv": [2, 0, 4, 1], "rotation": 90, "texture": "#1"},
				"west": {"uv": [2, 0, 4, 0.4], "rotation": 90, "texture": "#1"},
				"up": {"uv": [0.2, 0, 0.6, 1], "rotation": 90, "texture": "#1"},
				"down": {"uv": [0.2, 0, 0.6, 1], "rotation": 90, "texture": "#1"}
			}
		},
		{
			"from": [-2.20711, 21.60973, -0.1],
			"to": [-0.20711, 22.60973, 0.3],
			"rotation": {"angle": 45, "axis": "z", "origin": [-1.70711, 22.10973, 0.2]},
			"faces": {
				"north": {"uv": [0, 1, 2, 2], "texture": "#1"},
				"east": {"uv": [0, 1, 0.4, 2], "texture": "#1"},
				"south": {"uv": [0, 1, 2, 2], "texture": "#1"},
				"west": {"uv": [0, 1, 0.4, 2], "texture": "#1"},
				"up": {"uv": [0, 0.2, 2, 0.6], "texture": "#1"},
				"down": {"uv": [0, 0.2, 2, 0.6], "texture": "#1"}
			}
		},
		{
			"from": [-3.25466, 16.63942, -0.1],
			"to": [-2.25466, 18.63942, 0.3],
			"rotation": {"angle": 22.5, "axis": "z", "origin": [0.24534, 18.13942, 0.2]},
			"faces": {
				"north": {"uv": [0, 0, 2, 1], "rotation": 270, "texture": "#1"},
				"east": {"uv": [0, 0, 2, 0.4], "rotation": 90, "texture": "#1"},
				"south": {"uv": [0, 0, 2, 1], "rotation": 90, "texture": "#1"},
				"west": {"uv": [0, 0, 2, 0.4], "rotation": 90, "texture": "#1"},
				"up": {"uv": [0, 0, 0.4, 1], "rotation": 90, "texture": "#1"},
				"down": {"uv": [0, 0, 0.4, 1], "rotation": 90, "texture": "#1"}
			}
		},
		{
			"from": [1.20711, 14.91421, -0.1],
			"to": [3.20711, 15.91421, 0.3],
			"rotation": {"angle": 45, "axis": "z", "origin": [2.70711, 15.41421, 0.2]},
			"faces": {
				"north": {"uv": [2, 0, 4, 1], "texture": "#1"},
				"east": {"uv": [0.2, 0, 0.6, 1], "texture": "#1"},
				"south": {"uv": [2, 0, 4, 1], "texture": "#1"},
				"west": {"uv": [0.2, 0, 0.6, 1], "texture": "#1"},
				"up": {"uv": [2, 0, 4, 0.4], "texture": "#1"},
				"down": {"uv": [2, 0, 4, 0.4], "texture": "#1"}
			}
		},
		{
			"from": [3.25466, 16.63942, -0.1],
			"to": [4.25466, 18.63942, 0.3],
			"rotation": {"angle": -22.5, "axis": "z", "origin": [0.75466, 18.13942, 0.2]},
			"faces": {
				"north": {"uv": [0, 1, 2, 2], "rotation": 270, "texture": "#1"},
				"east": {"uv": [0, 0.2, 2, 0.6], "rotation": 90, "texture": "#1"},
				"south": {"uv": [0, 1, 2, 2], "rotation": 90, "texture": "#1"},
				"west": {"uv": [0, 0.2, 2, 0.6], "rotation": 90, "texture": "#1"},
				"up": {"uv": [0, 1, 0.4, 2], "rotation": 90, "texture": "#1"},
				"down": {"uv": [0, 1, 0.4, 2], "rotation": 90, "texture": "#1"}
			}
		},
		{
			"from": [-3.17958, 17.26197, -0.1],
			"to": [-2.17958, 20.26197, 0.3],
			"rotation": {"angle": 0, "axis": "y", "origin": [0.32042, 18.76197, 0.2]},
			"faces": {
				"north": {"uv": [0, 0, 3, 1], "rotation": 270, "texture": "#1"},
				"east": {"uv": [0, 0, 3, 0.4], "rotation": 90, "texture": "#1"},
				"south": {"uv": [0, 0, 3, 1], "rotation": 90, "texture": "#1"},
				"west": {"uv": [0, 0, 3, 0.4], "rotation": 90, "texture": "#1"},
				"up": {"uv": [0, 0, 0.4, 1], "rotation": 90, "texture": "#1"},
				"down": {"uv": [0, 0, 0.4, 1], "rotation": 90, "texture": "#1"}
			}
		},
		{
			"from": [-2.20711, 14.91421, -0.1],
			"to": [-0.20711, 15.91421, 0.3],
			"rotation": {"angle": -45, "axis": "z", "origin": [-1.70711, 15.41421, 0.2]},
			"faces": {
				"north": {"uv": [0, 0, 2, 1], "texture": "#1"},
				"east": {"uv": [0, 0, 0.4, 1], "texture": "#1"},
				"south": {"uv": [0, 0, 2, 1], "texture": "#1"},
				"west": {"uv": [0, 0, 0.4, 1], "texture": "#1"},
				"up": {"uv": [0, 0, 2, 0.4], "texture": "#1"},
				"down": {"uv": [0, 0, 2, 0.4], "texture": "#1"}
			}
		},
		{
			"from": [-0.1, 0, 0],
			"to": [1.1, 14, 0.2],
			"faces": {
				"north": {"uv": [0, 0, 1.2, 14], "texture": "#1"},
				"east": {"uv": [0, 0, 0.2, 14], "texture": "#1"},
				"south": {"uv": [0, 0, 1.2, 14], "texture": "#1"},
				"west": {"uv": [0, 0, 0.2, 14], "texture": "#1"},
				"up": {"uv": [0, 0, 1.2, 0.2], "texture": "#1"},
				"down": {"uv": [0, 0, 1.2, 0.2], "texture": "#1"}
			}
		},
		{
			"from": [0.03214, 15.65799, 0.282],
			"to": [0.97514, 22.97799, 0.446],
			"rotation": {"angle": 0, "axis": "y", "origin": [0.15514, 33.47399, 0.282]},
			"faces": {
				"north": {"uv": [0, 1, 1.15, 2], "texture": "#0"},
				"east": {"uv": [0, 1, 0.2, 2], "texture": "#0"},
				"south": {"uv": [0, 1, 1.15, 2], "texture": "#0"},
				"west": {"uv": [0, 1, 0.2, 2], "texture": "#0"},
				"up": {"uv": [0, 0.2, 1.15, 0.4], "texture": "#0"},
				"down": {"uv": [0, 0.2, 1.15, 0.4], "texture": "#0"}
			}
		},
		{
			"from": [-1.70002, 17.52938, 0.282],
			"to": [3.51998, 19.98938, 0.446],
			"rotation": {"angle": 0, "axis": "y", "origin": [1.46998, 18.75938, 0.364]},
			"faces": {
				"north": {"uv": [0, 0, 3, 1], "rotation": 270, "texture": "#0"},
				"east": {"uv": [0, 0, 3, 0.2], "rotation": 90, "texture": "#0"},
				"south": {"uv": [0, 0, 3, 1], "rotation": 90, "texture": "#0"},
				"west": {"uv": [0, 0, 3, 0.2], "rotation": 90, "texture": "#0"},
				"up": {"uv": [0, 0, 0.2, 1], "rotation": 90, "texture": "#0"},
				"down": {"uv": [0, 0, 0.2, 1], "rotation": 90, "texture": "#0"}
			}
		},
		{
			"from": [-0.72728, 14.85456, 0.282],
			"to": [1.73272, 15.67456, 0.446],
			"rotation": {"angle": 0, "axis": "y", "origin": [0.09272, 3.37456, 0.282]},
			"faces": {
				"north": {"uv": [0, 0, 3, 1], "texture": "#0"},
				"east": {"uv": [0, 0, 0.2, 1], "texture": "#0"},
				"south": {"uv": [0, 0, 3, 1], "texture": "#0"},
				"west": {"uv": [0, 0, 0.2, 1], "texture": "#0"},
				"up": {"uv": [0, 0, 3, 0.2], "texture": "#0"},
				"down": {"uv": [0, 0, 3, 0.2], "texture": "#0"}
			}
		},
		{
			"from": [0.56154, 18.85987, 0.282],
			"to": [3.58154, 20.49987, 0.446],
			"rotation": {"angle": 22.5, "axis": "z", "origin": [0.71154, 19.26987, 0.364]},
			"faces": {
				"north": {"uv": [2, 1, 4, 2], "rotation": 270, "texture": "#0"},
				"east": {"uv": [2, 0.2, 4, 0.4], "rotation": 90, "texture": "#0"},
				"south": {"uv": [2, 1, 4, 2], "rotation": 90, "texture": "#0"},
				"west": {"uv": [2, 0.2, 4, 0.4], "rotation": 90, "texture": "#0"},
				"up": {"uv": [0.2, 1, 0.4, 2], "rotation": 90, "texture": "#0"},
				"down": {"uv": [0.2, 1, 0.4, 2], "rotation": 90, "texture": "#0"}
			}
		},
		{
			"from": [1.08255, 18.29454, 0.282],
			"to": [2.72255, 21.91454, 0.446],
			"rotation": {"angle": -45, "axis": "z", "origin": [2.31255, 21.50454, 0.364]},
			"faces": {
				"north": {"uv": [2, 1, 4, 2], "texture": "#0"},
				"east": {"uv": [0.2, 1, 0.4, 2], "texture": "#0"},
				"south": {"uv": [2, 1, 4, 2], "texture": "#0"},
				"west": {"uv": [0.2, 1, 0.4, 2], "texture": "#0"},
				"up": {"uv": [2, 0.2, 4, 0.4], "texture": "#0"},
				"down": {"uv": [2, 0.2, 4, 0.4], "texture": "#0"}
			}
		},
		{
			"from": [0.78703, 20.3323, 0.282],
			"to": [1.60703, 22.8523, 0.446],
			"rotation": {"angle": -22.5, "axis": "z", "origin": [1.19703, 22.4423, 0.364]},
			"faces": {
				"north": {"uv": [2, 1, 3, 2], "texture": "#0"},
				"east": {"uv": [0.2, 1, 0.4, 2], "texture": "#0"},
				"south": {"uv": [2, 1, 3, 2], "texture": "#0"},
				"west": {"uv": [0.2, 1, 0.4, 2], "texture": "#0"},
				"up": {"uv": [2, 0.2, 3, 0.4], "texture": "#0"},
				"down": {"uv": [2, 0.2, 3, 0.4], "texture": "#0"}
			}
		},
		{
			"from": [-0.60159, 20.4823, 0.257],
			"to": [0.51841, 22.8523, 0.471],
			"rotation": {"angle": 22.5, "axis": "z", "origin": [-0.19159, 22.4423, 0.364]},
			"faces": {
				"north": {"uv": [2, 1, 3, 2], "texture": "#2"},
				"east": {"uv": [0.2, 1, 0.4, 2], "texture": "#2"},
				"south": {"uv": [2, 1, 3, 2], "texture": "#2"},
				"west": {"uv": [0.2, 1, 0.4, 2], "texture": "#2"},
				"up": {"uv": [2, 0.2, 3, 0.4], "texture": "#2"},
				"down": {"uv": [2, 0.2, 3, 0.4], "texture": "#2"}
			}
		},
		{
			"from": [-2.5761, 18.85987, 0.282],
			"to": [1.0439, 20.49987, 0.446],
			"rotation": {"angle": -22.5, "axis": "z", "origin": [0.2939, 19.26987, 0.364]},
			"faces": {
				"north": {"uv": [2, 0, 4, 1], "rotation": 270, "texture": "#0"},
				"east": {"uv": [2, 0, 4, 0.2], "rotation": 90, "texture": "#0"},
				"south": {"uv": [2, 0, 4, 1], "rotation": 90, "texture": "#0"},
				"west": {"uv": [2, 0, 4, 0.2], "rotation": 90, "texture": "#0"},
				"up": {"uv": [0.2, 0, 0.4, 1], "rotation": 90, "texture": "#0"},
				"down": {"uv": [0.2, 0, 0.4, 1], "rotation": 90, "texture": "#0"}
			}
		},
		{
			"from": [-1.71711, 19.34454, 0.257],
			"to": [-0.07711, 21.91454, 0.471],
			"rotation": {"angle": 45, "axis": "z", "origin": [-1.30711, 21.50454, 0.364]},
			"faces": {
				"north": {"uv": [0, 1, 2, 2], "texture": "#2"},
				"east": {"uv": [0, 1, 0.2, 2], "texture": "#2"},
				"south": {"uv": [0, 1, 2, 2], "texture": "#2"},
				"west": {"uv": [0, 1, 0.2, 2], "texture": "#2"},
				"up": {"uv": [0, 0.2, 2, 0.4], "texture": "#2"},
				"down": {"uv": [0, 0.2, 2, 0.4], "texture": "#2"}
			}
		},
		{
			"from": [-2.5761, 17.01889, 0.282],
			"to": [2.3439, 18.65889, 0.446],
			"rotation": {"angle": 22.5, "axis": "z", "origin": [0.2939, 18.24889, 0.364]},
			"faces": {
				"north": {"uv": [0, 0, 2, 1], "rotation": 270, "texture": "#0"},
				"east": {"uv": [0, 0, 2, 0.2], "rotation": 90, "texture": "#0"},
				"south": {"uv": [0, 0, 2, 1], "rotation": 90, "texture": "#0"},
				"west": {"uv": [0, 0, 2, 0.2], "rotation": 90, "texture": "#0"},
				"up": {"uv": [0, 0, 0.2, 1], "rotation": 90, "texture": "#0"},
				"down": {"uv": [0, 0, 0.2, 1], "rotation": 90, "texture": "#0"}
			}
		},
		{
			"from": [1.08255, 15.60421, 0.282],
			"to": [2.72255, 19.62421, 0.446],
			"rotation": {"angle": 45, "axis": "z", "origin": [2.31255, 16.01421, 0.364]},
			"faces": {
				"north": {"uv": [2, 0, 4, 1], "texture": "#0"},
				"east": {"uv": [0.2, 0, 0.4, 1], "texture": "#0"},
				"south": {"uv": [2, 0, 4, 1], "texture": "#0"},
				"west": {"uv": [0.2, 0, 0.4, 1], "texture": "#0"},
				"up": {"uv": [2, 0, 4, 0.2], "texture": "#0"},
				"down": {"uv": [2, 0, 4, 0.2], "texture": "#0"}
			}
		},
		{
			"from": [0.66154, 17.01889, 0.282],
			"to": [3.58154, 18.65889, 0.446],
			"rotation": {"angle": -22.5, "axis": "z", "origin": [0.71154, 18.24889, 0.364]},
			"faces": {
				"north": {"uv": [0, 1, 2, 2], "rotation": 270, "texture": "#0"},
				"east": {"uv": [0, 0.2, 2, 0.4], "rotation": 90, "texture": "#0"},
				"south": {"uv": [0, 1, 2, 2], "rotation": 90, "texture": "#0"},
				"west": {"uv": [0, 0.2, 2, 0.4], "rotation": 90, "texture": "#0"},
				"up": {"uv": [0, 1, 0.2, 2], "rotation": 90, "texture": "#0"},
				"down": {"uv": [0, 1, 0.2, 2], "rotation": 90, "texture": "#0"}
			}
		},
		{
			"from": [-2.51454, 17.52938, 0.282],
			"to": [-1.69454, 19.98938, 0.446],
			"rotation": {"angle": 0, "axis": "y", "origin": [0.35546, 18.75938, 0.364]},
			"faces": {
				"north": {"uv": [0, 0, 3, 1], "rotation": 270, "texture": "#0"},
				"east": {"uv": [0, 0, 3, 0.2], "rotation": 90, "texture": "#0"},
				"south": {"uv": [0, 0, 3, 1], "rotation": 90, "texture": "#0"},
				"west": {"uv": [0, 0, 3, 0.2], "rotation": 90, "texture": "#0"},
				"up": {"uv": [0, 0, 0.2, 1], "rotation": 90, "texture": "#0"},
				"down": {"uv": [0, 0, 0.2, 1], "rotation": 90, "texture": "#0"}
			}
		},
		{
			"from": [-1.71711, 15.60421, 0.282],
			"to": [-0.07711, 18.22421, 0.446],
			"rotation": {"angle": -45, "axis": "z", "origin": [-1.30711, 16.01421, 0.364]},
			"faces": {
				"north": {"uv": [0, 0, 2, 1], "texture": "#0"},
				"east": {"uv": [0, 0, 0.2, 1], "texture": "#0"},
				"south": {"uv": [0, 0, 2, 1], "texture": "#0"},
				"west": {"uv": [0, 0, 0.2, 1], "texture": "#0"},
				"up": {"uv": [0, 0, 2, 0.2], "texture": "#0"},
				"down": {"uv": [0, 0, 2, 0.2], "texture": "#0"}
			}
		}
	],
	"display": {
		"thirdperson_righthand": {
			"rotation": [0, 90, 0],
			"translation": [7.5, 2.75, -7.25]
		},
		"thirdperson_lefthand": {
			"rotation": [0, 90, 0],
			"translation": [7.75, 2.75, 7.75]
		},
		"firstperson_righthand": {
			"rotation": [0, 90, -13],
			"translation": [10.75, 0.75, -6.25],
			"scale": [0.74, 0.74, 0.74]
		},
		"firstperson_lefthand": {
			"rotation": [0, 90, -13],
			"translation": [10, 2.75, 4.5],
			"scale": [0.74, 0.74, 0.74]
		},
		"gui": {
			"translation": [3.5, -1, 0],
			"scale": [0.5, 0.52, 0.5]
		}
	},
	"groups": [
		{
			"name": "group",
			"origin": [0, 0, 0],
			"color": 0,
			"nbt": "{}",
			"armAnimationEnabled": false,
			"children": [0, 1, 2, 3, 4]
		},
		{
			"name": "group",
			"origin": [-1.70711, 15.41421, 0.1],
			"color": 0,
			"nbt": "{}",
			"armAnimationEnabled": false,
			"children": [5, 6, 7, 8, 9, 10, 11, 12, 13, 14, 15, 16, 17, 18]
		},
		{
			"name": "group",
			"origin": [0, 0, 0],
			"color": 0,
			"nbt": "{}",
			"armAnimationEnabled": false,
			"children": [19]
		},
		{
			"name": "group",
			"origin": [-1.70711, 15.41421, 0.1],
			"color": 0,
			"nbt": "{}",
			"armAnimationEnabled": false,
			"children": [20, 21, 22, 23, 24, 25, 26, 27, 28, 29, 30, 31, 32, 33]
		}
	]
}