{
	"credit": "Made with Blockbench",
	"texture_size": [32, 32],
	"textures": {
		"0": "stp/item_skin/miecze/thanos",
		"1": "block/gold_block",
		"particle": "stp/item_skin/miecze/thanos"
	},
	"elements": [
		{
			"from": [5, 0, 4],
			"to": [10, 7, 9],
			"rotation": {"angle": 0, "axis": "y", "origin": [5, 0, 4]},
			"faces": {
				"north": {"uv": [0, 0, 16, 16], "texture": "#1"},
				"east": {"uv": [2.5, 0, 16, 16], "texture": "#1"},
				"south": {"uv": [0, 3.5, 16, 16], "texture": "#1"},
				"west": {"uv": [2.5, 3.5, 16, 16], "texture": "#1"},
				"up": {"uv": [16, 15.5, 5, 0], "texture": "#1"},
				"down": {"uv": [16, 2.5, 5, 16], "texture": "#1"}
			}
		},
		{
			"from": [5.2, 7, 4.4],
			"to": [9.8, 8.5, 8.5],
			"rotation": {"angle": 0, "axis": "y", "origin": [5, 7, 4]},
			"faces": {
				"north": {"uv": [5, 7.5, 16, 16], "texture": "#1"},
				"east": {"uv": [7.5, 7, 16, 16], "texture": "#1"},
				"south": {"uv": [7.5, 6, 16, 16], "texture": "#1"},
				"west": {"uv": [2.5, 8, 16, 16], "texture": "#1"},
				"up": {"uv": [16, 16, 5, 5], "texture": "#1"},
				"down": {"uv": [16, 7, 0, 16], "texture": "#1"}
			}
		},
		{
			"from": [5.1, 7, 4.2],
			"to": [6.15, 8.7, 6.3],
			"rotation": {"angle": 0, "axis": "y", "origin": [5, 7, 4]},
			"faces": {
				"north": {"uv": [10, 0, 16, 13.875], "texture": "#1"},
				"east": {"uv": [8.5, 5, 16, 16], "texture": "#1"},
				"south": {"uv": [4, 10, 16, 16], "texture": "#1"},
				"west": {"uv": [6, 8.5, 16, 16], "texture": "#1"},
				"up": {"uv": [16, 16, 9.5, 3], "texture": "#1"},
				"down": {"uv": [16, 9.5, 6, 16], "texture": "#1"}
			}
		},
		{
			"from": [6.25, 7, 4.2],
			"to": [7.3, 8.7, 6.3],
			"rotation": {"angle": 0, "axis": "y", "origin": [6.15, 7, 4]},
			"faces": {
				"north": {"uv": [4.5, 10, 16, 16], "texture": "#1"},
				"east": {"uv": [8.5, 8, 16, 16], "texture": "#1"},
				"south": {"uv": [10, 4.5, 16, 16], "texture": "#1"},
				"west": {"uv": [2.5, 9, 16, 16], "texture": "#1"},
				"up": {"uv": [16, 16, 6.5, 9.5], "texture": "#1"},
				"down": {"uv": [16, 9.5, 7, 16], "texture": "#1"}
			}
		},
		{
			"from": [7.4, 7, 4.2],
			"to": [8.45, 8.8, 6.3],
			"rotation": {"angle": 0, "axis": "y", "origin": [7.3, 7, 4]},
			"faces": {
				"north": {"uv": [10, 5.5, 16, 16], "texture": "#1"},
				"east": {"uv": [8.5, 9, 16, 16], "texture": "#1"},
				"south": {"uv": [10, 6.5, 16, 16], "texture": "#1"},
				"west": {"uv": [0, 9.5, 16, 16], "texture": "#1"},
				"up": {"uv": [16, 16, 2.5, 10], "texture": "#1"},
				"down": {"uv": [16, 10, 3, 16], "texture": "#1"}
			}
		},
		{
			"from": [8.5, 7, 4.2],
			"to": [9.55, 8.7, 6.3],
			"rotation": {"angle": 0, "axis": "y", "origin": [8.4, 7, 4]},
			"faces": {
				"north": {"uv": [7.5, 10, 16, 16], "texture": "#1"},
				"east": {"uv": [9.5, 1, 16, 14.875], "texture": "#1"},
				"south": {"uv": [10, 7.5, 16, 16], "texture": "#1"},
				"west": {"uv": [9.5, 2, 16, 15.875], "texture": "#1"},
				"up": {"uv": [16, 16, 10, 3], "texture": "#1"},
				"down": {"uv": [16, 10, 3.5, 16], "texture": "#1"}
			}
		},
		{
			"from": [8.8, 5, 7.8],
			"to": [10.05, 8.6, 9.1],
			"rotation": {"angle": 0, "axis": "y", "origin": [9.1, 7, 6.8]},
			"faces": {
				"north": {"uv": [7.5, 8, 16, 16], "texture": "#1"},
				"east": {"uv": [8.5, 1, 16, 15.8125], "texture": "#1"},
				"south": {"uv": [8.5, 3, 16, 16], "texture": "#1"},
				"west": {"uv": [5, 8.5, 16, 16], "texture": "#1"},
				"up": {"uv": [16, 16, 8, 10], "texture": "#1"},
				"down": {"uv": [16, 8.5, 10, 16], "texture": "#1"}
			}
		},
		{
			"from": [8.7, 7.5, 4],
			"to": [9.3, 8.1, 4.4],
			"rotation": {"angle": 0, "axis": "y", "origin": [7, 2.8, 4]},
			"faces": {
				"north": {"uv": [10.5, 0.5, 10.8125, 0.8125], "texture": "#0"},
				"east": {"uv": [5, 10.5, 5.1875, 10.8125], "texture": "#0"},
				"south": {"uv": [1, 10.5, 1.3125, 10.8125], "texture": "#0"},
				"west": {"uv": [10.5, 5, 10.6875, 5.3125], "texture": "#0"},
				"up": {"uv": [5.8125, 10.6875, 5.5, 10.5], "texture": "#0"},
				"down": {"uv": [10.8125, 5.5, 10.5, 5.6875], "texture": "#0"}
			}
		},
		{
			"from": [7.6, 7.5, 4],
			"to": [8.2, 8.1, 4.4],
			"rotation": {"angle": 0, "axis": "y", "origin": [5.9, 2.8, 4]},
			"faces": {
				"north": {"uv": [1.5, 10.5, 1.8125, 10.8125], "texture": "#0"},
				"east": {"uv": [10.5, 6, 10.6875, 6.3125], "texture": "#0"},
				"south": {"uv": [2, 10.5, 2.3125, 10.8125], "texture": "#0"},
				"west": {"uv": [10.5, 6.5, 10.6875, 6.8125], "texture": "#0"},
				"up": {"uv": [10.8125, 7.1875, 10.5, 7], "texture": "#0"},
				"down": {"uv": [10.8125, 7.5, 10.5, 7.6875], "texture": "#0"}
			}
		},
		{
			"from": [6.5, 7.5, 4],
			"to": [7.1, 8.1, 4.4],
			"rotation": {"angle": 0, "axis": "y", "origin": [4.8, 2.8, 4]},
			"faces": {
				"north": {"uv": [10.5, 3, 10.8125, 3.3125], "texture": "#0"},
				"east": {"uv": [10.5, 8, 10.6875, 8.3125], "texture": "#0"},
				"south": {"uv": [10.5, 3.5, 10.8125, 3.8125], "texture": "#0"},
				"west": {"uv": [9, 10.5, 9.1875, 10.8125], "texture": "#0"},
				"up": {"uv": [9.8125, 10.6875, 9.5, 10.5], "texture": "#0"},
				"down": {"uv": [10.3125, 10.5, 10, 10.6875], "texture": "#0"}
			}
		},
		{
			"from": [5.3, 7.5, 4],
			"to": [5.9, 8.1, 4.4],
			"rotation": {"angle": 0, "axis": "y", "origin": [3.6, 2.8, 4]},
			"faces": {
				"north": {"uv": [10.5, 4, 10.8125, 4.3125], "texture": "#0"},
				"east": {"uv": [10.5, 10.5, 10.6875, 10.8125], "texture": "#0"},
				"south": {"uv": [10.5, 4.5, 10.8125, 4.8125], "texture": "#0"},
				"west": {"uv": [0, 11, 0.1875, 11.3125], "texture": "#0"},
				"up": {"uv": [11.3125, 0.1875, 11, 0], "texture": "#0"},
				"down": {"uv": [0.8125, 11, 0.5, 11.1875], "texture": "#0"}
			}
		},
		{
			"from": [9, 6.8, 8],
			"to": [10.25, 7.7, 8.9],
			"rotation": {"angle": 0, "axis": "y", "origin": [9.3, 7.5, 6.8]},
			"faces": {
				"north": {"uv": [9, 10, 9.625, 10.4375], "texture": "#0"},
				"east": {"uv": [9.5, 4.5, 9.9375, 4.9375], "texture": "#0"},
				"south": {"uv": [10, 9.5, 10.625, 9.9375], "texture": "#0"},
				"west": {"uv": [10.5, 0, 10.9375, 0.4375], "texture": "#0"},
				"up": {"uv": [10.625, 10.4375, 10, 10], "texture": "#0"},
				"down": {"uv": [0.625, 10.5, 0, 10.9375], "texture": "#0"}
			}
		},
		{
			"from": [6.6, 3.4, 3.8],
			"to": [8.2, 5.4, 8.8],
			"rotation": {"angle": 0, "axis": "y", "origin": [5.6, -0.4, 3.8]},
			"faces": {
				"north": {"uv": [4, 9, 4.8125, 10], "texture": "#0"},
				"east": {"uv": [2.5, 7, 5, 8], "texture": "#0"},
				"south": {"uv": [1.5, 9.5, 2.3125, 10.5], "texture": "#0"},
				"west": {"uv": [7.5, 0, 10, 1], "texture": "#0"},
				"up": {"uv": [8.3125, 3.5, 7.5, 1], "texture": "#0"},
				"down": {"uv": [8.3125, 3.5, 7.5, 6], "texture": "#0"}
			}
		}
	],
	"display": {
		"thirdperson_righthand": {
			"rotation": [-90, -180, 0],
			"translation": [-0.5, -3.5, -3.75]
		},
		"thirdperson_lefthand": {
			"rotation": [-90, -180, 0],
			"translation": [0.25, -3.5, -3.75]
		},
		"firstperson_righthand": {
			"rotation": [0, -180, 0],
			"translation": [1, 5, 0],
			"scale": [0.65, 0.65, 0.66]
		},
		"firstperson_lefthand": {
			"rotation": [0, -180, 0],
			"translation": [1, 5, 0.5],
			"scale": [0.65, 0.65, 0.66]
		},
		"gui": {
			"rotation": [0, -180, 0],
			"translation": [0, 4, 0]
		},
		"fixed": {
			"translation": [0, 4.5, 0]
		}
	},
	"groups": [
		{
			"name": "group",
			"origin": [9.1, 7, 6.8],
			"color": 0,
			"children": [0, 1, 2, 3, 4, 5, 6]
		},
		{
			"name": "group",
			"origin": [5.6, -0.4, 3.8],
			"color": 0,
			"children": [7, 8, 9, 10, 11, 12]
		}
	]
}