{
	"credit": "Made with Blockbench",
	"texture_size": [32, 32],
	"textures": {
		"0": "block/light_gray_concrete",
		"1": "block/gray_concrete",
		"2": "block/black_concrete",
		"3": "block/red_concrete",
		"particle": "block/light_gray_concrete"
	},
	"elements": [
		{
			"from": [4.6, 19, 6.3],
			"to": [12.6, 23, 10.3],
			"rotation": {"angle": 0, "axis": "y", "origin": [-1.4, 0, 0]},
			"faces": {
				"north": {"uv": [0, 0, 4, 2], "texture": "#1"},
				"east": {"uv": [4, 2, 6, 4], "texture": "#1"},
				"south": {"uv": [0, 2, 4, 4], "texture": "#1"},
				"west": {"uv": [4, 4, 6, 6], "texture": "#1"},
				"up": {"uv": [4, 6, 0, 4], "texture": "#1"},
				"down": {"uv": [8, 0, 4, 2], "texture": "#1"}
			}
		},
		{
			"from": [4.2, 19, 9.1],
			"to": [4.6, 20.4, 10.3],
			"rotation": {"angle": 0, "axis": "y", "origin": [-1.4, 0, 0]},
			"faces": {
				"north": {"uv": [6, 5.5, 6.5, 6], "texture": "#1"},
				"east": {"uv": [2, 6.5, 2.5, 7], "texture": "#1"},
				"south": {"uv": [2.5, 6.5, 3, 7], "texture": "#1"},
				"west": {"uv": [3, 6.5, 3.5, 7], "texture": "#1"},
				"up": {"uv": [4, 7, 3.5, 6.5], "texture": "#1"},
				"down": {"uv": [5.5, 6.5, 5, 7], "texture": "#1"}
			}
		},
		{
			"from": [11.92771, 19.55019, 9.1],
			"to": [12.32771, 20.85019, 10.3],
			"rotation": {"angle": 22.5, "axis": "z", "origin": [6.32771, 0.55019, 0]},
			"faces": {
				"north": {"uv": [5.5, 6.5, 6, 7], "texture": "#1"},
				"east": {"uv": [6.5, 5.5, 7, 6], "texture": "#1"},
				"south": {"uv": [6, 6.5, 6.5, 7], "texture": "#1"},
				"west": {"uv": [6.5, 6.5, 7, 7], "texture": "#1"},
				"up": {"uv": [2.5, 7.5, 2, 7], "texture": "#1"},
				"down": {"uv": [3, 7, 2.5, 7.5], "texture": "#1"}
			}
		},
		{
			"from": [18.8949, 22.92337, 9.1],
			"to": [19.2949, 24.22337, 10.3],
			"rotation": {"angle": 45, "axis": "z", "origin": [13.2949, 3.92337, 0]},
			"faces": {
				"north": {"uv": [3, 7, 3.5, 7.5], "texture": "#1"},
				"east": {"uv": [7, 3, 7.5, 3.5], "texture": "#1"},
				"south": {"uv": [3.5, 7, 4, 7.5], "texture": "#1"},
				"west": {"uv": [7, 3.5, 7.5, 4], "texture": "#1"},
				"up": {"uv": [4.5, 7.5, 4, 7], "texture": "#1"},
				"down": {"uv": [5, 7, 4.5, 7.5], "texture": "#1"}
			}
		},
		{
			"from": [-1.85912, 15.30602, 9.1],
			"to": [-0.55912, 15.70602, 10.3],
			"rotation": {"angle": -22.5, "axis": "z", "origin": [18.44088, 9.70602, 0]},
			"faces": {
				"north": {"uv": [5, 7, 5.5, 7.5], "texture": "#1"},
				"east": {"uv": [5.5, 7, 6, 7.5], "texture": "#1"},
				"south": {"uv": [7, 5.5, 7.5, 6], "texture": "#1"},
				"west": {"uv": [6, 7, 6.5, 7.5], "texture": "#1"},
				"up": {"uv": [7.5, 6.5, 7, 6], "texture": "#1"},
				"down": {"uv": [7, 7, 6.5, 7.5], "texture": "#1"}
			}
		},
		{
			"from": [0.68223, 22.61777, 9.1],
			"to": [4.78223, 23.01777, 10.3],
			"rotation": {"angle": 0, "axis": "y", "origin": [20.98223, 17.01777, 0]},
			"faces": {
				"north": {"uv": [0, 6, 2, 6.5], "texture": "#1"},
				"east": {"uv": [7, 6.5, 7.5, 7], "texture": "#1"},
				"south": {"uv": [2, 6, 4, 6.5], "texture": "#1"},
				"west": {"uv": [7, 7, 7.5, 7.5], "texture": "#1"},
				"up": {"uv": [8, 2.5, 6, 2], "texture": "#1"},
				"down": {"uv": [8, 2.5, 6, 3], "texture": "#1"}
			}
		},
		{
			"from": [12.6, 20, 7.3],
			"to": [13, 22, 9.3],
			"rotation": {"angle": 0, "axis": "y", "origin": [-1.4, 0, 0]},
			"faces": {
				"north": {"uv": [0, 6.5, 0.5, 7.5], "texture": "#1"},
				"east": {"uv": [6, 3, 7, 4], "texture": "#1"},
				"south": {"uv": [0.5, 6.5, 1, 7.5], "texture": "#1"},
				"west": {"uv": [4, 6, 5, 7], "texture": "#1"},
				"up": {"uv": [1.5, 7.5, 1, 6.5], "texture": "#1"},
				"down": {"uv": [2, 6.5, 1.5, 7.5], "texture": "#1"}
			}
		},
		{
			"from": [4.2, 19, 6.3],
			"to": [4.6, 20.4, 7.5],
			"rotation": {"angle": 0, "axis": "y", "origin": [-1.4, 0, -2.8]},
			"faces": {
				"north": {"uv": [0, 7.5, 0.5, 8], "texture": "#1"},
				"east": {"uv": [0.5, 7.5, 1, 8], "texture": "#1"},
				"south": {"uv": [1, 7.5, 1.5, 8], "texture": "#1"},
				"west": {"uv": [1.5, 7.5, 2, 8], "texture": "#1"},
				"up": {"uv": [2.5, 8, 2, 7.5], "texture": "#1"},
				"down": {"uv": [3, 7.5, 2.5, 8], "texture": "#1"}
			}
		},
		{
			"from": [11.92771, 19.55019, 6.3],
			"to": [12.32771, 20.85019, 7.5],
			"rotation": {"angle": 22.5, "axis": "z", "origin": [6.32771, 0.55019, -2.8]},
			"faces": {
				"north": {"uv": [3, 7.5, 3.5, 8], "texture": "#1"},
				"east": {"uv": [7.5, 3, 8, 3.5], "texture": "#1"},
				"south": {"uv": [3.5, 7.5, 4, 8], "texture": "#1"},
				"west": {"uv": [7.5, 3.5, 8, 4], "texture": "#1"},
				"up": {"uv": [4.5, 8, 4, 7.5], "texture": "#1"},
				"down": {"uv": [5, 7.5, 4.5, 8], "texture": "#1"}
			}
		},
		{
			"from": [18.8949, 22.92337, 6.3],
			"to": [19.2949, 24.22337, 7.5],
			"rotation": {"angle": 45, "axis": "z", "origin": [13.2949, 3.92337, -2.8]},
			"faces": {
				"north": {"uv": [5, 7.5, 5.5, 8], "texture": "#1"},
				"east": {"uv": [5.5, 7.5, 6, 8], "texture": "#1"},
				"south": {"uv": [7.5, 5.5, 8, 6], "texture": "#1"},
				"west": {"uv": [6, 7.5, 6.5, 8], "texture": "#1"},
				"up": {"uv": [8, 6.5, 7.5, 6], "texture": "#1"},
				"down": {"uv": [7, 7.5, 6.5, 8], "texture": "#1"}
			}
		},
		{
			"from": [-1.85912, 15.30602, 6.3],
			"to": [-0.55912, 15.70602, 7.5],
			"rotation": {"angle": -22.5, "axis": "z", "origin": [18.44088, 9.70602, -2.8]},
			"faces": {
				"north": {"uv": [7.5, 6.5, 8, 7], "texture": "#1"},
				"east": {"uv": [7, 7.5, 7.5, 8], "texture": "#1"},
				"south": {"uv": [7.5, 7, 8, 7.5], "texture": "#1"},
				"west": {"uv": [7.5, 7.5, 8, 8], "texture": "#1"},
				"up": {"uv": [0.5, 8.5, 0, 8], "texture": "#1"},
				"down": {"uv": [8.5, 0, 8, 0.5], "texture": "#1"}
			}
		},
		{
			"from": [0.23204, 30.34548, 6.3],
			"to": [1.53204, 30.74548, 7.5],
			"rotation": {"angle": 22.5, "axis": "z", "origin": [20.53204, 24.74548, -2.8]},
			"faces": {
				"north": {"uv": [0.5, 8, 1, 8.5], "texture": "#1"},
				"east": {"uv": [8, 0.5, 8.5, 1], "texture": "#1"},
				"south": {"uv": [1, 8, 1.5, 8.5], "texture": "#1"},
				"west": {"uv": [8, 1, 8.5, 1.5], "texture": "#1"},
				"up": {"uv": [2, 8.5, 1.5, 8], "texture": "#1"},
				"down": {"uv": [8.5, 1.5, 8, 2], "texture": "#1"}
			}
		},
		{
			"from": [0.68223, 22.61777, 6.3],
			"to": [4.68223, 23.01777, 7.5],
			"rotation": {"angle": 0, "axis": "y", "origin": [20.98223, 17.01777, -2.8]},
			"faces": {
				"north": {"uv": [6, 4, 8, 4.5], "texture": "#1"},
				"east": {"uv": [2, 8, 2.5, 8.5], "texture": "#1"},
				"south": {"uv": [6, 4.5, 8, 5], "texture": "#1"},
				"west": {"uv": [8, 2, 8.5, 2.5], "texture": "#1"},
				"up": {"uv": [7, 6.5, 5, 6], "texture": "#1"},
				"down": {"uv": [8, 5, 6, 5.5], "texture": "#1"}
			}
		},
		{
			"from": [0.23204, 30.34548, 9.1],
			"to": [1.53204, 30.74548, 10.3],
			"rotation": {"angle": 22.5, "axis": "z", "origin": [20.53204, 24.74548, 0]},
			"faces": {
				"north": {"uv": [2.5, 8, 3, 8.5], "texture": "#1"},
				"east": {"uv": [8, 2.5, 8.5, 3], "texture": "#1"},
				"south": {"uv": [3, 8, 3.5, 8.5], "texture": "#1"},
				"west": {"uv": [8, 3, 8.5, 3.5], "texture": "#1"},
				"up": {"uv": [4, 8.5, 3.5, 8], "texture": "#1"},
				"down": {"uv": [8.5, 3.5, 8, 4], "texture": "#1"}
			}
		},
		{
			"from": [14, 19.39551, 17.5958],
			"to": [14.3, 19.59551, 18.3958],
			"rotation": {"angle": -22.5, "axis": "x", "origin": [-1.4, -5.20449, 5.6958]},
			"faces": {
				"north": {"uv": [0, 0, 1, 1], "texture": "#2"},
				"east": {"uv": [0, 1, 1, 2], "texture": "#2"},
				"south": {"uv": [1, 0, 2, 1], "texture": "#2"},
				"west": {"uv": [1, 1, 2, 2], "texture": "#2"},
				"up": {"uv": [1, 3, 0, 2], "texture": "#2"},
				"down": {"uv": [3, 0, 2, 1], "texture": "#2"}
			}
		},
		{
			"from": [14, 23.9, -0.1],
			"to": [14.3, 24.1, 0.7],
			"rotation": {"angle": 22.5, "axis": "x", "origin": [-1.4, 0, 0]},
			"faces": {
				"north": {"uv": [1, 2, 2, 3], "texture": "#2"},
				"east": {"uv": [2, 1, 3, 2], "texture": "#2"},
				"south": {"uv": [2, 2, 3, 3], "texture": "#2"},
				"west": {"uv": [0, 3, 1, 4], "texture": "#2"},
				"up": {"uv": [4, 1, 3, 0], "texture": "#2"},
				"down": {"uv": [2, 3, 1, 4], "texture": "#2"}
			}
		},
		{
			"from": [14, 22.23408, 14.91222],
			"to": [14.3, 22.43408, 15.71222],
			"rotation": {"angle": -22.5, "axis": "x", "origin": [-1.4, 1.53408, 17.11222]},
			"faces": {
				"north": {"uv": [3, 1, 4, 2], "texture": "#2"},
				"east": {"uv": [2, 3, 3, 4], "texture": "#2"},
				"south": {"uv": [3, 2, 4, 3], "texture": "#2"},
				"west": {"uv": [3, 3, 4, 4], "texture": "#2"},
				"up": {"uv": [1, 5, 0, 4], "texture": "#2"},
				"down": {"uv": [5, 0, 4, 1], "texture": "#2"}
			}
		},
		{
			"from": [14, 20.1074, 7.82071],
			"to": [14.3, 20.3074, 8.62071],
			"rotation": {"angle": 0, "axis": "y", "origin": [-1.4, -0.1926, 10.52071]},
			"faces": {
				"north": {"uv": [1, 4, 2, 5], "texture": "#2"},
				"east": {"uv": [4, 1, 5, 2], "texture": "#2"},
				"south": {"uv": [2, 4, 3, 5], "texture": "#2"},
				"west": {"uv": [4, 2, 5, 3], "texture": "#2"},
				"up": {"uv": [4, 5, 3, 4], "texture": "#2"},
				"down": {"uv": [5, 3, 4, 4], "texture": "#2"}
			}
		},
		{
			"from": [14, 21.3, 0.22513],
			"to": [14.3, 21.5, 1.02513],
			"rotation": {"angle": 22.5, "axis": "x", "origin": [-1.4, -0.2, 1.42513]},
			"faces": {
				"north": {"uv": [4, 4, 5, 5], "texture": "#2"},
				"east": {"uv": [0, 5, 1, 6], "texture": "#2"},
				"south": {"uv": [5, 0, 6, 1], "texture": "#2"},
				"west": {"uv": [1, 5, 2, 6], "texture": "#2"},
				"up": {"uv": [6, 2, 5, 1], "texture": "#2"},
				"down": {"uv": [3, 5, 2, 6], "texture": "#2"}
			}
		},
		{
			"from": [4.28223, 20.21777, 6.5],
			"to": [5.08223, 20.61777, 7.4],
			"rotation": {"angle": 0, "axis": "y", "origin": [20.98223, 17.01777, -2.8]},
			"faces": {
				"north": {"uv": [2, 5, 3, 6], "texture": "#0"},
				"east": {"uv": [3, 5, 4, 6], "texture": "#0"},
				"south": {"uv": [4, 5, 5, 6], "texture": "#0"},
				"west": {"uv": [5, 5, 6, 6], "texture": "#0"},
				"up": {"uv": [1, 7, 0, 6], "texture": "#0"},
				"down": {"uv": [7, 0, 6, 1], "texture": "#0"}
			}
		},
		{
			"from": [4.18223, 20.61777, 6.5],
			"to": [5.08223, 21.01777, 7.4],
			"rotation": {"angle": 0, "axis": "y", "origin": [20.98223, 17.01777, -2.8]},
			"faces": {
				"north": {"uv": [1, 6, 2, 7], "texture": "#0"},
				"east": {"uv": [6, 1, 7, 2], "texture": "#0"},
				"south": {"uv": [2, 6, 3, 7], "texture": "#0"},
				"west": {"uv": [6, 2, 7, 3], "texture": "#0"},
				"up": {"uv": [4, 7, 3, 6], "texture": "#0"},
				"down": {"uv": [7, 3, 6, 4], "texture": "#0"}
			}
		},
		{
			"from": [3.98223, 21.01777, 6.5],
			"to": [5.08223, 21.41777, 7.4],
			"rotation": {"angle": 0, "axis": "y", "origin": [20.98223, 17.01777, -2.8]},
			"faces": {
				"north": {"uv": [4, 6, 5, 7], "texture": "#0"},
				"east": {"uv": [6, 4, 7, 5], "texture": "#0"},
				"south": {"uv": [5, 6, 6, 7], "texture": "#0"},
				"west": {"uv": [6, 5, 7, 6], "texture": "#0"},
				"up": {"uv": [7, 7, 6, 6], "texture": "#0"},
				"down": {"uv": [1, 7, 0, 8], "texture": "#0"}
			}
		},
		{
			"from": [3.78223, 21.41777, 6.5],
			"to": [5.08223, 21.81777, 7.4],
			"rotation": {"angle": 0, "axis": "y", "origin": [20.98223, 17.01777, -2.8]},
			"faces": {
				"north": {"uv": [7, 0, 8, 1], "texture": "#0"},
				"east": {"uv": [1, 7, 2, 8], "texture": "#0"},
				"south": {"uv": [7, 1, 8, 2], "texture": "#0"},
				"west": {"uv": [2, 7, 3, 8], "texture": "#0"},
				"up": {"uv": [8, 3, 7, 2], "texture": "#0"},
				"down": {"uv": [4, 7, 3, 8], "texture": "#0"}
			}
		},
		{
			"from": [3.38223, 21.81777, 6.5],
			"to": [5.08223, 22.21777, 7.4],
			"rotation": {"angle": 0, "axis": "y", "origin": [20.98223, 17.01777, -2.8]},
			"faces": {
				"north": {"uv": [0, 0, 2, 1], "texture": "#0"},
				"east": {"uv": [7, 3, 8, 4], "texture": "#0"},
				"south": {"uv": [0, 1, 2, 2], "texture": "#0"},
				"west": {"uv": [4, 7, 5, 8], "texture": "#0"},
				"up": {"uv": [2, 3, 0, 2], "texture": "#0"},
				"down": {"uv": [4, 0, 2, 1], "texture": "#0"}
			}
		},
		{
			"from": [2.98223, 22.21777, 6.5],
			"to": [5.08223, 22.61777, 7.4],
			"rotation": {"angle": 0, "axis": "y", "origin": [20.98223, 17.01777, -2.8]},
			"faces": {
				"north": {"uv": [2, 1, 4, 2], "texture": "#0"},
				"east": {"uv": [7, 4, 8, 5], "texture": "#0"},
				"south": {"uv": [2, 2, 4, 3], "texture": "#0"},
				"west": {"uv": [5, 7, 6, 8], "texture": "#0"},
				"up": {"uv": [2, 4, 0, 3], "texture": "#0"},
				"down": {"uv": [4, 3, 2, 4], "texture": "#0"}
			}
		},
		{
			"from": [4.28223, 20.21777, 9.3],
			"to": [5.08223, 20.61777, 10.2],
			"rotation": {"angle": 0, "axis": "y", "origin": [20.98223, 17.01777, -2.8]},
			"faces": {
				"north": {"uv": [7, 5, 8, 6], "texture": "#0"},
				"east": {"uv": [6, 7, 7, 8], "texture": "#0"},
				"south": {"uv": [7, 6, 8, 7], "texture": "#0"},
				"west": {"uv": [7, 7, 8, 8], "texture": "#0"},
				"up": {"uv": [1, 9, 0, 8], "texture": "#0"},
				"down": {"uv": [9, 0, 8, 1], "texture": "#0"}
			}
		},
		{
			"from": [4.18223, 20.61777, 9.3],
			"to": [5.08223, 21.01777, 10.2],
			"rotation": {"angle": 0, "axis": "y", "origin": [20.98223, 17.01777, -2.8]},
			"faces": {
				"north": {"uv": [1, 8, 2, 9], "texture": "#0"},
				"east": {"uv": [8, 1, 9, 2], "texture": "#0"},
				"south": {"uv": [2, 8, 3, 9], "texture": "#0"},
				"west": {"uv": [8, 2, 9, 3], "texture": "#0"},
				"up": {"uv": [4, 9, 3, 8], "texture": "#0"},
				"down": {"uv": [9, 3, 8, 4], "texture": "#0"}
			}
		},
		{
			"from": [3.98223, 21.01777, 9.3],
			"to": [5.08223, 21.41777, 10.2],
			"rotation": {"angle": 0, "axis": "y", "origin": [20.98223, 17.01777, -2.8]},
			"faces": {
				"north": {"uv": [4, 8, 5, 9], "texture": "#0"},
				"east": {"uv": [8, 4, 9, 5], "texture": "#0"},
				"south": {"uv": [5, 8, 6, 9], "texture": "#0"},
				"west": {"uv": [8, 5, 9, 6], "texture": "#0"},
				"up": {"uv": [7, 9, 6, 8], "texture": "#0"},
				"down": {"uv": [9, 6, 8, 7], "texture": "#0"}
			}
		},
		{
			"from": [3.78223, 21.41777, 9.3],
			"to": [5.08223, 21.81777, 10.2],
			"rotation": {"angle": 0, "axis": "y", "origin": [20.98223, 17.01777, -2.8]},
			"faces": {
				"north": {"uv": [7, 8, 8, 9], "texture": "#0"},
				"east": {"uv": [8, 7, 9, 8], "texture": "#0"},
				"south": {"uv": [8, 8, 9, 9], "texture": "#0"},
				"west": {"uv": [0, 9, 1, 10], "texture": "#0"},
				"up": {"uv": [10, 1, 9, 0], "texture": "#0"},
				"down": {"uv": [2, 9, 1, 10], "texture": "#0"}
			}
		},
		{
			"from": [3.38223, 21.81777, 9.3],
			"to": [5.08223, 22.21777, 10.2],
			"rotation": {"angle": 0, "axis": "y", "origin": [20.98223, 17.01777, -2.8]},
			"faces": {
				"north": {"uv": [0, 4, 2, 5], "texture": "#0"},
				"east": {"uv": [9, 1, 10, 2], "texture": "#0"},
				"south": {"uv": [4, 0, 6, 1], "texture": "#0"},
				"west": {"uv": [2, 9, 3, 10], "texture": "#0"},
				"up": {"uv": [6, 2, 4, 1], "texture": "#0"},
				"down": {"uv": [4, 4, 2, 5], "texture": "#0"}
			}
		},
		{
			"from": [2.98223, 22.21777, 9.3],
			"to": [5.08223, 22.61777, 10.2],
			"rotation": {"angle": 0, "axis": "y", "origin": [20.98223, 17.01777, -2.8]},
			"faces": {
				"north": {"uv": [4, 2, 6, 3], "texture": "#0"},
				"east": {"uv": [9, 2, 10, 3], "texture": "#0"},
				"south": {"uv": [4, 3, 6, 4], "texture": "#0"},
				"west": {"uv": [3, 9, 4, 10], "texture": "#0"},
				"up": {"uv": [6, 5, 4, 4], "texture": "#0"},
				"down": {"uv": [2, 5, 0, 6], "texture": "#0"}
			}
		},
		{
			"name": "hexadecagon",
			"from": [13.85, 21.37016, 8.95],
			"to": [14.35, 21.42984, 9.25],
			"rotation": {"angle": -45, "axis": "x", "origin": [14.1, 21.4, 9.1]},
			"faces": {
				"north": {"uv": [0, 0, 1, 1], "texture": "#2"},
				"east": {"uv": [0, 1, 1, 2], "texture": "#2"},
				"south": {"uv": [1, 0, 2, 1], "texture": "#2"},
				"west": {"uv": [1, 1, 2, 2], "texture": "#2"},
				"up": {"uv": [1, 3, 0, 2], "texture": "#2"},
				"down": {"uv": [3, 0, 2, 1], "texture": "#2"}
			}
		},
		{
			"name": "hexadecagon",
			"from": [13.85, 21.37016, 8.95],
			"to": [14.35, 21.42984, 9.25],
			"rotation": {"angle": -22.5, "axis": "x", "origin": [14.1, 21.4, 9.1]},
			"faces": {
				"north": {"uv": [1, 2, 2, 3], "texture": "#2"},
				"east": {"uv": [2, 1, 3, 2], "texture": "#2"},
				"south": {"uv": [2, 2, 3, 3], "texture": "#2"},
				"west": {"uv": [0, 3, 1, 4], "texture": "#2"},
				"up": {"uv": [4, 1, 3, 0], "texture": "#2"},
				"down": {"uv": [2, 3, 1, 4], "texture": "#2"}
			}
		},
		{
			"name": "hexadecagon",
			"from": [13.85, 21.37016, 8.95],
			"to": [14.35, 21.42984, 9.25],
			"rotation": {"angle": 0, "axis": "y", "origin": [14.1, 21.4, 9.1]},
			"faces": {
				"north": {"uv": [3, 1, 4, 2], "texture": "#2"},
				"east": {"uv": [2, 3, 3, 4], "texture": "#2"},
				"south": {"uv": [3, 2, 4, 3], "texture": "#2"},
				"west": {"uv": [3, 3, 4, 4], "texture": "#2"},
				"up": {"uv": [1, 5, 0, 4], "texture": "#2"},
				"down": {"uv": [5, 0, 4, 1], "texture": "#2"}
			}
		},
		{
			"name": "hexadecagon",
			"from": [13.85, 21.37016, 8.95],
			"to": [14.35, 21.42984, 9.25],
			"rotation": {"angle": 22.5, "axis": "x", "origin": [14.1, 21.4, 9.1]},
			"faces": {
				"north": {"uv": [1, 4, 2, 5], "texture": "#2"},
				"east": {"uv": [4, 1, 5, 2], "texture": "#2"},
				"south": {"uv": [2, 4, 3, 5], "texture": "#2"},
				"west": {"uv": [4, 2, 5, 3], "texture": "#2"},
				"up": {"uv": [4, 5, 3, 4], "texture": "#2"},
				"down": {"uv": [5, 3, 4, 4], "texture": "#2"}
			}
		},
		{
			"name": "hexadecagon",
			"from": [13.85, 21.37016, 8.95],
			"to": [14.35, 21.42984, 9.25],
			"rotation": {"angle": 45, "axis": "x", "origin": [14.1, 21.4, 9.1]},
			"faces": {
				"north": {"uv": [4, 4, 5, 5], "texture": "#2"},
				"east": {"uv": [0, 5, 1, 6], "texture": "#2"},
				"south": {"uv": [5, 0, 6, 1], "texture": "#2"},
				"west": {"uv": [1, 5, 2, 6], "texture": "#2"},
				"up": {"uv": [6, 2, 5, 1], "texture": "#2"},
				"down": {"uv": [3, 5, 2, 6], "texture": "#2"}
			}
		},
		{
			"name": "hexadecagon",
			"from": [13.85, 21.25, 9.07016],
			"to": [14.35, 21.55, 9.12984],
			"rotation": {"angle": -22.5, "axis": "x", "origin": [14.1, 21.4, 9.1]},
			"faces": {
				"north": {"uv": [5, 2, 6, 3], "texture": "#2"},
				"east": {"uv": [3, 5, 4, 6], "texture": "#2"},
				"south": {"uv": [5, 3, 6, 4], "texture": "#2"},
				"west": {"uv": [4, 5, 5, 6], "texture": "#2"},
				"up": {"uv": [6, 5, 5, 4], "texture": "#2"},
				"down": {"uv": [6, 5, 5, 6], "texture": "#2"}
			}
		},
		{
			"name": "hexadecagon",
			"from": [13.85, 21.25, 9.07016],
			"to": [14.35, 21.55, 9.12984],
			"rotation": {"angle": 0, "axis": "y", "origin": [14.1, 21.4, 9.1]},
			"faces": {
				"north": {"uv": [0, 6, 1, 7], "texture": "#2"},
				"east": {"uv": [6, 0, 7, 1], "texture": "#2"},
				"south": {"uv": [1, 6, 2, 7], "texture": "#2"},
				"west": {"uv": [6, 1, 7, 2], "texture": "#2"},
				"up": {"uv": [3, 7, 2, 6], "texture": "#2"},
				"down": {"uv": [7, 2, 6, 3], "texture": "#2"}
			}
		},
		{
			"name": "hexadecagon",
			"from": [13.85, 21.25, 9.07016],
			"to": [14.35, 21.55, 9.12984],
			"rotation": {"angle": 22.5, "axis": "x", "origin": [14.1, 21.4, 9.1]},
			"faces": {
				"north": {"uv": [3, 6, 4, 7], "texture": "#2"},
				"east": {"uv": [6, 3, 7, 4], "texture": "#2"},
				"south": {"uv": [4, 6, 5, 7], "texture": "#2"},
				"west": {"uv": [6, 4, 7, 5], "texture": "#2"},
				"up": {"uv": [6, 7, 5, 6], "texture": "#2"},
				"down": {"uv": [7, 5, 6, 6], "texture": "#2"}
			}
		},
		{
			"name": "hexadecagon",
			"from": [13.85, 21.57016, 7.85],
			"to": [14.35, 21.62984, 8.15],
			"rotation": {"angle": -45, "axis": "x", "origin": [14.1, 21.6, 8]},
			"faces": {
				"north": {"uv": [6, 6, 7, 7], "texture": "#2"},
				"east": {"uv": [0, 7, 1, 8], "texture": "#2"},
				"south": {"uv": [7, 0, 8, 1], "texture": "#2"},
				"west": {"uv": [1, 7, 2, 8], "texture": "#2"},
				"up": {"uv": [8, 2, 7, 1], "texture": "#2"},
				"down": {"uv": [3, 7, 2, 8], "texture": "#2"}
			}
		},
		{
			"name": "hexadecagon",
			"from": [13.85, 21.57016, 7.85],
			"to": [14.35, 21.62984, 8.15],
			"rotation": {"angle": -22.5, "axis": "x", "origin": [14.1, 21.6, 8]},
			"faces": {
				"north": {"uv": [7, 2, 8, 3], "texture": "#2"},
				"east": {"uv": [3, 7, 4, 8], "texture": "#2"},
				"south": {"uv": [7, 3, 8, 4], "texture": "#2"},
				"west": {"uv": [4, 7, 5, 8], "texture": "#2"},
				"up": {"uv": [8, 5, 7, 4], "texture": "#2"},
				"down": {"uv": [6, 7, 5, 8], "texture": "#2"}
			}
		},
		{
			"name": "hexadecagon",
			"from": [13.85, 21.57016, 7.85],
			"to": [14.35, 21.62984, 8.15],
			"rotation": {"angle": 0, "axis": "y", "origin": [14.1, 21.6, 8]},
			"faces": {
				"north": {"uv": [7, 5, 8, 6], "texture": "#2"},
				"east": {"uv": [6, 7, 7, 8], "texture": "#2"},
				"south": {"uv": [7, 6, 8, 7], "texture": "#2"},
				"west": {"uv": [7, 7, 8, 8], "texture": "#2"},
				"up": {"uv": [1, 9, 0, 8], "texture": "#2"},
				"down": {"uv": [9, 0, 8, 1], "texture": "#2"}
			}
		},
		{
			"name": "hexadecagon",
			"from": [13.85, 21.57016, 7.85],
			"to": [14.35, 21.62984, 8.15],
			"rotation": {"angle": 22.5, "axis": "x", "origin": [14.1, 21.6, 8]},
			"faces": {
				"north": {"uv": [1, 8, 2, 9], "texture": "#2"},
				"east": {"uv": [8, 1, 9, 2], "texture": "#2"},
				"south": {"uv": [2, 8, 3, 9], "texture": "#2"},
				"west": {"uv": [8, 2, 9, 3], "texture": "#2"},
				"up": {"uv": [4, 9, 3, 8], "texture": "#2"},
				"down": {"uv": [9, 3, 8, 4], "texture": "#2"}
			}
		},
		{
			"name": "hexadecagon",
			"from": [13.85, 21.57016, 7.85],
			"to": [14.35, 21.62984, 8.15],
			"rotation": {"angle": 45, "axis": "x", "origin": [14.1, 21.6, 8]},
			"faces": {
				"north": {"uv": [4, 8, 5, 9], "texture": "#2"},
				"east": {"uv": [8, 4, 9, 5], "texture": "#2"},
				"south": {"uv": [5, 8, 6, 9], "texture": "#2"},
				"west": {"uv": [8, 5, 9, 6], "texture": "#2"},
				"up": {"uv": [7, 9, 6, 8], "texture": "#2"},
				"down": {"uv": [9, 6, 8, 7], "texture": "#2"}
			}
		},
		{
			"name": "hexadecagon",
			"from": [13.85, 21.45, 7.97016],
			"to": [14.35, 21.75, 8.02984],
			"rotation": {"angle": -22.5, "axis": "x", "origin": [14.1, 21.6, 8]},
			"faces": {
				"north": {"uv": [7, 8, 8, 9], "texture": "#2"},
				"east": {"uv": [8, 7, 9, 8], "texture": "#2"},
				"south": {"uv": [8, 8, 9, 9], "texture": "#2"},
				"west": {"uv": [0, 9, 1, 10], "texture": "#2"},
				"up": {"uv": [10, 1, 9, 0], "texture": "#2"},
				"down": {"uv": [2, 9, 1, 10], "texture": "#2"}
			}
		},
		{
			"name": "hexadecagon",
			"from": [13.85, 21.45, 7.97016],
			"to": [14.35, 21.75, 8.02984],
			"rotation": {"angle": 0, "axis": "y", "origin": [14.1, 21.6, 8]},
			"faces": {
				"north": {"uv": [9, 1, 10, 2], "texture": "#2"},
				"east": {"uv": [2, 9, 3, 10], "texture": "#2"},
				"south": {"uv": [9, 2, 10, 3], "texture": "#2"},
				"west": {"uv": [3, 9, 4, 10], "texture": "#2"},
				"up": {"uv": [10, 4, 9, 3], "texture": "#2"},
				"down": {"uv": [5, 9, 4, 10], "texture": "#2"}
			}
		},
		{
			"name": "hexadecagon",
			"from": [13.85, 21.45, 7.97016],
			"to": [14.35, 21.75, 8.02984],
			"rotation": {"angle": 22.5, "axis": "x", "origin": [14.1, 21.6, 8]},
			"faces": {
				"north": {"uv": [9, 4, 10, 5], "texture": "#2"},
				"east": {"uv": [5, 9, 6, 10], "texture": "#2"},
				"south": {"uv": [9, 5, 10, 6], "texture": "#2"},
				"west": {"uv": [6, 9, 7, 10], "texture": "#2"},
				"up": {"uv": [10, 7, 9, 6], "texture": "#2"},
				"down": {"uv": [8, 9, 7, 10], "texture": "#2"}
			}
		},
		{
			"name": "hexadecagon",
			"from": [13.75, 21.40054, 8.7],
			"to": [14.25, 21.59946, 9.7],
			"rotation": {"angle": -45, "axis": "x", "origin": [14, 21.5, 9.2]},
			"faces": {
				"north": {"uv": [0, 0, 1, 1], "texture": "#3"},
				"east": {"uv": [0, 1, 1, 2], "texture": "#3"},
				"south": {"uv": [1, 0, 2, 1], "texture": "#3"},
				"west": {"uv": [1, 1, 2, 2], "texture": "#3"},
				"up": {"uv": [1, 3, 0, 2], "texture": "#3"},
				"down": {"uv": [3, 0, 2, 1], "texture": "#3"}
			}
		},
		{
			"name": "hexadecagon",
			"from": [13.75, 21.40054, 8.7],
			"to": [14.25, 21.59946, 9.7],
			"rotation": {"angle": -22.5, "axis": "x", "origin": [14, 21.5, 9.2]},
			"faces": {
				"north": {"uv": [1, 2, 2, 3], "texture": "#3"},
				"east": {"uv": [2, 1, 3, 2], "texture": "#3"},
				"south": {"uv": [2, 2, 3, 3], "texture": "#3"},
				"west": {"uv": [0, 3, 1, 4], "texture": "#3"},
				"up": {"uv": [4, 1, 3, 0], "texture": "#3"},
				"down": {"uv": [2, 3, 1, 4], "texture": "#3"}
			}
		},
		{
			"name": "hexadecagon",
			"from": [13.75, 21.40054, 8.7],
			"to": [14.25, 21.59946, 9.7],
			"rotation": {"angle": 0, "axis": "y", "origin": [14, 21.5, 9.2]},
			"faces": {
				"north": {"uv": [3, 1, 4, 2], "texture": "#3"},
				"east": {"uv": [2, 3, 3, 4], "texture": "#3"},
				"south": {"uv": [3, 2, 4, 3], "texture": "#3"},
				"west": {"uv": [3, 3, 4, 4], "texture": "#3"},
				"up": {"uv": [1, 5, 0, 4], "texture": "#3"},
				"down": {"uv": [5, 0, 4, 1], "texture": "#3"}
			}
		},
		{
			"name": "hexadecagon",
			"from": [13.75, 21.40054, 8.7],
			"to": [14.25, 21.59946, 9.7],
			"rotation": {"angle": 22.5, "axis": "x", "origin": [14, 21.5, 9.2]},
			"faces": {
				"north": {"uv": [1, 4, 2, 5], "texture": "#3"},
				"east": {"uv": [4, 1, 5, 2], "texture": "#3"},
				"south": {"uv": [2, 4, 3, 5], "texture": "#3"},
				"west": {"uv": [4, 2, 5, 3], "texture": "#3"},
				"up": {"uv": [4, 5, 3, 4], "texture": "#3"},
				"down": {"uv": [5, 3, 4, 4], "texture": "#3"}
			}
		},
		{
			"name": "hexadecagon",
			"from": [13.75, 21.40054, 8.7],
			"to": [14.25, 21.59946, 9.7],
			"rotation": {"angle": 45, "axis": "x", "origin": [14, 21.5, 9.2]},
			"faces": {
				"north": {"uv": [4, 4, 5, 5], "texture": "#3"},
				"east": {"uv": [0, 5, 1, 6], "texture": "#3"},
				"south": {"uv": [5, 0, 6, 1], "texture": "#3"},
				"west": {"uv": [1, 5, 2, 6], "texture": "#3"},
				"up": {"uv": [6, 2, 5, 1], "texture": "#3"},
				"down": {"uv": [3, 5, 2, 6], "texture": "#3"}
			}
		},
		{
			"name": "hexadecagon",
			"from": [13.75, 21, 9.10054],
			"to": [14.25, 22, 9.29946],
			"rotation": {"angle": -22.5, "axis": "x", "origin": [14, 21.5, 9.2]},
			"faces": {
				"north": {"uv": [5, 2, 6, 3], "texture": "#3"},
				"east": {"uv": [3, 5, 4, 6], "texture": "#3"},
				"south": {"uv": [5, 3, 6, 4], "texture": "#3"},
				"west": {"uv": [4, 5, 5, 6], "texture": "#3"},
				"up": {"uv": [6, 5, 5, 4], "texture": "#3"},
				"down": {"uv": [6, 5, 5, 6], "texture": "#3"}
			}
		},
		{
			"name": "hexadecagon",
			"from": [13.75, 21, 9.10054],
			"to": [14.25, 22, 9.29946],
			"rotation": {"angle": 0, "axis": "y", "origin": [14, 21.5, 9.2]},
			"faces": {
				"north": {"uv": [0, 6, 1, 7], "texture": "#3"},
				"east": {"uv": [6, 0, 7, 1], "texture": "#3"},
				"south": {"uv": [1, 6, 2, 7], "texture": "#3"},
				"west": {"uv": [6, 1, 7, 2], "texture": "#3"},
				"up": {"uv": [3, 7, 2, 6], "texture": "#3"},
				"down": {"uv": [7, 2, 6, 3], "texture": "#3"}
			}
		},
		{
			"name": "hexadecagon",
			"from": [13.75, 21, 9.10054],
			"to": [14.25, 22, 9.29946],
			"rotation": {"angle": 22.5, "axis": "x", "origin": [14, 21.5, 9.2]},
			"faces": {
				"north": {"uv": [3, 6, 4, 7], "texture": "#3"},
				"east": {"uv": [6, 3, 7, 4], "texture": "#3"},
				"south": {"uv": [4, 6, 5, 7], "texture": "#3"},
				"west": {"uv": [6, 4, 7, 5], "texture": "#3"},
				"up": {"uv": [6, 7, 5, 6], "texture": "#3"},
				"down": {"uv": [7, 5, 6, 6], "texture": "#3"}
			}
		},
		{
			"name": "hexadecagon",
			"from": [13.75, 21.60054, 7.4],
			"to": [14.25, 21.79946, 8.4],
			"rotation": {"angle": -45, "axis": "x", "origin": [14, 21.7, 7.9]},
			"faces": {
				"north": {"uv": [6, 6, 7, 7], "texture": "#3"},
				"east": {"uv": [0, 7, 1, 8], "texture": "#3"},
				"south": {"uv": [7, 0, 8, 1], "texture": "#3"},
				"west": {"uv": [1, 7, 2, 8], "texture": "#3"},
				"up": {"uv": [8, 2, 7, 1], "texture": "#3"},
				"down": {"uv": [3, 7, 2, 8], "texture": "#3"}
			}
		},
		{
			"name": "hexadecagon",
			"from": [13.75, 21.60054, 7.4],
			"to": [14.25, 21.79946, 8.4],
			"rotation": {"angle": -22.5, "axis": "x", "origin": [14, 21.7, 7.9]},
			"faces": {
				"north": {"uv": [7, 2, 8, 3], "texture": "#3"},
				"east": {"uv": [3, 7, 4, 8], "texture": "#3"},
				"south": {"uv": [7, 3, 8, 4], "texture": "#3"},
				"west": {"uv": [4, 7, 5, 8], "texture": "#3"},
				"up": {"uv": [8, 5, 7, 4], "texture": "#3"},
				"down": {"uv": [6, 7, 5, 8], "texture": "#3"}
			}
		},
		{
			"name": "hexadecagon",
			"from": [13.75, 21.60054, 7.4],
			"to": [14.25, 21.79946, 8.4],
			"rotation": {"angle": 0, "axis": "y", "origin": [14, 21.7, 7.9]},
			"faces": {
				"north": {"uv": [7, 5, 8, 6], "texture": "#3"},
				"east": {"uv": [6, 7, 7, 8], "texture": "#3"},
				"south": {"uv": [7, 6, 8, 7], "texture": "#3"},
				"west": {"uv": [7, 7, 8, 8], "texture": "#3"},
				"up": {"uv": [1, 9, 0, 8], "texture": "#3"},
				"down": {"uv": [9, 0, 8, 1], "texture": "#3"}
			}
		},
		{
			"name": "hexadecagon",
			"from": [13.75, 21.60054, 7.4],
			"to": [14.25, 21.79946, 8.4],
			"rotation": {"angle": 22.5, "axis": "x", "origin": [14, 21.7, 7.9]},
			"faces": {
				"north": {"uv": [1, 8, 2, 9], "texture": "#3"},
				"east": {"uv": [8, 1, 9, 2], "texture": "#3"},
				"south": {"uv": [2, 8, 3, 9], "texture": "#3"},
				"west": {"uv": [8, 2, 9, 3], "texture": "#3"},
				"up": {"uv": [4, 9, 3, 8], "texture": "#3"},
				"down": {"uv": [9, 3, 8, 4], "texture": "#3"}
			}
		},
		{
			"name": "hexadecagon",
			"from": [13.75, 21.60054, 7.4],
			"to": [14.25, 21.79946, 8.4],
			"rotation": {"angle": 45, "axis": "x", "origin": [14, 21.7, 7.9]},
			"faces": {
				"north": {"uv": [4, 8, 5, 9], "texture": "#3"},
				"east": {"uv": [8, 4, 9, 5], "texture": "#3"},
				"south": {"uv": [5, 8, 6, 9], "texture": "#3"},
				"west": {"uv": [8, 5, 9, 6], "texture": "#3"},
				"up": {"uv": [7, 9, 6, 8], "texture": "#3"},
				"down": {"uv": [9, 6, 8, 7], "texture": "#3"}
			}
		},
		{
			"name": "hexadecagon",
			"from": [13.75, 21.2, 7.80054],
			"to": [14.25, 22.2, 7.99946],
			"rotation": {"angle": -22.5, "axis": "x", "origin": [14, 21.7, 7.9]},
			"faces": {
				"north": {"uv": [7, 8, 8, 9], "texture": "#3"},
				"east": {"uv": [8, 7, 9, 8], "texture": "#3"},
				"south": {"uv": [8, 8, 9, 9], "texture": "#3"},
				"west": {"uv": [0, 9, 1, 10], "texture": "#3"},
				"up": {"uv": [10, 1, 9, 0], "texture": "#3"},
				"down": {"uv": [2, 9, 1, 10], "texture": "#3"}
			}
		},
		{
			"name": "hexadecagon",
			"from": [13.75, 21.2, 7.80054],
			"to": [14.25, 22.2, 7.99946],
			"rotation": {"angle": 0, "axis": "y", "origin": [14, 21.7, 7.9]},
			"faces": {
				"north": {"uv": [9, 1, 10, 2], "texture": "#3"},
				"east": {"uv": [2, 9, 3, 10], "texture": "#3"},
				"south": {"uv": [9, 2, 10, 3], "texture": "#3"},
				"west": {"uv": [3, 9, 4, 10], "texture": "#3"},
				"up": {"uv": [10, 4, 9, 3], "texture": "#3"},
				"down": {"uv": [5, 9, 4, 10], "texture": "#3"}
			}
		},
		{
			"name": "hexadecagon",
			"from": [13.75, 21.2, 7.80054],
			"to": [14.25, 22.2, 7.99946],
			"rotation": {"angle": 22.5, "axis": "x", "origin": [14, 21.7, 7.9]},
			"faces": {
				"north": {"uv": [9, 4, 10, 5], "texture": "#3"},
				"east": {"uv": [5, 9, 6, 10], "texture": "#3"},
				"south": {"uv": [9, 5, 10, 6], "texture": "#3"},
				"west": {"uv": [6, 9, 7, 10], "texture": "#3"},
				"up": {"uv": [10, 7, 9, 6], "texture": "#3"},
				"down": {"uv": [8, 9, 7, 10], "texture": "#3"}
			}
		},
		{
			"name": "hexadecagon",
			"from": [7.96022, 4.1, 6.85],
			"to": [8.03978, 4.5, 7.35],
			"rotation": {"angle": -45, "axis": "z", "origin": [8, 4.3, 7.1]},
			"faces": {
				"north": {"uv": [0, 0, 1, 1], "texture": "#3"},
				"east": {"uv": [0, 1, 1, 2], "texture": "#3"},
				"south": {"uv": [1, 0, 2, 1], "texture": "#3"},
				"west": {"uv": [1, 1, 2, 2], "texture": "#3"},
				"up": {"uv": [1, 3, 0, 2], "texture": "#3"},
				"down": {"uv": [3, 0, 2, 1], "texture": "#3"}
			}
		},
		{
			"name": "hexadecagon",
			"from": [7.96022, 4.1, 6.85],
			"to": [8.03978, 4.5, 7.35],
			"rotation": {"angle": -22.5, "axis": "z", "origin": [8, 4.3, 7.1]},
			"faces": {
				"north": {"uv": [1, 2, 2, 3], "texture": "#3"},
				"east": {"uv": [2, 1, 3, 2], "texture": "#3"},
				"south": {"uv": [2, 2, 3, 3], "texture": "#3"},
				"west": {"uv": [0, 3, 1, 4], "texture": "#3"},
				"up": {"uv": [4, 1, 3, 0], "texture": "#3"},
				"down": {"uv": [2, 3, 1, 4], "texture": "#3"}
			}
		},
		{
			"name": "hexadecagon",
			"from": [7.96022, 4.1, 6.85],
			"to": [8.03978, 4.5, 7.35],
			"rotation": {"angle": 0, "axis": "y", "origin": [8, 4.3, 7.1]},
			"faces": {
				"north": {"uv": [3, 1, 4, 2], "texture": "#3"},
				"east": {"uv": [2, 3, 3, 4], "texture": "#3"},
				"south": {"uv": [3, 2, 4, 3], "texture": "#3"},
				"west": {"uv": [3, 3, 4, 4], "texture": "#3"},
				"up": {"uv": [1, 5, 0, 4], "texture": "#3"},
				"down": {"uv": [5, 0, 4, 1], "texture": "#3"}
			}
		},
		{
			"name": "hexadecagon",
			"from": [7.96022, 4.1, 6.85],
			"to": [8.03978, 4.5, 7.35],
			"rotation": {"angle": 22.5, "axis": "z", "origin": [8, 4.3, 7.1]},
			"faces": {
				"north": {"uv": [1, 4, 2, 5], "texture": "#3"},
				"east": {"uv": [4, 1, 5, 2], "texture": "#3"},
				"south": {"uv": [2, 4, 3, 5], "texture": "#3"},
				"west": {"uv": [4, 2, 5, 3], "texture": "#3"},
				"up": {"uv": [4, 5, 3, 4], "texture": "#3"},
				"down": {"uv": [5, 3, 4, 4], "texture": "#3"}
			}
		},
		{
			"name": "hexadecagon",
			"from": [7.96022, 4.1, 6.85],
			"to": [8.03978, 4.5, 7.35],
			"rotation": {"angle": 45, "axis": "z", "origin": [8, 4.3, 7.1]},
			"faces": {
				"north": {"uv": [4, 4, 5, 5], "texture": "#3"},
				"east": {"uv": [0, 5, 1, 6], "texture": "#3"},
				"south": {"uv": [5, 0, 6, 1], "texture": "#3"},
				"west": {"uv": [1, 5, 2, 6], "texture": "#3"},
				"up": {"uv": [6, 2, 5, 1], "texture": "#3"},
				"down": {"uv": [3, 5, 2, 6], "texture": "#3"}
			}
		},
		{
			"name": "hexadecagon",
			"from": [7.8, 4.26022, 6.85],
			"to": [8.2, 4.33978, 7.35],
			"rotation": {"angle": -22.5, "axis": "z", "origin": [8, 4.3, 7.1]},
			"faces": {
				"north": {"uv": [5, 2, 6, 3], "texture": "#3"},
				"east": {"uv": [3, 5, 4, 6], "texture": "#3"},
				"south": {"uv": [5, 3, 6, 4], "texture": "#3"},
				"west": {"uv": [4, 5, 5, 6], "texture": "#3"},
				"up": {"uv": [6, 5, 5, 4], "texture": "#3"},
				"down": {"uv": [6, 5, 5, 6], "texture": "#3"}
			}
		},
		{
			"name": "hexadecagon",
			"from": [7.8, 4.26022, 6.85],
			"to": [8.2, 4.33978, 7.35],
			"rotation": {"angle": 0, "axis": "y", "origin": [8, 4.3, 7.1]},
			"faces": {
				"north": {"uv": [0, 6, 1, 7], "texture": "#3"},
				"east": {"uv": [6, 0, 7, 1], "texture": "#3"},
				"south": {"uv": [1, 6, 2, 7], "texture": "#3"},
				"west": {"uv": [6, 1, 7, 2], "texture": "#3"},
				"up": {"uv": [3, 7, 2, 6], "texture": "#3"},
				"down": {"uv": [7, 2, 6, 3], "texture": "#3"}
			}
		},
		{
			"name": "hexadecagon",
			"from": [7.8, 4.26022, 6.85],
			"to": [8.2, 4.33978, 7.35],
			"rotation": {"angle": 22.5, "axis": "z", "origin": [8, 4.3, 7.1]},
			"faces": {
				"north": {"uv": [3, 6, 4, 7], "texture": "#3"},
				"east": {"uv": [6, 3, 7, 4], "texture": "#3"},
				"south": {"uv": [4, 6, 5, 7], "texture": "#3"},
				"west": {"uv": [6, 4, 7, 5], "texture": "#3"},
				"up": {"uv": [6, 7, 5, 6], "texture": "#3"},
				"down": {"uv": [7, 5, 6, 6], "texture": "#3"}
			}
		},
		{
			"name": "hexadecagon",
			"from": [7.96022, 0.6, 6.85],
			"to": [8.03978, 1, 7.35],
			"rotation": {"angle": -45, "axis": "z", "origin": [8, 0.8, 7.1]},
			"faces": {
				"north": {"uv": [6, 6, 7, 7], "texture": "#3"},
				"east": {"uv": [0, 7, 1, 8], "texture": "#3"},
				"south": {"uv": [7, 0, 8, 1], "texture": "#3"},
				"west": {"uv": [1, 7, 2, 8], "texture": "#3"},
				"up": {"uv": [8, 2, 7, 1], "texture": "#3"},
				"down": {"uv": [3, 7, 2, 8], "texture": "#3"}
			}
		},
		{
			"name": "hexadecagon",
			"from": [7.96022, 0.6, 6.85],
			"to": [8.03978, 1, 7.35],
			"rotation": {"angle": -22.5, "axis": "z", "origin": [8, 0.8, 7.1]},
			"faces": {
				"north": {"uv": [7, 2, 8, 3], "texture": "#3"},
				"east": {"uv": [3, 7, 4, 8], "texture": "#3"},
				"south": {"uv": [7, 3, 8, 4], "texture": "#3"},
				"west": {"uv": [4, 7, 5, 8], "texture": "#3"},
				"up": {"uv": [8, 5, 7, 4], "texture": "#3"},
				"down": {"uv": [6, 7, 5, 8], "texture": "#3"}
			}
		},
		{
			"name": "hexadecagon",
			"from": [7.96022, 0.6, 6.85],
			"to": [8.03978, 1, 7.35],
			"rotation": {"angle": 0, "axis": "y", "origin": [8, 0.8, 7.1]},
			"faces": {
				"north": {"uv": [7, 5, 8, 6], "texture": "#3"},
				"east": {"uv": [6, 7, 7, 8], "texture": "#3"},
				"south": {"uv": [7, 6, 8, 7], "texture": "#3"},
				"west": {"uv": [7, 7, 8, 8], "texture": "#3"},
				"up": {"uv": [1, 9, 0, 8], "texture": "#3"},
				"down": {"uv": [9, 0, 8, 1], "texture": "#3"}
			}
		},
		{
			"name": "hexadecagon",
			"from": [7.96022, 0.6, 6.85],
			"to": [8.03978, 1, 7.35],
			"rotation": {"angle": 22.5, "axis": "z", "origin": [8, 0.8, 7.1]},
			"faces": {
				"north": {"uv": [1, 8, 2, 9], "texture": "#3"},
				"east": {"uv": [8, 1, 9, 2], "texture": "#3"},
				"south": {"uv": [2, 8, 3, 9], "texture": "#3"},
				"west": {"uv": [8, 2, 9, 3], "texture": "#3"},
				"up": {"uv": [4, 9, 3, 8], "texture": "#3"},
				"down": {"uv": [9, 3, 8, 4], "texture": "#3"}
			}
		},
		{
			"name": "hexadecagon",
			"from": [7.96022, 0.6, 6.85],
			"to": [8.03978, 1, 7.35],
			"rotation": {"angle": 45, "axis": "z", "origin": [8, 0.8, 7.1]},
			"faces": {
				"north": {"uv": [4, 8, 5, 9], "texture": "#3"},
				"east": {"uv": [8, 4, 9, 5], "texture": "#3"},
				"south": {"uv": [5, 8, 6, 9], "texture": "#3"},
				"west": {"uv": [8, 5, 9, 6], "texture": "#3"},
				"up": {"uv": [7, 9, 6, 8], "texture": "#3"},
				"down": {"uv": [9, 6, 8, 7], "texture": "#3"}
			}
		},
		{
			"name": "hexadecagon",
			"from": [7.8, 0.76022, 6.85],
			"to": [8.2, 0.83978, 7.35],
			"rotation": {"angle": -22.5, "axis": "z", "origin": [8, 0.8, 7.1]},
			"faces": {
				"north": {"uv": [7, 8, 8, 9], "texture": "#3"},
				"east": {"uv": [8, 7, 9, 8], "texture": "#3"},
				"south": {"uv": [8, 8, 9, 9], "texture": "#3"},
				"west": {"uv": [0, 9, 1, 10], "texture": "#3"},
				"up": {"uv": [10, 1, 9, 0], "texture": "#3"},
				"down": {"uv": [2, 9, 1, 10], "texture": "#3"}
			}
		},
		{
			"name": "hexadecagon",
			"from": [7.8, 0.76022, 6.85],
			"to": [8.2, 0.83978, 7.35],
			"rotation": {"angle": 0, "axis": "y", "origin": [8, 0.8, 7.1]},
			"faces": {
				"north": {"uv": [9, 1, 10, 2], "texture": "#3"},
				"east": {"uv": [2, 9, 3, 10], "texture": "#3"},
				"south": {"uv": [9, 2, 10, 3], "texture": "#3"},
				"west": {"uv": [3, 9, 4, 10], "texture": "#3"},
				"up": {"uv": [10, 4, 9, 3], "texture": "#3"},
				"down": {"uv": [5, 9, 4, 10], "texture": "#3"}
			}
		},
		{
			"name": "hexadecagon",
			"from": [7.8, 0.76022, 6.85],
			"to": [8.2, 0.83978, 7.35],
			"rotation": {"angle": 22.5, "axis": "z", "origin": [8, 0.8, 7.1]},
			"faces": {
				"north": {"uv": [9, 4, 10, 5], "texture": "#3"},
				"east": {"uv": [5, 9, 6, 10], "texture": "#3"},
				"south": {"uv": [9, 5, 10, 6], "texture": "#3"},
				"west": {"uv": [6, 9, 7, 10], "texture": "#3"},
				"up": {"uv": [10, 7, 9, 6], "texture": "#3"},
				"down": {"uv": [8, 9, 7, 10], "texture": "#3"}
			}
		},
		{
			"name": "hexadecagon",
			"from": [7.96022, 2.4, 6.85],
			"to": [8.03978, 2.8, 7.35],
			"rotation": {"angle": -45, "axis": "z", "origin": [8, 2.6, 7.1]},
			"faces": {
				"north": {"uv": [9, 7, 10, 8], "texture": "#3"},
				"east": {"uv": [8, 9, 9, 10], "texture": "#3"},
				"south": {"uv": [9, 8, 10, 9], "texture": "#3"},
				"west": {"uv": [9, 9, 10, 10], "texture": "#3"},
				"up": {"uv": [1, 11, 0, 10], "texture": "#3"},
				"down": {"uv": [11, 0, 10, 1], "texture": "#3"}
			}
		},
		{
			"name": "hexadecagon",
			"from": [7.96022, 2.4, 6.85],
			"to": [8.03978, 2.8, 7.35],
			"rotation": {"angle": -22.5, "axis": "z", "origin": [8, 2.6, 7.1]},
			"faces": {
				"north": {"uv": [1, 10, 2, 11], "texture": "#3"},
				"east": {"uv": [10, 1, 11, 2], "texture": "#3"},
				"south": {"uv": [2, 10, 3, 11], "texture": "#3"},
				"west": {"uv": [10, 2, 11, 3], "texture": "#3"},
				"up": {"uv": [4, 11, 3, 10], "texture": "#3"},
				"down": {"uv": [11, 3, 10, 4], "texture": "#3"}
			}
		},
		{
			"name": "hexadecagon",
			"from": [7.96022, 2.4, 6.85],
			"to": [8.03978, 2.8, 7.35],
			"rotation": {"angle": 0, "axis": "y", "origin": [8, 2.6, 7.1]},
			"faces": {
				"north": {"uv": [4, 10, 5, 11], "texture": "#3"},
				"east": {"uv": [10, 4, 11, 5], "texture": "#3"},
				"south": {"uv": [5, 10, 6, 11], "texture": "#3"},
				"west": {"uv": [10, 5, 11, 6], "texture": "#3"},
				"up": {"uv": [7, 11, 6, 10], "texture": "#3"},
				"down": {"uv": [11, 6, 10, 7], "texture": "#3"}
			}
		},
		{
			"name": "hexadecagon",
			"from": [7.96022, 2.4, 6.85],
			"to": [8.03978, 2.8, 7.35],
			"rotation": {"angle": 22.5, "axis": "z", "origin": [8, 2.6, 7.1]},
			"faces": {
				"north": {"uv": [7, 10, 8, 11], "texture": "#3"},
				"east": {"uv": [10, 7, 11, 8], "texture": "#3"},
				"south": {"uv": [8, 10, 9, 11], "texture": "#3"},
				"west": {"uv": [10, 8, 11, 9], "texture": "#3"},
				"up": {"uv": [10, 11, 9, 10], "texture": "#3"},
				"down": {"uv": [11, 9, 10, 10], "texture": "#3"}
			}
		},
		{
			"name": "hexadecagon",
			"from": [7.96022, 2.4, 6.85],
			"to": [8.03978, 2.8, 7.35],
			"rotation": {"angle": 45, "axis": "z", "origin": [8, 2.6, 7.1]},
			"faces": {
				"north": {"uv": [10, 10, 11, 11], "texture": "#3"},
				"east": {"uv": [0, 11, 1, 12], "texture": "#3"},
				"south": {"uv": [11, 0, 12, 1], "texture": "#3"},
				"west": {"uv": [1, 11, 2, 12], "texture": "#3"},
				"up": {"uv": [12, 2, 11, 1], "texture": "#3"},
				"down": {"uv": [3, 11, 2, 12], "texture": "#3"}
			}
		},
		{
			"name": "hexadecagon",
			"from": [7.8, 2.56022, 6.85],
			"to": [8.2, 2.63978, 7.35],
			"rotation": {"angle": -22.5, "axis": "z", "origin": [8, 2.6, 7.1]},
			"faces": {
				"north": {"uv": [11, 2, 12, 3], "texture": "#3"},
				"east": {"uv": [3, 11, 4, 12], "texture": "#3"},
				"south": {"uv": [11, 3, 12, 4], "texture": "#3"},
				"west": {"uv": [4, 11, 5, 12], "texture": "#3"},
				"up": {"uv": [12, 5, 11, 4], "texture": "#3"},
				"down": {"uv": [6, 11, 5, 12], "texture": "#3"}
			}
		},
		{
			"name": "hexadecagon",
			"from": [7.8, 2.56022, 6.85],
			"to": [8.2, 2.63978, 7.35],
			"rotation": {"angle": 0, "axis": "y", "origin": [8, 2.6, 7.1]},
			"faces": {
				"north": {"uv": [11, 5, 12, 6], "texture": "#3"},
				"east": {"uv": [6, 11, 7, 12], "texture": "#3"},
				"south": {"uv": [11, 6, 12, 7], "texture": "#3"},
				"west": {"uv": [7, 11, 8, 12], "texture": "#3"},
				"up": {"uv": [12, 8, 11, 7], "texture": "#3"},
				"down": {"uv": [9, 11, 8, 12], "texture": "#3"}
			}
		},
		{
			"name": "hexadecagon",
			"from": [7.8, 2.56022, 6.85],
			"to": [8.2, 2.63978, 7.35],
			"rotation": {"angle": 22.5, "axis": "z", "origin": [8, 2.6, 7.1]},
			"faces": {
				"north": {"uv": [11, 8, 12, 9], "texture": "#3"},
				"east": {"uv": [9, 11, 10, 12], "texture": "#3"},
				"south": {"uv": [11, 9, 12, 10], "texture": "#3"},
				"west": {"uv": [10, 11, 11, 12], "texture": "#3"},
				"up": {"uv": [12, 11, 11, 10], "texture": "#3"},
				"down": {"uv": [12, 11, 11, 12], "texture": "#3"}
			}
		},
		{
			"name": "hexadecagon",
			"from": [7.65136, 4.75, 7.05],
			"to": [8.14864, 5.25, 9.55],
			"rotation": {"angle": -45, "axis": "y", "origin": [7.9, 5, 8.3]},
			"faces": {
				"north": {"uv": [12, 8.5, 12.5, 9], "texture": "#1"},
				"east": {"uv": [8, 0, 9.5, 0.5], "texture": "#1"},
				"south": {"uv": [9, 12, 9.5, 12.5], "texture": "#1"},
				"west": {"uv": [8, 0.5, 9.5, 1], "texture": "#1"},
				"up": {"uv": [8.5, 2.5, 8, 1], "texture": "#1"},
				"down": {"uv": [8.5, 2.5, 8, 4], "texture": "#1"}
			}
		},
		{
			"name": "hexadecagon",
			"from": [7.65136, 4.75, 7.05],
			"to": [8.14864, 5.25, 9.55],
			"rotation": {"angle": -22.5, "axis": "y", "origin": [7.9, 5, 8.3]},
			"faces": {
				"north": {"uv": [12, 9, 12.5, 9.5], "texture": "#1"},
				"east": {"uv": [8, 4, 9.5, 4.5], "texture": "#1"},
				"south": {"uv": [9.5, 12, 10, 12.5], "texture": "#1"},
				"west": {"uv": [8, 4.5, 9.5, 5], "texture": "#1"},
				"up": {"uv": [8.5, 6.5, 8, 5], "texture": "#1"},
				"down": {"uv": [8.5, 6.5, 8, 8], "texture": "#1"}
			}
		},
		{
			"name": "hexadecagon",
			"from": [7.65136, 4.75, 7.05],
			"to": [8.14864, 5.25, 9.55],
			"rotation": {"angle": 0, "axis": "y", "origin": [7.9, 5, 8.3]},
			"faces": {
				"north": {"uv": [12, 9.5, 12.5, 10], "texture": "#1"},
				"east": {"uv": [8, 8, 9.5, 8.5], "texture": "#1"},
				"south": {"uv": [10, 12, 10.5, 12.5], "texture": "#1"},
				"west": {"uv": [8.5, 1, 10, 1.5], "texture": "#1"},
				"up": {"uv": [9, 3, 8.5, 1.5], "texture": "#1"},
				"down": {"uv": [9, 5, 8.5, 6.5], "texture": "#1"}
			}
		},
		{
			"name": "hexadecagon",
			"from": [7.65136, 4.75, 7.05],
			"to": [8.14864, 5.25, 9.55],
			"rotation": {"angle": 22.5, "axis": "y", "origin": [7.9, 5, 8.3]},
			"faces": {
				"north": {"uv": [12, 10, 12.5, 10.5], "texture": "#1"},
				"east": {"uv": [8.5, 3, 10, 3.5], "texture": "#1"},
				"south": {"uv": [10.5, 12, 11, 12.5], "texture": "#1"},
				"west": {"uv": [8.5, 3.5, 10, 4], "texture": "#1"},
				"up": {"uv": [9, 8, 8.5, 6.5], "texture": "#1"},
				"down": {"uv": [8.5, 8.5, 8, 10], "texture": "#1"}
			}
		},
		{
			"name": "hexadecagon",
			"from": [7.65136, 4.75, 7.05],
			"to": [8.14864, 5.25, 9.55],
			"rotation": {"angle": 45, "axis": "y", "origin": [7.9, 5, 8.3]},
			"faces": {
				"north": {"uv": [11, 12, 11.5, 12.5], "texture": "#1"},
				"east": {"uv": [8.5, 8.5, 10, 9], "texture": "#1"},
				"south": {"uv": [12, 11, 12.5, 11.5], "texture": "#1"},
				"west": {"uv": [9, 1.5, 10.5, 2], "texture": "#1"},
				"up": {"uv": [9.5, 6.5, 9, 5], "texture": "#1"},
				"down": {"uv": [9.5, 6.5, 9, 8], "texture": "#1"}
			}
		},
		{
			"name": "hexadecagon",
			"from": [6.65, 4.75, 8.05136],
			"to": [9.15, 5.25, 8.54864],
			"rotation": {"angle": -22.5, "axis": "y", "origin": [7.9, 5, 8.3]},
			"faces": {
				"north": {"uv": [9, 2, 10.5, 2.5], "texture": "#1"},
				"east": {"uv": [11.5, 12, 12, 12.5], "texture": "#1"},
				"south": {"uv": [9, 2.5, 10.5, 3], "texture": "#1"},
				"west": {"uv": [12, 11.5, 12.5, 12], "texture": "#1"},
				"up": {"uv": [10, 9.5, 8.5, 9], "texture": "#1"},
				"down": {"uv": [11, 0, 9.5, 0.5], "texture": "#1"}
			}
		},
		{
			"name": "hexadecagon",
			"from": [6.65, 4.75, 8.05136],
			"to": [9.15, 5.25, 8.54864],
			"rotation": {"angle": 0, "axis": "y", "origin": [7.9, 5, 8.3]},
			"faces": {
				"north": {"uv": [9.5, 0.5, 11, 1], "texture": "#1"},
				"east": {"uv": [12, 12, 12.5, 12.5], "texture": "#1"},
				"south": {"uv": [9.5, 4, 11, 4.5], "texture": "#1"},
				"west": {"uv": [12.5, 0, 13, 0.5], "texture": "#1"},
				"up": {"uv": [11, 5, 9.5, 4.5], "texture": "#1"},
				"down": {"uv": [11, 5, 9.5, 5.5], "texture": "#1"}
			}
		},
		{
			"name": "hexadecagon",
			"from": [6.65, 4.75, 8.05136],
			"to": [9.15, 5.25, 8.54864],
			"rotation": {"angle": 22.5, "axis": "y", "origin": [7.9, 5, 8.3]},
			"faces": {
				"north": {"uv": [9.5, 5.5, 11, 6], "texture": "#1"},
				"east": {"uv": [12.5, 0.5, 13, 1], "texture": "#1"},
				"south": {"uv": [9.5, 6, 11, 6.5], "texture": "#1"},
				"west": {"uv": [12.5, 1.5, 13, 2], "texture": "#1"},
				"up": {"uv": [11, 7, 9.5, 6.5], "texture": "#1"},
				"down": {"uv": [11, 7, 9.5, 7.5], "texture": "#1"}
			}
		},
		{
			"name": "hexadecagon",
			"from": [7.70109, 5.05, 7.3],
			"to": [8.09891, 5.55, 9.3],
			"rotation": {"angle": -45, "axis": "y", "origin": [7.9, 5.3, 8.3]},
			"faces": {
				"north": {"uv": [12.5, 2, 13, 2.5], "texture": "#1"},
				"east": {"uv": [9.5, 7.5, 10.5, 8], "texture": "#1"},
				"south": {"uv": [12.5, 3.5, 13, 4], "texture": "#1"},
				"west": {"uv": [9.5, 8, 10.5, 8.5], "texture": "#1"},
				"up": {"uv": [9, 10.5, 8.5, 9.5], "texture": "#1"},
				"down": {"uv": [9.5, 9.5, 9, 10.5], "texture": "#1"}
			}
		},
		{
			"name": "hexadecagon",
			"from": [7.70109, 5.05, 7.3],
			"to": [8.09891, 5.55, 9.3],
			"rotation": {"angle": -22.5, "axis": "y", "origin": [7.9, 5.3, 8.3]},
			"faces": {
				"north": {"uv": [8, 12.5, 8.5, 13], "texture": "#1"},
				"east": {"uv": [9.5, 9.5, 10.5, 10], "texture": "#1"},
				"south": {"uv": [8.5, 12.5, 9, 13], "texture": "#1"},
				"west": {"uv": [10, 1, 11, 1.5], "texture": "#1"},
				"up": {"uv": [10.5, 4, 10, 3], "texture": "#1"},
				"down": {"uv": [8.5, 10, 8, 11], "texture": "#1"}
			}
		},
		{
			"name": "hexadecagon",
			"from": [7.70109, 5.05, 7.3],
			"to": [8.09891, 5.55, 9.3],
			"rotation": {"angle": 0, "axis": "y", "origin": [7.9, 5.3, 8.3]},
			"faces": {
				"north": {"uv": [12.5, 8.5, 13, 9], "texture": "#1"},
				"east": {"uv": [10, 8.5, 11, 9], "texture": "#1"},
				"south": {"uv": [9, 12.5, 9.5, 13], "texture": "#1"},
				"west": {"uv": [10, 9, 11, 9.5], "texture": "#1"},
				"up": {"uv": [10, 11, 9.5, 10], "texture": "#1"},
				"down": {"uv": [10.5, 10, 10, 11], "texture": "#1"}
			}
		},
		{
			"name": "hexadecagon",
			"from": [7.70109, 5.05, 7.3],
			"to": [8.09891, 5.55, 9.3],
			"rotation": {"angle": 22.5, "axis": "y", "origin": [7.9, 5.3, 8.3]},
			"faces": {
				"north": {"uv": [12.5, 9, 13, 9.5], "texture": "#1"},
				"east": {"uv": [10.5, 1.5, 11.5, 2], "texture": "#1"},
				"south": {"uv": [9.5, 12.5, 10, 13], "texture": "#1"},
				"west": {"uv": [10.5, 2, 11.5, 2.5], "texture": "#1"},
				"up": {"uv": [11, 3.5, 10.5, 2.5], "texture": "#1"},
				"down": {"uv": [11, 7.5, 10.5, 8.5], "texture": "#1"}
			}
		},
		{
			"name": "hexadecagon",
			"from": [7.70109, 5.05, 7.3],
			"to": [8.09891, 5.55, 9.3],
			"rotation": {"angle": 45, "axis": "y", "origin": [7.9, 5.3, 8.3]},
			"faces": {
				"north": {"uv": [12.5, 9.5, 13, 10], "texture": "#1"},
				"east": {"uv": [10.5, 3.5, 11.5, 4], "texture": "#1"},
				"south": {"uv": [10, 12.5, 10.5, 13], "texture": "#1"},
				"west": {"uv": [8.5, 10.5, 9.5, 11], "texture": "#1"},
				"up": {"uv": [11, 10.5, 10.5, 9.5], "texture": "#1"},
				"down": {"uv": [11, 10.5, 10.5, 11.5], "texture": "#1"}
			}
		},
		{
			"name": "hexadecagon",
			"from": [6.9, 5.05, 8.10109],
			"to": [8.9, 5.55, 8.49891],
			"rotation": {"angle": -22.5, "axis": "y", "origin": [7.9, 5.3, 8.3]},
			"faces": {
				"north": {"uv": [11, 0, 12, 0.5], "texture": "#1"},
				"east": {"uv": [12.5, 10, 13, 10.5], "texture": "#1"},
				"south": {"uv": [11, 0.5, 12, 1], "texture": "#1"},
				"west": {"uv": [10.5, 12.5, 11, 13], "texture": "#1"},
				"up": {"uv": [12, 1.5, 11, 1], "texture": "#1"},
				"down": {"uv": [12, 2.5, 11, 3], "texture": "#1"}
			}
		},
		{
			"name": "hexadecagon",
			"from": [6.9, 5.05, 8.10109],
			"to": [8.9, 5.55, 8.49891],
			"rotation": {"angle": 0, "axis": "y", "origin": [7.9, 5.3, 8.3]},
			"faces": {
				"north": {"uv": [11, 3, 12, 3.5], "texture": "#1"},
				"east": {"uv": [12.5, 10.5, 13, 11], "texture": "#1"},
				"south": {"uv": [11, 4, 12, 4.5], "texture": "#1"},
				"west": {"uv": [11, 12.5, 11.5, 13], "texture": "#1"},
				"up": {"uv": [12, 5, 11, 4.5], "texture": "#1"},
				"down": {"uv": [12, 5, 11, 5.5], "texture": "#1"}
			}
		},
		{
			"name": "hexadecagon",
			"from": [6.9, 5.05, 8.10109],
			"to": [8.9, 5.55, 8.49891],
			"rotation": {"angle": 22.5, "axis": "y", "origin": [7.9, 5.3, 8.3]},
			"faces": {
				"north": {"uv": [11, 5.5, 12, 6], "texture": "#1"},
				"east": {"uv": [12.5, 11, 13, 11.5], "texture": "#1"},
				"south": {"uv": [11, 6, 12, 6.5], "texture": "#1"},
				"west": {"uv": [11.5, 12.5, 12, 13], "texture": "#1"},
				"up": {"uv": [12, 7, 11, 6.5], "texture": "#1"},
				"down": {"uv": [12, 7, 11, 7.5], "texture": "#1"}
			}
		},
		{
			"name": "hexadecagon",
			"from": [7.80054, 5.65, 7.8],
			"to": [7.99946, 18.25, 8.8],
			"rotation": {"angle": -45, "axis": "y", "origin": [7.9, 5.9, 8.3]},
			"faces": {
				"north": {"uv": [0, 0, 0.5, 6.5], "texture": "#1"},
				"east": {"uv": [0.5, 0, 1, 6.5], "texture": "#1"},
				"south": {"uv": [1, 0, 1.5, 6.5], "texture": "#1"},
				"west": {"uv": [1.5, 0, 2, 6.5], "texture": "#1"},
				"up": {"uv": [13, 12, 12.5, 11.5], "texture": "#1"},
				"down": {"uv": [12.5, 12.5, 12, 13], "texture": "#1"}
			}
		},
		{
			"name": "hexadecagon",
			"from": [7.80054, 5.65, 7.8],
			"to": [7.99946, 18.25, 8.8],
			"rotation": {"angle": -22.5, "axis": "y", "origin": [7.9, 5.9, 8.3]},
			"faces": {
				"north": {"uv": [2, 0, 2.5, 6.5], "texture": "#1"},
				"east": {"uv": [2.5, 0, 3, 6.5], "texture": "#1"},
				"south": {"uv": [3, 0, 3.5, 6.5], "texture": "#1"},
				"west": {"uv": [3.5, 0, 4, 6.5], "texture": "#1"},
				"up": {"uv": [13, 12.5, 12.5, 12], "texture": "#1"},
				"down": {"uv": [13, 12.5, 12.5, 13], "texture": "#1"}
			}
		},
		{
			"name": "hexadecagon",
			"from": [7.80054, 5.65, 7.8],
			"to": [7.99946, 18.25, 8.8],
			"rotation": {"angle": 0, "axis": "y", "origin": [7.9, 5.9, 8.3]},
			"faces": {
				"north": {"uv": [4, 0, 4.5, 6.5], "texture": "#1"},
				"east": {"uv": [4.5, 0, 5, 6.5], "texture": "#1"},
				"south": {"uv": [5, 0, 5.5, 6.5], "texture": "#1"},
				"west": {"uv": [5.5, 0, 6, 6.5], "texture": "#1"},
				"up": {"uv": [0.5, 13.5, 0, 13], "texture": "#1"},
				"down": {"uv": [13.5, 0, 13, 0.5], "texture": "#1"}
			}
		},
		{
			"name": "hexadecagon",
			"from": [7.80054, 5.65, 7.8],
			"to": [7.99946, 18.25, 8.8],
			"rotation": {"angle": 22.5, "axis": "y", "origin": [7.9, 5.9, 8.3]},
			"faces": {
				"north": {"uv": [6, 0, 6.5, 6.5], "texture": "#1"},
				"east": {"uv": [0, 6.5, 0.5, 13], "texture": "#1"},
				"south": {"uv": [6.5, 0, 7, 6.5], "texture": "#1"},
				"west": {"uv": [0.5, 6.5, 1, 13], "texture": "#1"},
				"up": {"uv": [1, 13.5, 0.5, 13], "texture": "#1"},
				"down": {"uv": [13.5, 0.5, 13, 1], "texture": "#1"}
			}
		},
		{
			"name": "hexadecagon",
			"from": [7.80054, 5.65, 7.8],
			"to": [7.99946, 18.25, 8.8],
			"rotation": {"angle": 45, "axis": "y", "origin": [7.9, 5.9, 8.3]},
			"faces": {
				"north": {"uv": [1, 6.5, 1.5, 13], "texture": "#1"},
				"east": {"uv": [1.5, 6.5, 2, 13], "texture": "#1"},
				"south": {"uv": [2, 6.5, 2.5, 13], "texture": "#1"},
				"west": {"uv": [2.5, 6.5, 3, 13], "texture": "#1"},
				"up": {"uv": [1.5, 13.5, 1, 13], "texture": "#1"},
				"down": {"uv": [13.5, 1, 13, 1.5], "texture": "#1"}
			}
		},
		{
			"name": "hexadecagon",
			"from": [7.4, 5.65, 8.20054],
			"to": [8.4, 18.25, 8.39946],
			"rotation": {"angle": -22.5, "axis": "y", "origin": [7.9, 5.9, 8.3]},
			"faces": {
				"north": {"uv": [3, 6.5, 3.5, 13], "texture": "#1"},
				"east": {"uv": [3.5, 6.5, 4, 13], "texture": "#1"},
				"south": {"uv": [4, 6.5, 4.5, 13], "texture": "#1"},
				"west": {"uv": [4.5, 6.5, 5, 13], "texture": "#1"},
				"up": {"uv": [2, 13.5, 1.5, 13], "texture": "#1"},
				"down": {"uv": [13.5, 1.5, 13, 2], "texture": "#1"}
			}
		},
		{
			"name": "hexadecagon",
			"from": [7.4, 5.65, 8.20054],
			"to": [8.4, 18.25, 8.39946],
			"rotation": {"angle": 0, "axis": "y", "origin": [7.9, 5.9, 8.3]},
			"faces": {
				"north": {"uv": [5, 6.5, 5.5, 13], "texture": "#1"},
				"east": {"uv": [5.5, 6.5, 6, 13], "texture": "#1"},
				"south": {"uv": [6, 6.5, 6.5, 13], "texture": "#1"},
				"west": {"uv": [6.5, 6.5, 7, 13], "texture": "#1"},
				"up": {"uv": [2.5, 13.5, 2, 13], "texture": "#1"},
				"down": {"uv": [13.5, 2, 13, 2.5], "texture": "#1"}
			}
		},
		{
			"name": "hexadecagon",
			"from": [7.4, 5.65, 8.20054],
			"to": [8.4, 18.25, 8.39946],
			"rotation": {"angle": 22.5, "axis": "y", "origin": [7.9, 5.9, 8.3]},
			"faces": {
				"north": {"uv": [7, 0, 7.5, 6.5], "texture": "#1"},
				"east": {"uv": [7, 6.5, 7.5, 13], "texture": "#1"},
				"south": {"uv": [7.5, 0, 8, 6.5], "texture": "#1"},
				"west": {"uv": [7.5, 6.5, 8, 13], "texture": "#1"},
				"up": {"uv": [3, 13.5, 2.5, 13], "texture": "#1"},
				"down": {"uv": [13.5, 2.5, 13, 3], "texture": "#1"}
			}
		},
		{
			"name": "hexadecagon",
			"from": [7.75082, 5.35, 7.55],
			"to": [8.04918, 5.85, 9.05],
			"rotation": {"angle": -45, "axis": "y", "origin": [7.9, 5.6, 8.3]},
			"faces": {
				"north": {"uv": [3, 13, 3.5, 13.5], "texture": "#1"},
				"east": {"uv": [11, 7.5, 12, 8], "texture": "#1"},
				"south": {"uv": [13, 3, 13.5, 3.5], "texture": "#1"},
				"west": {"uv": [8, 11, 9, 11.5], "texture": "#1"},
				"up": {"uv": [11.5, 9, 11, 8], "texture": "#1"},
				"down": {"uv": [9.5, 11, 9, 12], "texture": "#1"}
			}
		},
		{
			"name": "hexadecagon",
			"from": [7.75082, 5.35, 7.55],
			"to": [8.04918, 5.85, 9.05],
			"rotation": {"angle": -22.5, "axis": "y", "origin": [7.9, 5.6, 8.3]},
			"faces": {
				"north": {"uv": [3.5, 13, 4, 13.5], "texture": "#1"},
				"east": {"uv": [11, 9, 12, 9.5], "texture": "#1"},
				"south": {"uv": [13, 3.5, 13.5, 4], "texture": "#1"},
				"west": {"uv": [9.5, 11, 10.5, 11.5], "texture": "#1"},
				"up": {"uv": [11.5, 10.5, 11, 9.5], "texture": "#1"},
				"down": {"uv": [11.5, 10.5, 11, 11.5], "texture": "#1"}
			}
		},
		{
			"name": "hexadecagon",
			"from": [7.75082, 5.35, 7.55],
			"to": [8.04918, 5.85, 9.05],
			"rotation": {"angle": 0, "axis": "y", "origin": [7.9, 5.6, 8.3]},
			"faces": {
				"north": {"uv": [4, 13, 4.5, 13.5], "texture": "#1"},
				"east": {"uv": [11.5, 1.5, 12.5, 2], "texture": "#1"},
				"south": {"uv": [13, 4, 13.5, 4.5], "texture": "#1"},
				"west": {"uv": [11.5, 2, 12.5, 2.5], "texture": "#1"},
				"up": {"uv": [8.5, 12.5, 8, 11.5], "texture": "#1"},
				"down": {"uv": [12, 8, 11.5, 9], "texture": "#1"}
			}
		},
		{
			"name": "hexadecagon",
			"from": [7.75082, 5.35, 7.55],
			"to": [8.04918, 5.85, 9.05],
			"rotation": {"angle": 22.5, "axis": "y", "origin": [7.9, 5.6, 8.3]},
			"faces": {
				"north": {"uv": [4.5, 13, 5, 13.5], "texture": "#1"},
				"east": {"uv": [11.5, 3.5, 12.5, 4], "texture": "#1"},
				"south": {"uv": [13, 4.5, 13.5, 5], "texture": "#1"},
				"west": {"uv": [9.5, 11.5, 10.5, 12], "texture": "#1"},
				"up": {"uv": [9, 12.5, 8.5, 11.5], "texture": "#1"},
				"down": {"uv": [12, 9.5, 11.5, 10.5], "texture": "#1"}
			}
		},
		{
			"name": "hexadecagon",
			"from": [7.75082, 5.35, 7.55],
			"to": [8.04918, 5.85, 9.05],
			"rotation": {"angle": 45, "axis": "y", "origin": [7.9, 5.6, 8.3]},
			"faces": {
				"north": {"uv": [5, 13, 5.5, 13.5], "texture": "#1"},
				"east": {"uv": [10.5, 11.5, 11.5, 12], "texture": "#1"},
				"south": {"uv": [13, 5, 13.5, 5.5], "texture": "#1"},
				"west": {"uv": [11.5, 10.5, 12.5, 11], "texture": "#1"},
				"up": {"uv": [12, 12, 11.5, 11], "texture": "#1"},
				"down": {"uv": [12.5, 0, 12, 1], "texture": "#1"}
			}
		},
		{
			"name": "hexadecagon",
			"from": [7.15, 5.35, 8.15082],
			"to": [8.65, 5.85, 8.44918],
			"rotation": {"angle": -22.5, "axis": "y", "origin": [7.9, 5.6, 8.3]},
			"faces": {
				"north": {"uv": [12, 1, 13, 1.5], "texture": "#1"},
				"east": {"uv": [5.5, 13, 6, 13.5], "texture": "#1"},
				"south": {"uv": [12, 2.5, 13, 3], "texture": "#1"},
				"west": {"uv": [13, 5.5, 13.5, 6], "texture": "#1"},
				"up": {"uv": [13, 3.5, 12, 3], "texture": "#1"},
				"down": {"uv": [13, 4, 12, 4.5], "texture": "#1"}
			}
		},
		{
			"name": "hexadecagon",
			"from": [7.15, 5.35, 8.15082],
			"to": [8.65, 5.85, 8.44918],
			"rotation": {"angle": 0, "axis": "y", "origin": [7.9, 5.6, 8.3]},
			"faces": {
				"north": {"uv": [12, 4.5, 13, 5], "texture": "#1"},
				"east": {"uv": [6, 13, 6.5, 13.5], "texture": "#1"},
				"south": {"uv": [12, 5, 13, 5.5], "texture": "#1"},
				"west": {"uv": [13, 6, 13.5, 6.5], "texture": "#1"},
				"up": {"uv": [13, 6, 12, 5.5], "texture": "#1"},
				"down": {"uv": [13, 6, 12, 6.5], "texture": "#1"}
			}
		},
		{
			"name": "hexadecagon",
			"from": [7.15, 5.35, 8.15082],
			"to": [8.65, 5.85, 8.44918],
			"rotation": {"angle": 22.5, "axis": "y", "origin": [7.9, 5.6, 8.3]},
			"faces": {
				"north": {"uv": [12, 6.5, 13, 7], "texture": "#1"},
				"east": {"uv": [6.5, 13, 7, 13.5], "texture": "#1"},
				"south": {"uv": [12, 7, 13, 7.5], "texture": "#1"},
				"west": {"uv": [13, 6.5, 13.5, 7], "texture": "#1"},
				"up": {"uv": [13, 8, 12, 7.5], "texture": "#1"},
				"down": {"uv": [13, 8, 12, 8.5], "texture": "#1"}
			}
		},
		{
			"from": [7.4, 0.1, 7],
			"to": [8.5, 5.1, 7.4],
			"rotation": {"angle": 0, "axis": "y", "origin": [0, -7.9, 0]},
			"faces": {
				"north": {"uv": [0, 0, 1, 5], "texture": "#0"},
				"east": {"uv": [1, 0, 2, 5], "texture": "#0"},
				"south": {"uv": [2, 0, 3, 5], "texture": "#0"},
				"west": {"uv": [3, 0, 4, 5], "texture": "#0"},
				"up": {"uv": [12, 3, 11, 2], "texture": "#0"},
				"down": {"uv": [12, 3, 11, 4], "texture": "#0"}
			}
		},
		{
			"from": [7.2, 0.2, 7.4],
			"to": [8.6, 0.2, 9.4],
			"rotation": {"angle": 0, "axis": "y", "origin": [0, -7.9, 0]},
			"faces": {
				"north": {"uv": [0, 0, 1, 0], "texture": "#0"},
				"east": {"uv": [0, 0, 2, 0], "texture": "#0"},
				"south": {"uv": [0, 0, 1, 0], "texture": "#0"},
				"west": {"uv": [0, 0, 2, 0], "texture": "#0"},
				"up": {"uv": [11, 12, 10, 10], "texture": "#0"},
				"down": {"uv": [12, 0, 11, 2], "texture": "#0"}
			}
		},
		{
			"from": [8.6, 0.2, 7.6],
			"to": [9, 0.2, 9.1],
			"rotation": {"angle": 0, "axis": "y", "origin": [0, -7.9, 0]},
			"faces": {
				"north": {"uv": [0, 0, 1, 0], "texture": "#0"},
				"east": {"uv": [0, 0, 1, 0], "texture": "#0"},
				"south": {"uv": [0, 0, 1, 0], "texture": "#0"},
				"west": {"uv": [0, 0, 1, 0], "texture": "#0"},
				"up": {"uv": [12, 5, 11, 4], "texture": "#0"},
				"down": {"uv": [12, 5, 11, 6], "texture": "#0"}
			}
		},
		{
			"from": [6.8, 0.2, 7.7],
			"to": [7.2, 0.2, 8.9],
			"rotation": {"angle": 0, "axis": "y", "origin": [0, -7.9, 0]},
			"faces": {
				"north": {"uv": [0, 0, 1, 0], "texture": "#0"},
				"east": {"uv": [0, 0, 1, 0], "texture": "#0"},
				"south": {"uv": [0, 0, 1, 0], "texture": "#0"},
				"west": {"uv": [0, 0, 1, 0], "texture": "#0"},
				"up": {"uv": [12, 7, 11, 6], "texture": "#0"},
				"down": {"uv": [12, 7, 11, 8], "texture": "#0"}
			}
		},
		{
			"from": [15.6364, 0.1, 4.11558],
			"to": [16.0364, 5.1, 5.21558],
			"rotation": {"angle": -45, "axis": "y", "origin": [8.0364, -7.9, -4.38442]},
			"faces": {
				"north": {"uv": [4, 0, 5, 5], "texture": "#0"},
				"east": {"uv": [0, 5, 1, 10], "texture": "#0"},
				"south": {"uv": [5, 0, 6, 5], "texture": "#0"},
				"west": {"uv": [1, 5, 2, 10], "texture": "#0"},
				"up": {"uv": [12, 9, 11, 8], "texture": "#0"},
				"down": {"uv": [12, 9, 11, 10], "texture": "#0"}
			}
		},
		{
			"from": [17.23137, 0.1, 5.71056],
			"to": [17.63137, 5.1, 6.81056],
			"rotation": {"angle": -45, "axis": "y", "origin": [9.63137, -7.9, -2.78944]},
			"faces": {
				"north": {"uv": [2, 5, 3, 10], "texture": "#0"},
				"east": {"uv": [3, 5, 4, 10], "texture": "#0"},
				"south": {"uv": [4, 5, 5, 10], "texture": "#0"},
				"west": {"uv": [5, 5, 6, 10], "texture": "#0"},
				"up": {"uv": [12, 11, 11, 10], "texture": "#0"},
				"down": {"uv": [12, 11, 11, 12], "texture": "#0"}
			}
		},
		{
			"from": [7.4, 0.1, 9.25564],
			"to": [8.5, 5.1, 9.65564],
			"rotation": {"angle": 0, "axis": "y", "origin": [0.6, -7.9, -0.04436]},
			"faces": {
				"north": {"uv": [6, 0, 7, 5], "texture": "#0"},
				"east": {"uv": [6, 5, 7, 10], "texture": "#0"},
				"south": {"uv": [7, 0, 8, 5], "texture": "#0"},
				"west": {"uv": [7, 5, 8, 10], "texture": "#0"},
				"up": {"uv": [13, 1, 12, 0], "texture": "#0"},
				"down": {"uv": [13, 1, 12, 2], "texture": "#0"}
			}
		},
		{
			"from": [10.17243, 0.1, 2.90675],
			"to": [11.27243, 5.1, 3.30675],
			"rotation": {"angle": -45, "axis": "y", "origin": [1.67243, -7.9, 1.80675]},
			"faces": {
				"north": {"uv": [8, 0, 9, 5], "texture": "#0"},
				"east": {"uv": [8, 5, 9, 10], "texture": "#0"},
				"south": {"uv": [9, 0, 10, 5], "texture": "#0"},
				"west": {"uv": [9, 5, 10, 10], "texture": "#0"},
				"up": {"uv": [13, 3, 12, 2], "texture": "#0"},
				"down": {"uv": [13, 3, 12, 4], "texture": "#0"}
			}
		},
		{
			"from": [8.86827, 0.1, 0.11091],
			"to": [9.96827, 5.1, 0.51091],
			"rotation": {"angle": -45, "axis": "y", "origin": [0.36827, -7.9, 3.11091]},
			"faces": {
				"north": {"uv": [0, 10, 1, 15], "texture": "#0"},
				"east": {"uv": [10, 0, 11, 5], "texture": "#0"},
				"south": {"uv": [1, 10, 2, 15], "texture": "#0"},
				"west": {"uv": [2, 10, 3, 15], "texture": "#0"},
				"up": {"uv": [13, 5, 12, 4], "texture": "#0"},
				"down": {"uv": [13, 5, 12, 6], "texture": "#0"}
			}
		},
		{
			"from": [6.62218, 0.1, 7.77782],
			"to": [7.02218, 5.1, 8.87782],
			"rotation": {"angle": 0, "axis": "y", "origin": [-0.97782, -7.9, -0.72218]},
			"faces": {
				"north": {"uv": [3, 10, 4, 15], "texture": "#0"},
				"east": {"uv": [4, 10, 5, 15], "texture": "#0"},
				"south": {"uv": [5, 10, 6, 15], "texture": "#0"},
				"west": {"uv": [10, 5, 11, 10], "texture": "#0"},
				"up": {"uv": [13, 7, 12, 6], "texture": "#0"},
				"down": {"uv": [13, 7, 12, 8], "texture": "#0"}
			}
		},
		{
			"from": [8.87782, 0.1, 7.77782],
			"to": [9.27782, 5.1, 8.87782],
			"rotation": {"angle": 0, "axis": "y", "origin": [1.27782, -7.9, -0.72218]},
			"faces": {
				"north": {"uv": [6, 10, 7, 15], "texture": "#0"},
				"east": {"uv": [7, 10, 8, 15], "texture": "#0"},
				"south": {"uv": [8, 10, 9, 15], "texture": "#0"},
				"west": {"uv": [9, 10, 10, 15], "texture": "#0"},
				"up": {"uv": [13, 9, 12, 8], "texture": "#0"},
				"down": {"uv": [13, 9, 12, 10], "texture": "#0"}
			}
		},
		{
			"name": "hexadecagon",
			"from": [7.70054, 18.25, 7.7],
			"to": [8.09946, 18.75, 8.9],
			"rotation": {"angle": -45, "axis": "y", "origin": [7.9, 18.5, 8.3]},
			"faces": {
				"north": {"uv": [0, 6, 1, 7], "texture": "#0"},
				"east": {"uv": [2, 6, 3, 7], "texture": "#0"},
				"south": {"uv": [0, 8, 1, 9], "texture": "#0"},
				"west": {"uv": [1, 8, 2, 9], "texture": "#0"},
				"up": {"uv": [9, 2, 8, 1], "texture": "#0"},
				"down": {"uv": [3, 8, 2, 9], "texture": "#0"}
			}
		},
		{
			"name": "hexadecagon",
			"from": [7.70054, 18.25, 7.7],
			"to": [8.09946, 18.75, 8.9],
			"rotation": {"angle": -22.5, "axis": "y", "origin": [7.9, 18.5, 8.3]},
			"faces": {
				"north": {"uv": [8, 2, 9, 3], "texture": "#0"},
				"east": {"uv": [3, 8, 4, 9], "texture": "#0"},
				"south": {"uv": [8, 3, 9, 4], "texture": "#0"},
				"west": {"uv": [4, 8, 5, 9], "texture": "#0"},
				"up": {"uv": [9, 5, 8, 4], "texture": "#0"},
				"down": {"uv": [6, 8, 5, 9], "texture": "#0"}
			}
		},
		{
			"name": "hexadecagon",
			"from": [7.70054, 18.25, 7.7],
			"to": [8.09946, 18.75, 8.9],
			"rotation": {"angle": 0, "axis": "y", "origin": [7.9, 18.5, 8.3]},
			"faces": {
				"north": {"uv": [8, 5, 9, 6], "texture": "#0"},
				"east": {"uv": [6, 8, 7, 9], "texture": "#0"},
				"south": {"uv": [7, 8, 8, 9], "texture": "#0"},
				"west": {"uv": [8, 7, 9, 8], "texture": "#0"},
				"up": {"uv": [9, 9, 8, 8], "texture": "#0"},
				"down": {"uv": [1, 9, 0, 10], "texture": "#0"}
			}
		},
		{
			"name": "hexadecagon",
			"from": [7.70054, 18.25, 7.7],
			"to": [8.09946, 18.75, 8.9],
			"rotation": {"angle": 22.5, "axis": "y", "origin": [7.9, 18.5, 8.3]},
			"faces": {
				"north": {"uv": [9, 0, 10, 1], "texture": "#0"},
				"east": {"uv": [1, 9, 2, 10], "texture": "#0"},
				"south": {"uv": [9, 1, 10, 2], "texture": "#0"},
				"west": {"uv": [2, 9, 3, 10], "texture": "#0"},
				"up": {"uv": [10, 3, 9, 2], "texture": "#0"},
				"down": {"uv": [4, 9, 3, 10], "texture": "#0"}
			}
		},
		{
			"name": "hexadecagon",
			"from": [7.70054, 18.25, 7.7],
			"to": [8.09946, 18.75, 8.9],
			"rotation": {"angle": 45, "axis": "y", "origin": [7.9, 18.5, 8.3]},
			"faces": {
				"north": {"uv": [9, 3, 10, 4], "texture": "#0"},
				"east": {"uv": [4, 9, 5, 10], "texture": "#0"},
				"south": {"uv": [9, 4, 10, 5], "texture": "#0"},
				"west": {"uv": [5, 9, 6, 10], "texture": "#0"},
				"up": {"uv": [10, 6, 9, 5], "texture": "#0"},
				"down": {"uv": [7, 9, 6, 10], "texture": "#0"}
			}
		},
		{
			"name": "hexadecagon",
			"from": [7.3, 18.25, 8.10054],
			"to": [8.5, 18.75, 8.49946],
			"rotation": {"angle": -22.5, "axis": "y", "origin": [7.9, 18.5, 8.3]},
			"faces": {
				"north": {"uv": [9, 6, 10, 7], "texture": "#0"},
				"east": {"uv": [7, 9, 8, 10], "texture": "#0"},
				"south": {"uv": [9, 7, 10, 8], "texture": "#0"},
				"west": {"uv": [8, 9, 9, 10], "texture": "#0"},
				"up": {"uv": [10, 9, 9, 8], "texture": "#0"},
				"down": {"uv": [10, 9, 9, 10], "texture": "#0"}
			}
		},
		{
			"name": "hexadecagon",
			"from": [7.3, 18.25, 8.10054],
			"to": [8.5, 18.75, 8.49946],
			"rotation": {"angle": 0, "axis": "y", "origin": [7.9, 18.5, 8.3]},
			"faces": {
				"north": {"uv": [0, 10, 1, 11], "texture": "#0"},
				"east": {"uv": [10, 0, 11, 1], "texture": "#0"},
				"south": {"uv": [1, 10, 2, 11], "texture": "#0"},
				"west": {"uv": [10, 1, 11, 2], "texture": "#0"},
				"up": {"uv": [3, 11, 2, 10], "texture": "#0"},
				"down": {"uv": [11, 2, 10, 3], "texture": "#0"}
			}
		},
		{
			"name": "hexadecagon",
			"from": [7.3, 18.25, 8.10054],
			"to": [8.5, 18.75, 8.49946],
			"rotation": {"angle": 22.5, "axis": "y", "origin": [7.9, 18.5, 8.3]},
			"faces": {
				"north": {"uv": [3, 10, 4, 11], "texture": "#0"},
				"east": {"uv": [10, 3, 11, 4], "texture": "#0"},
				"south": {"uv": [4, 10, 5, 11], "texture": "#0"},
				"west": {"uv": [10, 4, 11, 5], "texture": "#0"},
				"up": {"uv": [6, 11, 5, 10], "texture": "#0"},
				"down": {"uv": [11, 5, 10, 6], "texture": "#0"}
			}
		},
		{
			"name": "hexadecagon",
			"from": [7.60054, 18.55, 7.6],
			"to": [8.19946, 19.05, 9],
			"rotation": {"angle": -45, "axis": "y", "origin": [7.9, 18.8, 8.3]},
			"faces": {
				"north": {"uv": [6, 10, 7, 11], "texture": "#0"},
				"east": {"uv": [10, 6, 11, 7], "texture": "#0"},
				"south": {"uv": [7, 10, 8, 11], "texture": "#0"},
				"west": {"uv": [10, 7, 11, 8], "texture": "#0"},
				"up": {"uv": [9, 11, 8, 10], "texture": "#0"},
				"down": {"uv": [11, 8, 10, 9], "texture": "#0"}
			}
		},
		{
			"name": "hexadecagon",
			"from": [7.60054, 18.55, 7.6],
			"to": [8.19946, 19.05, 9],
			"rotation": {"angle": -22.5, "axis": "y", "origin": [7.9, 18.8, 8.3]},
			"faces": {
				"north": {"uv": [9, 10, 10, 11], "texture": "#0"},
				"east": {"uv": [10, 9, 11, 10], "texture": "#0"},
				"south": {"uv": [10, 10, 11, 11], "texture": "#0"},
				"west": {"uv": [0, 11, 1, 12], "texture": "#0"},
				"up": {"uv": [12, 1, 11, 0], "texture": "#0"},
				"down": {"uv": [2, 11, 1, 12], "texture": "#0"}
			}
		},
		{
			"name": "hexadecagon",
			"from": [7.60054, 18.55, 7.6],
			"to": [8.19946, 19.05, 9],
			"rotation": {"angle": 0, "axis": "y", "origin": [7.9, 18.8, 8.3]},
			"faces": {
				"north": {"uv": [11, 1, 12, 2], "texture": "#0"},
				"east": {"uv": [2, 11, 3, 12], "texture": "#0"},
				"south": {"uv": [11, 2, 12, 3], "texture": "#0"},
				"west": {"uv": [3, 11, 4, 12], "texture": "#0"},
				"up": {"uv": [12, 4, 11, 3], "texture": "#0"},
				"down": {"uv": [5, 11, 4, 12], "texture": "#0"}
			}
		},
		{
			"name": "hexadecagon",
			"from": [7.60054, 18.55, 7.6],
			"to": [8.19946, 19.05, 9],
			"rotation": {"angle": 22.5, "axis": "y", "origin": [7.9, 18.8, 8.3]},
			"faces": {
				"north": {"uv": [11, 4, 12, 5], "texture": "#0"},
				"east": {"uv": [5, 11, 6, 12], "texture": "#0"},
				"south": {"uv": [11, 5, 12, 6], "texture": "#0"},
				"west": {"uv": [6, 11, 7, 12], "texture": "#0"},
				"up": {"uv": [12, 7, 11, 6], "texture": "#0"},
				"down": {"uv": [8, 11, 7, 12], "texture": "#0"}
			}
		},
		{
			"name": "hexadecagon",
			"from": [7.60054, 18.55, 7.6],
			"to": [8.19946, 19.05, 9],
			"rotation": {"angle": 45, "axis": "y", "origin": [7.9, 18.8, 8.3]},
			"faces": {
				"north": {"uv": [11, 7, 12, 8], "texture": "#0"},
				"east": {"uv": [8, 11, 9, 12], "texture": "#0"},
				"south": {"uv": [11, 8, 12, 9], "texture": "#0"},
				"west": {"uv": [9, 11, 10, 12], "texture": "#0"},
				"up": {"uv": [12, 10, 11, 9], "texture": "#0"},
				"down": {"uv": [11, 11, 10, 12], "texture": "#0"}
			}
		},
		{
			"name": "hexadecagon",
			"from": [7.2, 18.55, 8.00054],
			"to": [8.6, 19.05, 8.59946],
			"rotation": {"angle": -22.5, "axis": "y", "origin": [7.9, 18.8, 8.3]},
			"faces": {
				"north": {"uv": [11, 10, 12, 11], "texture": "#0"},
				"east": {"uv": [11, 11, 12, 12], "texture": "#0"},
				"south": {"uv": [0, 12, 1, 13], "texture": "#0"},
				"west": {"uv": [12, 0, 13, 1], "texture": "#0"},
				"up": {"uv": [2, 13, 1, 12], "texture": "#0"},
				"down": {"uv": [13, 1, 12, 2], "texture": "#0"}
			}
		},
		{
			"name": "hexadecagon",
			"from": [7.2, 18.55, 8.00054],
			"to": [8.6, 19.05, 8.59946],
			"rotation": {"angle": 0, "axis": "y", "origin": [7.9, 18.8, 8.3]},
			"faces": {
				"north": {"uv": [2, 12, 3, 13], "texture": "#0"},
				"east": {"uv": [12, 2, 13, 3], "texture": "#0"},
				"south": {"uv": [3, 12, 4, 13], "texture": "#0"},
				"west": {"uv": [12, 3, 13, 4], "texture": "#0"},
				"up": {"uv": [5, 13, 4, 12], "texture": "#0"},
				"down": {"uv": [13, 4, 12, 5], "texture": "#0"}
			}
		},
		{
			"name": "hexadecagon",
			"from": [7.2, 18.55, 8.00054],
			"to": [8.6, 19.05, 8.59946],
			"rotation": {"angle": 22.5, "axis": "y", "origin": [7.9, 18.8, 8.3]},
			"faces": {
				"north": {"uv": [5, 12, 6, 13], "texture": "#0"},
				"east": {"uv": [12, 5, 13, 6], "texture": "#0"},
				"south": {"uv": [6, 12, 7, 13], "texture": "#0"},
				"west": {"uv": [12, 6, 13, 7], "texture": "#0"},
				"up": {"uv": [8, 13, 7, 12], "texture": "#0"},
				"down": {"uv": [13, 7, 12, 8], "texture": "#0"}
			}
		},
		{
			"name": "hexadecagon",
			"from": [7.50054, 18.75, 7.5],
			"to": [8.29946, 19.25, 9.1],
			"rotation": {"angle": -45, "axis": "y", "origin": [7.9, 19, 8.3]},
			"faces": {
				"north": {"uv": [8, 12, 9, 13], "texture": "#0"},
				"east": {"uv": [0, 0, 2, 1], "texture": "#0"},
				"south": {"uv": [12, 8, 13, 9], "texture": "#0"},
				"west": {"uv": [0, 1, 2, 2], "texture": "#0"},
				"up": {"uv": [1, 4, 0, 2], "texture": "#0"},
				"down": {"uv": [3, 0, 2, 2], "texture": "#0"}
			}
		},
		{
			"name": "hexadecagon",
			"from": [7.50054, 18.75, 7.5],
			"to": [8.29946, 19.25, 9.1],
			"rotation": {"angle": -22.5, "axis": "y", "origin": [7.9, 19, 8.3]},
			"faces": {
				"north": {"uv": [9, 12, 10, 13], "texture": "#0"},
				"east": {"uv": [1, 2, 3, 3], "texture": "#0"},
				"south": {"uv": [12, 9, 13, 10], "texture": "#0"},
				"west": {"uv": [3, 0, 5, 1], "texture": "#0"},
				"up": {"uv": [2, 5, 1, 3], "texture": "#0"},
				"down": {"uv": [4, 1, 3, 3], "texture": "#0"}
			}
		},
		{
			"name": "hexadecagon",
			"from": [7.50054, 18.75, 7.5],
			"to": [8.29946, 19.25, 9.1],
			"rotation": {"angle": 0, "axis": "y", "origin": [7.9, 19, 8.3]},
			"faces": {
				"north": {"uv": [10, 12, 11, 13], "texture": "#0"},
				"east": {"uv": [2, 3, 4, 4], "texture": "#0"},
				"south": {"uv": [12, 10, 13, 11], "texture": "#0"},
				"west": {"uv": [4, 1, 6, 2], "texture": "#0"},
				"up": {"uv": [1, 6, 0, 4], "texture": "#0"},
				"down": {"uv": [3, 4, 2, 6], "texture": "#0"}
			}
		},
		{
			"name": "hexadecagon",
			"from": [7.50054, 18.75, 7.5],
			"to": [8.29946, 19.25, 9.1],
			"rotation": {"angle": 22.5, "axis": "y", "origin": [7.9, 19, 8.3]},
			"faces": {
				"north": {"uv": [11, 12, 12, 13], "texture": "#0"},
				"east": {"uv": [4, 2, 6, 3], "texture": "#0"},
				"south": {"uv": [12, 11, 13, 12], "texture": "#0"},
				"west": {"uv": [3, 4, 5, 5], "texture": "#0"},
				"up": {"uv": [2, 7, 1, 5], "texture": "#0"},
				"down": {"uv": [4, 5, 3, 7], "texture": "#0"}
			}
		},
		{
			"name": "hexadecagon",
			"from": [7.50054, 18.75, 7.5],
			"to": [8.29946, 19.25, 9.1],
			"rotation": {"angle": 45, "axis": "y", "origin": [7.9, 19, 8.3]},
			"faces": {
				"north": {"uv": [12, 12, 13, 13], "texture": "#0"},
				"east": {"uv": [4, 3, 6, 4], "texture": "#0"},
				"south": {"uv": [0, 13, 1, 14], "texture": "#0"},
				"west": {"uv": [5, 0, 7, 1], "texture": "#0"},
				"up": {"uv": [5, 7, 4, 5], "texture": "#0"},
				"down": {"uv": [6, 4, 5, 6], "texture": "#0"}
			}
		},
		{
			"name": "hexadecagon",
			"from": [7.1, 18.75, 7.90054],
			"to": [8.7, 19.25, 8.69946],
			"rotation": {"angle": -22.5, "axis": "y", "origin": [7.9, 19, 8.3]},
			"faces": {
				"north": {"uv": [6, 1, 8, 2], "texture": "#0"},
				"east": {"uv": [13, 0, 14, 1], "texture": "#0"},
				"south": {"uv": [6, 2, 8, 3], "texture": "#0"},
				"west": {"uv": [1, 13, 2, 14], "texture": "#0"},
				"up": {"uv": [8, 4, 6, 3], "texture": "#0"},
				"down": {"uv": [8, 4, 6, 5], "texture": "#0"}
			}
		},
		{
			"name": "hexadecagon",
			"from": [7.1, 18.75, 7.90054],
			"to": [8.7, 19.25, 8.69946],
			"rotation": {"angle": 0, "axis": "y", "origin": [7.9, 19, 8.3]},
			"faces": {
				"north": {"uv": [5, 6, 7, 7], "texture": "#0"},
				"east": {"uv": [13, 1, 14, 2], "texture": "#0"},
				"south": {"uv": [6, 5, 8, 6], "texture": "#0"},
				"west": {"uv": [2, 13, 3, 14], "texture": "#0"},
				"up": {"uv": [2, 8, 0, 7], "texture": "#0"},
				"down": {"uv": [9, 0, 7, 1], "texture": "#0"}
			}
		},
		{
			"name": "hexadecagon",
			"from": [7.1, 18.75, 7.90054],
			"to": [8.7, 19.25, 8.69946],
			"rotation": {"angle": 22.5, "axis": "y", "origin": [7.9, 19, 8.3]},
			"faces": {
				"north": {"uv": [2, 7, 4, 8], "texture": "#0"},
				"east": {"uv": [13, 2, 14, 3], "texture": "#0"},
				"south": {"uv": [4, 7, 6, 8], "texture": "#0"},
				"west": {"uv": [3, 13, 4, 14], "texture": "#0"},
				"up": {"uv": [8, 8, 6, 7], "texture": "#0"},
				"down": {"uv": [9, 6, 7, 7], "texture": "#0"}
			}
		},
		{
			"name": "hexadecagon",
			"from": [12.95, 20.60218, 6.4],
			"to": [14.15, 21.39782, 10.4],
			"rotation": {"angle": -45, "axis": "x", "origin": [13.2, 21, 8.4]},
			"faces": {
				"north": {"uv": [7, 2, 8, 3], "texture": "#1"},
				"east": {"uv": [0, 4, 4, 5], "texture": "#1"},
				"south": {"uv": [7, 16, 7, 15], "texture": "#1"},
				"west": {"uv": [0, 3, 4, 4], "texture": "#1"},
				"up": {"uv": [1, 12, 0, 8], "texture": "#1"},
				"down": {"uv": [1, 6, 0, 10], "texture": "#1"}
			}
		},
		{
			"name": "hexadecagon",
			"from": [12.95, 20.60218, 6.4],
			"to": [14.15, 21.39782, 10.4],
			"rotation": {"angle": -22.5, "axis": "x", "origin": [13.2, 21, 8.4]},
			"faces": {
				"north": {"uv": [8, 2, 9, 3], "texture": "#1"},
				"east": {"uv": [2, 6, 6, 7], "texture": "#1"},
				"south": {"uv": [8, 16, 8, 15], "texture": "#1"},
				"west": {"uv": [2, 5, 6, 6], "texture": "#1"},
				"up": {"uv": [3, 14, 2, 10], "texture": "#1"},
				"down": {"uv": [3, 8, 2, 12], "texture": "#1"}
			}
		},
		{
			"name": "hexadecagon",
			"from": [12.95, 20.60218, 6.4],
			"to": [14.15, 21.39782, 10.4],
			"rotation": {"angle": 0, "axis": "y", "origin": [13.2, 21, 8.4]},
			"faces": {
				"north": {"uv": [7, 12, 8, 13], "texture": "#1"},
				"east": {"uv": [4, 4, 8, 5], "texture": "#1"},
				"south": {"uv": [9, 16, 9, 16], "texture": "#1"},
				"west": {"uv": [4, 3, 8, 4], "texture": "#1"},
				"up": {"uv": [5, 14, 4, 10], "texture": "#1"},
				"down": {"uv": [5, 8, 4, 12], "texture": "#1"}
			}
		},
		{
			"name": "hexadecagon",
			"from": [12.95, 20.60218, 6.4],
			"to": [14.15, 21.39782, 10.4],
			"rotation": {"angle": 22.5, "axis": "x", "origin": [13.2, 21, 8.4]},
			"faces": {
				"north": {"uv": [8, 12, 9, 13], "texture": "#1"},
				"east": {"uv": [6, 6, 10, 7], "texture": "#1"},
				"south": {"uv": [9, 16, 9, 16], "texture": "#1"},
				"west": {"uv": [6, 5, 10, 6], "texture": "#1"},
				"up": {"uv": [1, 16, 0, 12], "texture": "#1"},
				"down": {"uv": [1, 10, 0, 14], "texture": "#1"}
			}
		},
		{
			"name": "hexadecagon",
			"from": [12.95, 20.60218, 6.4],
			"to": [14.15, 21.39782, 10.4],
			"rotation": {"angle": 45, "axis": "x", "origin": [13.2, 21, 8.4]},
			"faces": {
				"north": {"uv": [9, 12, 10, 13], "texture": "#1"},
				"east": {"uv": [6, 8, 10, 9], "texture": "#1"},
				"south": {"uv": [10, 16, 10, 14], "texture": "#1"},
				"west": {"uv": [6, 7, 10, 8], "texture": "#1"},
				"up": {"uv": [7, 16, 6, 12], "texture": "#1"},
				"down": {"uv": [7, 10, 6, 14], "texture": "#1"}
			}
		},
		{
			"name": "hexadecagon",
			"from": [12.95, 19, 8.00218],
			"to": [14.15, 23, 8.79782],
			"rotation": {"angle": -22.5, "axis": "x", "origin": [13.2, 21, 8.4]},
			"faces": {
				"north": {"uv": [1, 10, 2, 14], "texture": "#1"},
				"east": {"uv": [3, 12, 4, 16], "texture": "#1"},
				"south": {"uv": [3, 16, 3, 16], "texture": "#1"},
				"west": {"uv": [5, 10, 6, 14], "texture": "#1"},
				"up": {"uv": [12, 8, 11, 7], "texture": "#1"},
				"down": {"uv": [11, 6, 10, 7], "texture": "#1"}
			}
		},
		{
			"name": "hexadecagon",
			"from": [12.95, 19, 8.00218],
			"to": [14.15, 23, 8.79782],
			"rotation": {"angle": 0, "axis": "y", "origin": [13.2, 21, 8.4]},
			"faces": {
				"north": {"uv": [7, 8, 8, 12], "texture": "#1"},
				"east": {"uv": [9, 10, 10, 14], "texture": "#1"},
				"south": {"uv": [0, 16, 0, 16], "texture": "#1"},
				"west": {"uv": [10, 2, 11, 6], "texture": "#1"},
				"up": {"uv": [12, 10, 11, 9], "texture": "#1"},
				"down": {"uv": [11, 8, 10, 9], "texture": "#1"}
			}
		},
		{
			"name": "hexadecagon",
			"from": [12.95, 19, 8.00218],
			"to": [14.15, 23, 8.79782],
			"rotation": {"angle": 22.5, "axis": "x", "origin": [13.2, 21, 8.4]},
			"faces": {
				"north": {"uv": [0, 12, 1, 16], "texture": "#1"},
				"east": {"uv": [10, 8, 11, 12], "texture": "#1"},
				"south": {"uv": [5, 16, 5, 16], "texture": "#1"},
				"west": {"uv": [7, 12, 8, 16], "texture": "#1"},
				"up": {"uv": [12, 12, 11, 11], "texture": "#1"},
				"down": {"uv": [11, 10, 10, 11], "texture": "#1"}
			}
		},
		{
			"from": [6.3, 4, 7.9],
			"to": [6.7, 4.4, 8.7],
			"rotation": {"angle": 0, "axis": "y", "origin": [0, -7.9, 0]},
			"faces": {
				"north": {"uv": [3, 2, 4, 3], "texture": "#0"},
				"east": {"uv": [3, 3, 4, 4], "texture": "#0"},
				"south": {"uv": [0, 4, 1, 5], "texture": "#0"},
				"west": {"uv": [1, 4, 2, 5], "texture": "#0"},
				"up": {"uv": [3, 5, 2, 4], "texture": "#0"},
				"down": {"uv": [5, 2, 4, 3], "texture": "#0"}
			}
		},
		{
			"from": [10.4288, 4.32399, 7.9],
			"to": [11.1288, 4.72399, 8.7],
			"rotation": {"angle": 22.5, "axis": "z", "origin": [9.5288, -7.57601, 0]},
			"faces": {
				"north": {"uv": [3, 4, 4, 5], "texture": "#0"},
				"east": {"uv": [4, 3, 5, 4], "texture": "#0"},
				"south": {"uv": [4, 4, 5, 5], "texture": "#0"},
				"west": {"uv": [0, 5, 1, 6], "texture": "#0"},
				"up": {"uv": [6, 1, 5, 0], "texture": "#0"},
				"down": {"uv": [2, 5, 1, 6], "texture": "#0"}
			}
		},
		{
			"from": [14.11933, 6.20334, 7.9],
			"to": [14.81933, 6.60334, 8.7],
			"rotation": {"angle": 45, "axis": "z", "origin": [13.21933, -5.69666, 0]},
			"faces": {
				"north": {"uv": [5, 1, 6, 2], "texture": "#0"},
				"east": {"uv": [2, 5, 3, 6], "texture": "#0"},
				"south": {"uv": [5, 2, 6, 3], "texture": "#0"},
				"west": {"uv": [3, 5, 4, 6], "texture": "#0"},
				"up": {"uv": [6, 4, 5, 3], "texture": "#0"},
				"down": {"uv": [5, 5, 4, 6], "texture": "#0"}
			}
		},
		{
			"from": [3.60973, -1.64807, 7.9],
			"to": [4.00973, -0.94807, 8.7],
			"rotation": {"angle": -22.5, "axis": "z", "origin": [15.90973, -2.54807, 0]},
			"faces": {
				"north": {"uv": [5, 4, 6, 5], "texture": "#0"},
				"east": {"uv": [5, 5, 6, 6], "texture": "#0"},
				"south": {"uv": [0, 6, 1, 7], "texture": "#0"},
				"west": {"uv": [6, 0, 7, 1], "texture": "#0"},
				"up": {"uv": [2, 7, 1, 6], "texture": "#0"},
				"down": {"uv": [7, 1, 6, 2], "texture": "#0"}
			}
		},
		{
			"from": [4.89043, 0.69043, 7.9],
			"to": [5.29043, 2.99043, 8.7],
			"rotation": {"angle": 0, "axis": "y", "origin": [17.19043, 1.39043, 0]},
			"faces": {
				"north": {"uv": [0, 0, 1, 2], "texture": "#0"},
				"east": {"uv": [1, 0, 2, 2], "texture": "#0"},
				"south": {"uv": [0, 2, 1, 4], "texture": "#0"},
				"west": {"uv": [2, 0, 3, 2], "texture": "#0"},
				"up": {"uv": [3, 7, 2, 6], "texture": "#0"},
				"down": {"uv": [7, 2, 6, 3], "texture": "#0"}
			}
		},
		{
			"from": [5.29043, 0.69043, 7.9],
			"to": [6.79043, 0.89043, 8.7],
			"rotation": {"angle": 0, "axis": "y", "origin": [17.19043, 1.39043, 0]},
			"faces": {
				"north": {"uv": [1, 2, 3, 3], "texture": "#0"},
				"east": {"uv": [3, 6, 4, 7], "texture": "#0"},
				"south": {"uv": [3, 0, 5, 1], "texture": "#0"},
				"west": {"uv": [6, 3, 7, 4], "texture": "#0"},
				"up": {"uv": [3, 4, 1, 3], "texture": "#0"},
				"down": {"uv": [5, 1, 3, 2], "texture": "#0"}
			}
		}
	],
	"display": {
		"thirdperson_righthand": {
			"rotation": [30.45, 84.86, -28.95],
			"translation": [-0.5, -3.25, 0]
		},
		"thirdperson_lefthand": {
			"rotation": [173.71, -88.57, 171.68],
			"translation": [0.5, -3.5, 0]
		},
		"firstperson_righthand": {
			"rotation": [-180, 90, -180],
			"translation": [1.5, -2.5, 0],
			"scale": [0.69, 0.69, 0.69]
		},
		"firstperson_lefthand": {
			"rotation": [-180, -90, 180],
			"translation": [1.5, -2.5, 0],
			"scale": [0.69, 0.69, 0.69]
		},
		"gui": {
			"translation": [0, -2.75, 0],
			"scale": [0.65, 0.65, 0.65]
		},
		"fixed": {
			"rotation": [0, 0, -47],
			"translation": [-2.25, -3.25, -1.75],
			"scale": [0.79, 0.79, 0.79]
		}
	},
	"groups": [
		{
			"name": "gotap",
			"origin": [8, 8, 8],
			"color": 0,
			"nbt": "{}",
			"armAnimationEnabled": false,
			"children": [0, 1, 2, 3, 4, 5, 6, 7, 8, 9, 10, 11, 12, 13]
		},
		{
			"name": "BRWI",
			"origin": [8, 8, 8],
			"color": 0,
			"nbt": "{}",
			"armAnimationEnabled": false,
			"children": [14, 15, 16, 17, 18]
		},
		{
			"name": "123",
			"origin": [8, 8, 8],
			"color": 0,
			"nbt": "{}",
			"armAnimationEnabled": false,
			"children": [
				19,
				20,
				21,
				22,
				23,
				24,
				{
					"name": "123",
					"origin": [8, 8, 8],
					"color": 0,
					"nbt": "{}",
					"armAnimationEnabled": false,
					"children": [25, 26, 27, 28, 29, 30]
				}
			]
		},
		{
			"name": "hexadecagon",
			"origin": [8, 8, 8],
			"color": 8,
			"nbt": "{}",
			"armAnimationEnabled": false,
			"children": [
				31,
				32,
				33,
				34,
				35,
				36,
				37,
				38,
				{
					"name": "hexadecagon",
					"origin": [8, 8, 8],
					"color": 8,
					"nbt": "{}",
					"armAnimationEnabled": false,
					"children": [39, 40, 41, 42, 43, 44, 45, 46]
				}
			]
		},
		{
			"name": "hexadecagon",
			"origin": [8, 8, 8],
			"color": 1,
			"nbt": "{}",
			"armAnimationEnabled": false,
			"children": [
				47,
				48,
				49,
				50,
				51,
				52,
				53,
				54,
				{
					"name": "hexadecagon",
					"origin": [8, 8, 8],
					"color": 1,
					"nbt": "{}",
					"armAnimationEnabled": false,
					"children": [55, 56, 57, 58, 59, 60, 61, 62]
				}
			]
		},
		{
			"name": "guziki",
			"origin": [8, 8, 8],
			"color": 0,
			"nbt": "{}",
			"armAnimationEnabled": false,
			"children": [
				{
					"name": "hexadecagon",
					"origin": [8, 8, 8],
					"color": 1,
					"nbt": "{}",
					"armAnimationEnabled": false,
					"children": [63, 64, 65, 66, 67, 68, 69, 70]
				},
				{
					"name": "hexadecagon",
					"origin": [8, 8, 8],
					"color": 1,
					"nbt": "{}",
					"armAnimationEnabled": false,
					"children": [71, 72, 73, 74, 75, 76, 77, 78]
				},
				{
					"name": "hexadecagon",
					"origin": [8, 8, 8],
					"color": 1,
					"nbt": "{}",
					"armAnimationEnabled": false,
					"children": [79, 80, 81, 82, 83, 84, 85, 86]
				}
			]
		},
		{
			"name": "raczka",
			"origin": [8, 8, 8],
			"color": 0,
			"nbt": "{}",
			"armAnimationEnabled": false,
			"children": [
				{
					"name": "hexadecagon",
					"origin": [8, 8, 8],
					"color": 0,
					"nbt": "{}",
					"armAnimationEnabled": false,
					"children": [87, 88, 89, 90, 91, 92, 93, 94]
				},
				{
					"name": "hexadecagon",
					"origin": [8, 8, 8],
					"color": 1,
					"nbt": "{}",
					"armAnimationEnabled": false,
					"children": [95, 96, 97, 98, 99, 100, 101, 102]
				},
				{
					"name": "hexadecagon",
					"origin": [8, 8, 8],
					"color": 7,
					"nbt": "{}",
					"armAnimationEnabled": false,
					"children": [103, 104, 105, 106, 107, 108, 109, 110]
				},
				{
					"name": "hexadecagon",
					"origin": [8, 8, 8],
					"color": 4,
					"nbt": "{}",
					"armAnimationEnabled": false,
					"children": [111, 112, 113, 114, 115, 116, 117, 118]
				}
			]
		},
		{
			"name": "dol",
			"origin": [8, 8, 8],
			"color": 0,
			"nbt": "{}",
			"armAnimationEnabled": false,
			"children": [119, 120, 121, 122, 123, 124, 125, 126, 127, 128, 129]
		},
		{
			"name": "pgora",
			"origin": [8, 8, 8],
			"color": 0,
			"nbt": "{}",
			"armAnimationEnabled": false,
			"children": [
				{
					"name": "hexadecagon",
					"origin": [8, 8, 8],
					"color": 8,
					"nbt": "{}",
					"armAnimationEnabled": false,
					"children": [130, 131, 132, 133, 134, 135, 136, 137]
				},
				{
					"name": "hexadecagon",
					"origin": [8, 8, 8],
					"color": 8,
					"nbt": "{}",
					"armAnimationEnabled": false,
					"children": [138, 139, 140, 141, 142, 143, 144, 145]
				},
				{
					"name": "hexadecagon",
					"origin": [8, 8, 8],
					"color": 8,
					"nbt": "{}",
					"armAnimationEnabled": false,
					"children": [146, 147, 148, 149, 150, 151, 152, 153]
				}
			]
		},
		{
			"name": "hexadecagon",
			"origin": [8, 8, 8],
			"color": 0,
			"nbt": "{}",
			"armAnimationEnabled": false,
			"children": [154, 155, 156, 157, 158, 159, 160, 161]
		},
		{
			"name": "1234",
			"origin": [8, 8, 8],
			"color": 0,
			"nbt": "{}",
			"armAnimationEnabled": false,
			"children": [162, 163, 164, 165, 166, 167]
		}
	]
}