{
  "parent": "minecraft:item/handheld",
  "textures": {
    "layer0": "minecraft:item/diamond_pickaxe"
  },
  "overrides": [
 {"predicate": {"custom_model_data":1}, "model": "item/pickaxe/banana"},
 {"predicate": {"custom_model_data":2}, "model": "item/pickaxe/big"},
 {"predicate": {"custom_model_data":3}, "model": "item/pickaxe/cyber"},
 {"predicate": {"custom_model_data":4}, "model": "item/pickaxe/fpic"},
 {"predicate": {"custom_model_data":5}, "model": "item/pickaxe/gold"},
 {"predicate": {"custom_model_data":6}, "model": "item/pickaxe/hot_dog"}
 ]
}